text,author,created_at,uri,scraped_at
"How can “storying” —the act of creating and sharing stories to find, suggest, and transmit meaning — shape the way we grow and heal following climate impacts like wildfire?",resilienceinstitute.ca,2025-11-03T20:39:24.340088Z,at://did:plc:jeva2qooz7kjzr56byjwbdpk/app.bsky.feed.post/3m4quuzeewq2l,2025-11-03T20:40:07.422722+00:00
"@billkellypodcast.bsky.social ""Don't listen to PP""
#Bluesky #Politics #Resist #Democracy #Resistance #Canadasky #Canada #cdnpoli #Boycotts #America #𝓢𝓽𝓮𝓿𝓮𝓜𝓲𝓵𝓮𝓼𝓝𝓮𝓽 #neverthe51ststate #BoycottUsCars #MarkCarney #NeverVoteConservative #NeverPierrePoilievre
youtu.be/FgH2CHDjqNc?...",stevemilesnet.bsky.social,2025-11-03T20:39:09.935Z,at://did:plc:px2esgvbnl7ransisaced6wu/app.bsky.feed.post/3m4quuliags2r,2025-11-03T20:40:07.422742+00:00
"Scenic drives through the Canadian Rockies 🚗🌄 (Icefields Parkway, Alberta, Canada)

#canada #alberta #canadianrockies #travel #autumn #fall #roadtrip #photography",argenel.bsky.social,2025-11-03T20:39:04.659Z,at://did:plc:bezg2lqbvlpc52ejad25wlj2/app.bsky.feed.post/3m4quughey22e,2025-11-03T20:40:07.422745+00:00
"Talk is fine. Spending that much money/locking us into a deal without consulting Canada isn't fine. A lot of people are saying wait and see, but when his budget comes out and decimates public services, will they then see that it's a problem and do something about it?",dooodlebugg83.bsky.social,2025-11-03T20:38:56.969Z,at://did:plc:jwiqvf3wxqcqlqy7aght25zo/app.bsky.feed.post/3m4quu74je22q,2025-11-03T20:40:07.422748+00:00
Lunatics in thinking anyone in Canada is going to vote for someone who says AI must become as dear to them as their two most sacred things 😅 (third is the store called Canadian Tire🙏),palomar-qfwfq.bsky.social,2025-11-03T20:38:22.591Z,at://did:plc:gv3pxhyytw6rihwvunu4l6jy/app.bsky.feed.post/3m4qut6dh222u,2025-11-03T20:40:07.422750+00:00
Radio-Canada Info:  Doug Ford sommé à maintes reprises de retirer ses publicités contre les tarifs douaniers ,aricierss.bsky.social,2025-11-03T20:38:19.141Z,at://did:plc:2rker5jsweiukz55nxst6hjk/app.bsky.feed.post/3m4qut35xou2p,2025-11-03T20:40:07.422752+00:00
CBC Canada: Carly Rae Jepsen announces pregnancy,aricierss.bsky.social,2025-11-03T20:38:17.180Z,at://did:plc:2rker5jsweiukz55nxst6hjk/app.bsky.feed.post/3m4quszb7al2x,2025-11-03T20:40:07.422754+00:00
"Donc si on récapitule :

📍Montréal : droite 
📍Le Québec : droite (de plus en plus) 
📍Le Canada : centre-droit (mais plus à droite qu’au centre)
📍Les États-Unis : droite (droite dure)
…",matcarbasse.bsky.social,2025-11-03T20:38:09.083Z,at://did:plc:xweyqeta67tevm3ywxmidouc/app.bsky.feed.post/3m4qusrh6ns2f,2025-11-03T20:40:07.422756+00:00
"🍆Bathhouse Babylon🍆

What you’ve always wanted to know about the bathhouse world. 💥

🔥Bathhouse Babylon is available on Amazon and other online retailers.

🌈 rb.gy/mkpujv 

#book #bathhouse #gay #lgbtq #fetish #sauna #ebook #steambath #usa #canada #uk #europe #sex",gayriviera.bsky.social,2025-11-03T20:37:54.423Z,at://did:plc:slioqpdnlm4s6ys4el4pamby/app.bsky.feed.post/3m4qusdi32222,2025-11-03T20:40:07.422758+00:00
"Canada is leading in safety with the new draft of the CSA standard on respirators.

@dickzoutman.bsky.social, @juliamwright.bsky.social, @mark-ungrin.bsky.social, and I explain key updates that bring protections up to date with the evidence on respirator use against airborne disease transmission.",ryantennant.ca,2025-11-03T20:37:40.010Z,at://did:plc:xx7o52o4rymlkqyzykn7t42b/app.bsky.feed.post/3m4qurvpx2k2o,2025-11-03T20:40:07.422760+00:00
"Feed: ""Water Canada""
Published on Monday, November 3, 2025",longtail.news,2025-11-03T20:37:39.793341+00:00,at://did:plc:o6ggjvnj4ze3mnrpnv5oravg/app.bsky.feed.post/3m4qurvvldm27,2025-11-03T20:40:07.422762+00:00
"Feed: ""Water Canada""
Published on Monday, November 3, 2025",longtail.news,2025-11-03T20:37:34.570736+00:00,at://did:plc:o6ggjvnj4ze3mnrpnv5oravg/app.bsky.feed.post/3m4qurqwhdh2y,2025-11-03T20:40:07.422764+00:00
"I'm arguing online because I am also not entirely sure if I DO like him in particular, I just logically know that voting for either of the two other parties means voting for my own destruction, and likely the end of canada as we know it, too... :)

trying to understand the big picture here",hopeagainsthope.bsky.social,2025-11-03T20:37:24.222Z,at://did:plc:qbruj5d5xw3qqorquiq34a7q/app.bsky.feed.post/3m4qurgo44c2h,2025-11-03T20:40:07.422766+00:00
Canada should throw export duties on auto makers assembly machinery to prevent it wandering across the border.,bcreality.bsky.social,2025-11-03T20:36:32.310Z,at://did:plc:2pondrlrs5xlg5astgfpm6i5/app.bsky.feed.post/3m4qupv5wqs2a,2025-11-03T20:40:07.422768+00:00
"For Canadian Innovation Week, we're highlighting how dignity and self-determination are powerful enablers for youth-led climate innovation. #Youth #Innovation #Canada",artsincubator.ca,2025-11-03T14:36:16-06:00,at://did:plc:icicxvrvp5ikcs3wnde3zrpt/app.bsky.feed.post/3m4qupgv5w52b,2025-11-03T20:40:07.422770+00:00
"Jamaicans rush to ready island for busy tourism season in wake of Hurricane Melissa

Jamaica's peak tourism season is one month away, and officials in the hurricane-ravaged nation are rushing to rebuild from the catastrophic Category 5 storm that shre...

#cbc #cbc-world-news #Canada ",scrubfire84.bsky.social,2025-11-03T20:36:08.248525+00:00,at://did:plc:bnk5d72upa2mfzwglo6ynbs3/app.bsky.feed.post/3m4qup6ban42r,2025-11-03T20:40:07.422772+00:00
"Carly Rae Jepsen announces pregnancy

Canadian singer-songwriter Carly Rae Jepsen is expecting her first child with her new husband, music producer Cole M.G.N.

#cbc #cbc-top-stories #Canada ",scrubfire84.bsky.social,2025-11-03T20:35:56.418732+00:00,at://did:plc:bnk5d72upa2mfzwglo6ynbs3/app.bsky.feed.post/3m4quosy72625,2025-11-03T20:40:07.422774+00:00
"Ottawa summit propels Aerospace Industries Association of Canada to top of comms ranking
#lobbying #cdnpoli
lobbymonitor.ca/2025/11/03/c...",lobbymonitor.bsky.social,2025-11-03T20:35:23.153Z,at://did:plc:ukmih2yfe2qfzn3zmycpbmzr/app.bsky.feed.post/3m4qunt7fnc2s,2025-11-03T20:40:07.422776+00:00
"@elizabethemay.bsky.social I hope you will be voting for the budget tomorrow. As one of your voters, the last thing we need is an election. I need my MP to be Team Canada as we face the threat that is Donal Trump.",lisainyyj.bsky.social,2025-11-03T20:35:06.747Z,at://did:plc:b34xdrf7yns3f525ahvp7qr6/app.bsky.feed.post/3m4qundkr5227,2025-11-03T20:40:07.422778+00:00
"So thankful for this direct flight, now to play my cards right so I can sleep and own this Canada > Europe jet lag 💪🏻",twinfools.bsky.social,2025-11-03T20:35:04.711Z,at://did:plc:6ev2z6lwpkacg6ycpuyuryoq/app.bsky.feed.post/3m4qunbmlus2n,2025-11-03T20:40:07.422780+00:00
Yes! I have been banging this drum too - we need to invest in our own data infrastructure. If only we had a crown corporation we could trust with securely delivering confidential services... [stares in Canada Post],moggyhouse.bsky.social,2025-11-03T20:35:00.020Z,at://did:plc:zdhih6n7ylczr4iac7kchk2o/app.bsky.feed.post/3m4qun55gt22x,2025-11-03T20:40:07.422782+00:00
Oh ESPECIALLY for that Canada comment,magic-alex.bsky.social,2025-11-03T20:34:55.501Z,at://did:plc:zidyszpntc45ukaau4fx4ipn/app.bsky.feed.post/3m4qumytir22m,2025-11-03T20:40:07.422783+00:00
"Way to go, Canada. And how the mighty have fallen. The link explains the methodology. Maple Magas are mad  www.visualcapitalist.com/ranked-count...",canteach.bsky.social,2025-11-03T20:34:55.297Z,at://did:plc:xn6kb4zs2k5ebhui6whi4y33/app.bsky.feed.post/3m4qumynies22,2025-11-03T20:40:07.422785+00:00
CBC out of Canada gives a unique take on our news as well.,rowlandville.bsky.social,2025-11-03T20:34:41.663Z,at://did:plc:ugle3wqlhvhaeer6lzwp3oik/app.bsky.feed.post/3m4qumln73k2r,2025-11-03T20:40:07.422787+00:00
"I’d hire this electrical company just for the creativity ⚡️
Let the sparks fly!

#forceelectric #electrician #jeffmillerauthor #roadtrip #travel #canada #lovecanada",jeffmillerauthor.bsky.social,2025-11-03T20:34:27.985Z,at://did:plc:vvj3baq4imciseij5kaxai6i/app.bsky.feed.post/3m4qum6luls2g,2025-11-03T20:40:07.422789+00:00
Xi is encouraging Canada to ditch the US and triple our trade with them.  China has every intention of using Trump's own stupidity as a weapon against America.  The rest of the world is trying to save its economies; none are as deeply affected as Canada.  We will fight back with new deals with China,jupitess.bsky.social,2025-11-03T20:34:23.958Z,at://did:plc:ohllyxul7chvx6yabmc7vhb2/app.bsky.feed.post/3m4qum2qvzk2y,2025-11-03T20:40:07.422790+00:00
I feel like he is targeting Mexico and Canada because Americans are planning to escape to these countries and he wants to stop us from fleeing.,madison8.bsky.social,2025-11-03T20:34:14.284Z,at://did:plc:z7kelm7doyijbn27d3hdnea3/app.bsky.feed.post/3m4qulrjor22j,2025-11-03T20:40:07.422795+00:00
"In Another Installment of: “What She Said”

MP Raquel Dancho thinking that this will make her look good after having her a$$ handed to her by Minister Joly.

❤️🍁🇨🇦TEAM CANADA FOREVER🇨🇦🍁❤️
❤️🍁🇨🇦VIVE LE CANADA 🇨🇦🍁❤️",teamcanadaforever.bsky.social,2025-11-03T20:33:56.074Z,at://did:plc:lar2o6mnnvln22w6kgnpifli/app.bsky.feed.post/3m4qula65g22c,2025-11-03T20:40:07.422797+00:00
"www.canada.ca/en/translati...

On October 24, 2025, Public Services and Procurement Canada published a request for standing offers for interpretation services on CanadaBuys. The initial closing date is November 24, 2025,",fagankara.bsky.social,2025-11-03T20:33:37.357Z,at://did:plc:jzjhu672veifvnae33gunnf3/app.bsky.feed.post/3m4qukocrac2a,2025-11-03T20:40:07.422799+00:00
"🤨🙄

I Doug Ford Is NOT Your Friend!

""The premier is still bullish on the ad he says has 12.4 billion views, 
👉suggesting it is the most viewed ad ""in the history of the world"" 👈

I TOLD YOU Doug Ford Is Exactly like Trump! 

#DougFord #Canada #Cdnpoli #Onpoli 

www.cbc.ca/news/canada/...",mythicaldragoness.bsky.social,2025-11-03T20:33:19.280Z,at://did:plc:xfxzsqkyjwafy7x4lb5msd2y/app.bsky.feed.post/3m4quk536ts2w,2025-11-03T20:40:07.422802+00:00
"Canada is 1st despite having committed genocide against the true owners and Indigenous peoples of this land, and despite the modern day problems we all face. 

Shows you how shitty the other countries must be. 

Ive lived in one other, and it WAS shitty.",reformedreformer.bsky.social,2025-11-03T20:33:05.468Z,at://did:plc:k4m6vy3vz6s3yaxlyziyvdvb/app.bsky.feed.post/3m4qujpvln224,2025-11-03T20:40:07.422804+00:00
"📣 JOIN US BEYOND THE STAGE for a PRE-SHOW CHAT! 

▶️ Sunday, November 23 at 1:15 PM

Before THE CHRISTMAS MARKET matinée,  Chris Ramsaroop, an organizer for Justice for Migrant Workers, will talk about the issues facing migrant workers in Canada.

For more info: studio180theatre.com/patrons/beyo...",studio180theatre.bsky.social,2025-11-03T20:32:47.116Z,at://did:plc:fiquyrd7o2alfhnkwbac2jqz/app.bsky.feed.post/3m4quj6fmos2o,2025-11-03T20:40:07.422806+00:00
"Lol, I've posted here a few times how I voted by Fax from Canada, about 3 weeks ago.

Absolutely Yes on 50.",gottalaff.bsky.social,2025-11-03T20:32:36.776Z,at://did:plc:xvr6x3yam5mq4a6q2suxbt5u/app.bsky.feed.post/3m4quiunzug2k,2025-11-03T20:40:07.422808+00:00
"So, Canada, this is really effing scary and we need to fight while we still can. Taken together, these bills could give the government the power to harm Canadians the way the GOP are harming people in the US.",nptwrites.bsky.social,2025-11-03T20:32:26.028Z,at://did:plc:mj74pnbpfyirbsrl67ueokwe/app.bsky.feed.post/3m4quikbwzs2d,2025-11-03T20:40:07.422810+00:00
Radio-Canada Grand Montréal:  Poulin et Gascon avec le Canada à la Série de la rivalité ,aricierss.bsky.social,2025-11-03T20:32:12.036Z,at://did:plc:2rker5jsweiukz55nxst6hjk/app.bsky.feed.post/3m4qui55aw42n,2025-11-03T20:40:07.422812+00:00
Radio-Canada Grand Montréal:  Geneviève Pettersen quitte Cogeco Média ,aricierss.bsky.social,2025-11-03T20:32:11.222Z,at://did:plc:2rker5jsweiukz55nxst6hjk/app.bsky.feed.post/3m4qui4czxu2p,2025-11-03T20:40:07.422814+00:00
Radio-Canada Info:  Poulin et Gascon avec le Canada à la Série de la rivalité ,aricierss.bsky.social,2025-11-03T20:32:09.850Z,at://did:plc:2rker5jsweiukz55nxst6hjk/app.bsky.feed.post/3m4qui2uukp2q,2025-11-03T20:40:07.422816+00:00
Radio-Canada Info:  Geneviève Pettersen quitte Cogeco Média ,aricierss.bsky.social,2025-11-03T20:32:08.754Z,at://did:plc:2rker5jsweiukz55nxst6hjk/app.bsky.feed.post/3m4quhztm472q,2025-11-03T20:40:07.422818+00:00
Radio-Canada Info:  Quelques nouveaux élus aux conseils de la Baie-des-Chaleurs ,aricierss.bsky.social,2025-11-03T20:32:07.235Z,at://did:plc:2rker5jsweiukz55nxst6hjk/app.bsky.feed.post/3m4quhygtlc2e,2025-11-03T20:40:07.422819+00:00
Canadian : why would I do that? My kettle is for tea and boiling water for ramen and cup of noodle soup. (Clearly there's a reason for this that I'm not getting because of my Canada-ness.),jlphistory.bsky.social,2025-11-03T20:31:57.163Z,at://did:plc:aiurkag6pxfch6xpncahtwyw/app.bsky.feed.post/3m4quhor3js2c,2025-11-03T20:40:07.422821+00:00
"Le Canada cherche un nouveau BFF: face à l'hostilité de Donald Trump, Ottawa veut réduire sa dépendance aux États-Unis 👉 bit.ly/4hHd9dU",slatefr.bsky.social,2025-11-03T20:31:50.058Z,at://did:plc:o26ppwqjh6e3bxfvn73mjh4v/app.bsky.feed.post/3m4quhi5ci42w,2025-11-03T20:40:07.422823+00:00
"Integrating nekton communities, salt pool dynamics, and fish foraging patterns to assess salt marsh restoration success in Maritime Canada  https://www.biorxiv.org/content/10.1101/2025.10.31.685895v1 ",biorxiv-ecology.bsky.social,2025-11-03T20:31:49+00:00,at://did:plc:ksb5atwqm5aqyq3zfqlvtxyb/app.bsky.feed.post/3m4quhh7jd72q,2025-11-03T20:40:07.422825+00:00
"Integrating nekton communities, salt pool dynamics, and fish foraging patterns to assess salt marsh restoration success in Maritime Canada  https://www.biorxiv.org/content/10.1101/2025.10.31.685895v1 ",biorxivpreprint.bsky.social,2025-11-03T20:31:48+00:00,at://did:plc:bxpaash7iceqjiur5bt7xntr/app.bsky.feed.post/3m4quhgxj562n,2025-11-03T20:40:07.422827+00:00
"This is theft of public assets. 

Why gift these people with a 50 year deal? 

Same corruption as in a Dirty Doug Ford deal. 

www.cbc.ca/news/canada/...",consbegone.bsky.social,2025-11-03T20:31:47.124Z,at://did:plc:o6efcxeemtroyo6jfworilno/app.bsky.feed.post/3m4quhf6ots2e,2025-11-03T20:40:07.422829+00:00
"#ivehaditpodcast: News: SENILE Trump's DISASTER 60 Minutes #cbsnews Interview! Says He's MORE HANDSOME Than Mamdani?!?"" 😂😂😂
#jimmykimmellive.bsky.social 
#colbertlateshow #SNL
#bsky.social #cbcgem #canada
#democrats.org
#Southpark 

youtu.be/yvZ0sFN3C4E?...",nafala25.bsky.social,2025-11-03T20:31:33.318Z,at://did:plc:smaittialkvz2tuggtt4vd63/app.bsky.feed.post/3m4qugxzhe22x,2025-11-03T20:40:07.422831+00:00
"🌐 INTERNACIONAL | El viaje también incluyó encuentros con líderes de Brasil y Canadá, centrados en aranceles y acuerdos comerciales, mientras que India estuvo ausente de la cumbre.
 🔗 https://f.mtr.cool/zcfmszdygm",virtualnotmx.bsky.social,2025-11-03T20:31:14.476660Z,at://did:plc:ryngh6fg2uudhyj25mn3zgoi/app.bsky.feed.post/3m4quggbk3r2e,2025-11-03T20:40:07.422833+00:00
"Gurdwara Dukh Nivaran Sahib, Surrey, BC, Canada

#Canada",canada-cambot.bsky.social,2025-11-03T20:31:13Z,at://did:plc:kdmhcb4wmrqzqg6hn2ps55t4/app.bsky.feed.post/3m4qughvx4524,2025-11-03T20:40:07.422835+00:00
"La #Suède est un partenaire majeur sur le plan économique et sécuritaire, un allié de l’ #OTAN et un État #arctique, explique un communiqué du Bureau de la gouverneure générale du Canada. www.rcinet.ca/regard-sur-a...",eyeonthearctic.bsky.social,2025-11-03T20:30:29.289Z,at://did:plc:36jpkeznunjdcr6fuoawmfx7/app.bsky.feed.post/3m4quf2xf3c2z,2025-11-03T20:40:07.422836+00:00
Good deep dive on why it’s so hard to build family sized apartments in Canada,oliver-moore.bsky.social,2025-11-03T20:30:28.733Z,at://did:plc:cqbbuyjthsvekiozryik66st/app.bsky.feed.post/3m4quf2gi2s22,2025-11-03T20:40:07.422838+00:00
"Weekly Intelligence Brief - Nov 3

🔹 Suspension of U.S.–Canada Trade Talks    
🔹 Election Violence, Internet Blackout, & Curfew in Tanzania
🔹 Border Reinforcements Following Brazil’s Rio Mega Operation

Full details: https://ow.ly/kqXm50Xm4qT
Free trial: https://ow.ly/JOnL50XiuxR",everbridge.bsky.social,2025-11-03T20:30:21.423512459Z,at://did:plc:ddkbaygal7ebvs7cievdugnv/app.bsky.feed.post/3m4quevdbva2i,2025-11-03T20:40:07.422840+00:00
"I'm not entirely sure what y'all are upset about. We haven't had pennies in Canada for years, and it has changed literally nothing about our lives. You'll be okay, I promise.",hey-nunya-business.bsky.social,2025-11-03T20:30:19.523Z,at://did:plc:c37scchrohj5stahjwz5wjze/app.bsky.feed.post/3m4querncyk2a,2025-11-03T20:40:07.422842+00:00
"Getting rid of the penny is sensible, and Canada managed it fine. Just stopping production without any kind of guidance, on the other hand, is a problem. Not at all surprising that this administration can't govern, but it's still astounding how bad they all are at absolutely everything.",enotsola.bsky.social,2025-11-03T20:30:19.360Z,at://did:plc:qmysechfiyvaob5ftlniz4yi/app.bsky.feed.post/3m4queridss2i,2025-11-03T20:40:07.422844+00:00
"""Defence Spending as a Catalyst for Innovation — and How to Avoid the Dual-Use Mirage""

New editorial for CSPC's Editorial Series on Defence spending as a catalyst for R&D in Canada: https://sciencepolicy.ca/posts/defence-spending-as-a-catalyst-for-innovation-and-how-to-avoid-the-dual-use-mirage/",sciencepolicy.ca,2025-11-03T20:30:13.401535325Z,at://did:plc:lfoeyllap3g2wxrdivxrpi2p/app.bsky.feed.post/3m4quemix3j2f,2025-11-03T20:40:07.422846+00:00
MRU Cougars earn Canada West men's soccer crown in dramatic fashion calgaryherald.com/sports/mru-c...,calgaryherald.com,2025-11-03T20:30:11.061Z,at://did:plc:wz2qyzl4g547jhajifdzkfq2/app.bsky.feed.post/3m4quejqvti25,2025-11-03T20:40:07.422847+00:00
'I don't know what'll happen': Young Canadians anxiously await federal budget after Carney warns of 'sacrifices' theprovince.com/news/canada/...,theprovince.com,2025-11-03T20:30:10.868Z,at://did:plc:josbhgmdah7asnx3vuxeq2wd/app.bsky.feed.post/3m4quejkzv62v,2025-11-03T20:40:07.422849+00:00
"On Wednesday, the U.S. Supreme Court will hear oral arguments on whether some of Trump’s tariffs are legal, including ones on Canada, China, Mexico, and the rest of the world.",foreignpolicy.com,2025-11-03T20:30:09.758Z,at://did:plc:m5mauk2a3xu2j5nbjbzifm4z/app.bsky.feed.post/3m4quejlwem2e,2025-11-03T20:40:07.422851+00:00
"this like, say, an A&W US and A&W Canada situation, where the two companies apparently *are* completely separate (even the menu is different, iirc) and just share some trademarks / root beer?",jbfink.bsky.social,2025-11-03T20:29:58.406Z,at://did:plc:u6up2oj2lk4lup4ezrpm3cl5/app.bsky.feed.post/3m4que5iuwc2c,2025-11-03T20:40:07.422853+00:00
"""A second [UCP] member of the Alberta legislature is facing a citizen petition to recall her from her job...
Pitt represents the riding of Airdrie-East, on Calgary's northern outskirts, and also serves as deputy speaker of the legislature.""
www.cbc.ca/news/canada/...",hpliszka.bsky.social,2025-11-03T20:29:43.538Z,at://did:plc:66orxu3jmp47hlh4tsjfw4ne/app.bsky.feed.post/3m4qudpd6ek2t,2025-11-03T20:40:07.422855+00:00
Could there be a better metaphor for the 2025 Blue Jays season than this? On April 10th I mailed this 2025 Season schedule magnet from Toronto to Barrie. (I never heard from the recipient and harbored some lingering judgment.) Came home from WorldSeries G6 to find this in my mailbox: 7 months later.,cjhajer.bsky.social,2025-11-03T20:29:11.888Z,at://did:plc:4rzownwkx27docvgrqucupmw/app.bsky.feed.post/3m4qucr7bnc2r,2025-11-03T20:40:07.422856+00:00
"This aligns with my thinking of what we can expect tomorrow, let’s hope so. Carney is looking at the big picture not just the next couple of years. He’s at heart an economist and understands the business models and how to bring investment to Canada. I trust it will build Canada Stronger. 🇨🇦",suze-bsky.bsky.social,2025-11-03T20:29:11.710Z,at://did:plc:fhs663ltkpdsbph3e7rkzqo3/app.bsky.feed.post/3m4qucqxudk2w,2025-11-03T20:40:07.422858+00:00
"On November 27th at 7pm ATL, the Kings-Hants Electoral District Association for the Green Party of Canada is hosting a panel discussion on threats to our democracy and solutions for change. The panel will include current GPNS Leader Anthony Edmonds.",novascotiagreens.bsky.social,2025-11-03T20:28:46.075Z,at://did:plc:wlzbs2qqnukqny4xip2hgtqd/app.bsky.feed.post/3m4qubyjn3k2c,2025-11-03T20:40:07.422860+00:00
"Suicune, Reshiram, and Genesect from Mega Evoulution - Phantasmal Flames will be a store promo for USA, Canada, Australia and New Zealand.",technology-news.bsky.social,2025-11-03T20:28:45.797746+00:00,at://did:plc:fsftz5ue2bvlvkb6zx2bqdnh/app.bsky.feed.post/3m4qubydtit2l,2025-11-03T20:40:07.422862+00:00
Heed the words that Americans didn't went offered by Kamala Harris! She called it spot on! PP is made in the image of Trump politically that is! This man can never be charged with a responsibility of leading Canada! 86 this guy before he becomes relevant in his sewer of politics!,xm4290746.bsky.social,2025-11-03T20:28:32.780Z,at://did:plc:qtlnf53y4pb543ew2f76o2ls/app.bsky.feed.post/3m4qubltrrs2h,2025-11-03T20:40:07.422864+00:00
Because the UCP hates Canada?,docp386.bsky.social,2025-11-03T20:28:30.269Z,at://did:plc:gwk464ndgugm2mn4luxaxcq2/app.bsky.feed.post/3m4qubjh5n22q,2025-11-03T20:40:07.422866+00:00
Canada got rid of pennies years ago. It is a good idea but one that should be passed by Congress. With rules put into place for rounding when cash is used.,redshan.bsky.social,2025-11-03T20:28:30.146Z,at://did:plc:resa6d4k5ygnvqlu5w3vavz4/app.bsky.feed.post/3m4qubjdgik2o,2025-11-03T20:40:07.422868+00:00
Similar view from Canada,jkholmes.bsky.social,2025-11-03T20:28:09.905Z,at://did:plc:bee75jpgazwafbvum2heno3s/app.bsky.feed.post/3m4quavzow22x,2025-11-03T20:40:07.422870+00:00
" I joined Dr. Cynthia Miller-Idriss at Carleton University in #OttawaCentre to explore these challenges, and why listening, learning, and standing up for our values is more important than ever to keep Canada strong.",yasirnaqvicdn.bsky.social,2025-11-03T20:27:56.433Z,at://did:plc:eywakmz4dabroc2sehjcdjri/app.bsky.feed.post/3m4quaj6ko22r,2025-11-03T20:40:07.422872+00:00
"In last meetings with Childrens' Aid Society case worker, boy was very thin (weight of a 6yr old), crying. Caseworker got a promotion, no one followed up. 

Boy later died in hospital. Foster parents now on trial for murder.

www.cbc.ca/news/canada/...",nbdatapoints.bsky.social,2025-11-03T20:27:53.255Z,at://did:plc:b2d4bll66skwj7ddqi6l4ou7/app.bsky.feed.post/3m4quag5m4s2b,2025-11-03T20:40:07.422874+00:00
CANADA AND MEXICO COULD USA PLEASE GET FOOD AID?,susanp57.bsky.social,2025-11-03T20:27:39.215Z,at://did:plc:hvyw5wc7b574lpya6p5mdzqj/app.bsky.feed.post/3m4qu7yr47k2w,2025-11-03T20:40:07.422876+00:00
"BTW, this is why I was getting pissed when right of center dems were assuming that if Canada became a state, it would mean more dems. Meanwhile most centrist and some normal oldschool conservative Canadians are to the left of them and would start their own party.",yvalarevolution.bsky.social,2025-11-03T20:27:17.008Z,at://did:plc:2lfsjnkcmffehlbz5bwijhlh/app.bsky.feed.post/3m4qu7dlfos2c,2025-11-03T20:40:07.422877+00:00
"""We should all aspire to his high spirit of camaraderie, charity and kindness."" RIP GREG NEWBY, Project Gutenberg CEO, Internet pioneer, accessible books hero. www.theglobeandmail.com/canada/artic...",libarbarian.bsky.social,2025-11-03T20:27:06.359Z,at://did:plc:24z5qkouzarui4tgabvht3ix/app.bsky.feed.post/3m4qu6zghas2j,2025-11-03T20:40:07.422879+00:00
"J’ai rejoint la Dre Cynthia Miller-Idriss à l’Université Carleton, dans #OttawaCentre, pour discuter de ces défis et de l’importance d’écouter, d’apprendre et de défendre nos valeurs, plus que jamais afin de garder le Canada fort.",yasirnaqvicdn.bsky.social,2025-11-03T20:26:44.883Z,at://did:plc:eywakmz4dabroc2sehjcdjri/app.bsky.feed.post/3m4qu6ewzmk2r,2025-11-03T20:40:07.422881+00:00
"Join me in asking the Canada Pension Plan Investment Board to protect our pensions and the climate and stop investing in oil, gas, coal and pipelines. A legal case is already underway. It’s time to stop investing in fossil fuels and recommit to net-zero. win.newmode.net/shiftaction/...",sharonx11.bsky.social,2025-11-03T20:26:23.369Z,at://did:plc:bnods7z5qgcadbmc4sv4gios/app.bsky.feed.post/3m4qu5qgitc2i,2025-11-03T20:40:07.422882+00:00
"Os Estados Unidos enfrentam uma Emergência criada por seu próprio presidente | by Lawrence O'Donnell do MSNBC
..............................................................
Post: 2 out 2025 | Canadá Diário 🇨🇦 
................
Link: youtube.com/shorts/aG2u5...",urutau.bsky.social,2025-11-03T20:26:21.901Z,at://did:plc:eb4kdej7dmpdzedot2u7ys7z/app.bsky.feed.post/3m4qu5ozv3s23,2025-11-03T20:40:07.422884+00:00
I just don’t get WHY all of Canada is not outraged with the Supreme Court of Canada . Why NOT ALL PROVINCES . To use a Hypothetical event to strike down Minimum Sentence is unintelligent. ChildPorn Canada Crime Judges,jbnewt.bsky.social,2025-11-03T20:26:05.495Z,at://did:plc:go6lnimas6bzfthjvcaulmya/app.bsky.feed.post/3m4qu57fke22t,2025-11-03T20:40:07.422886+00:00
"As the world races for clean‑tech and defence minerals, Canada steps up to cut China’s dominance of rare earths. A pivotal move in the global supply‑chain chess game. 
https://bit.ly/4qvoMbI",theobserveruk.bsky.social,2025-11-03T20:26:03.453687499Z,at://did:plc:g5jg224cmwnrg5yfdqtuya2b/app.bsky.feed.post/3m4qu55jwbb2e,2025-11-03T20:40:07.422887+00:00
Especially since we've seen it diverge already in 2025. Canada and Argentina and Norway had pro-incumbent swings. Ireland and India and the Netherlands had anti-incumbent swings. A trend that's good for one year only isn't much of a trend.,andycraig.bsky.social,2025-11-03T20:25:55.413Z,at://did:plc:73t3muu2pudsajp7a2fj3aly/app.bsky.feed.post/3m4qu4vrd3223,2025-11-03T20:40:07.422889+00:00
"A passenger has died after a late night collision on the Trans-Canada Highway near Nanaimo Sunday night, according to RCMP.",cheknews.ca,2025-11-03T20:25:42Z,at://did:plc:wcbklqh2lyspt3oypwvrudl7/app.bsky.feed.post/3m4qu4kt7iw2d,2025-11-03T20:40:07.422891+00:00
"Congrats to #northvan on a new outdoor pool!   Sadly the ⁦‪@CityofVancouver‬⁩ can’t even fund basic maintenance for pools let alone plan a new one. #vanpoli 

www.cbc.ca/news/canada/...",eastsidedads.bsky.social,2025-11-03T20:25:02.991Z,at://did:plc:vdayeukow4kc6x32dcm4ttwm/app.bsky.feed.post/3m4qu3drkos2u,2025-11-03T20:40:07.422893+00:00
"I'm pretty proud of the way Carney handles himself during speeches and on the world stage, so far. I don't see many other choices for leadership but I guess there could be! 

The notwithstanding clause is the greatest threat to canada in all of it's history, and the cons are drooling to use it.",hopeagainsthope.bsky.social,2025-11-03T20:25:00.309Z,at://did:plc:qbruj5d5xw3qqorquiq34a7q/app.bsky.feed.post/3m4qu3b7pkc2h,2025-11-03T20:40:07.422895+00:00
"Well, at least someone is trying to point out the Trump & GOP Shit Show.
Maybe, if Congress actually showed up to worked & did something, Canada wouldn't need to point out the obvious. Sooo, Scotty, get your ass beamed up.",justneedtosay.bsky.social,2025-11-03T20:24:44.869Z,at://did:plc:ucmenw4nvznclzezczyh63mn/app.bsky.feed.post/3m4qu2sijgc2y,2025-11-03T20:40:07.422897+00:00
Too late for SK. Our govt is bought and paid for by the oil and gas industry. www.cbc.ca/news/canada/...,redshan.bsky.social,2025-11-03T20:24:34.218Z,at://did:plc:resa6d4k5ygnvqlu5w3vavz4/app.bsky.feed.post/3m4qu2idi2k2o,2025-11-03T20:40:07.422899+00:00
"Naw I'm Finnish but living in Canada, and I've noticed myself saying eh more and more...",josianne.bsky.social,2025-11-03T20:24:29.040Z,at://did:plc:reoyzaybayginewg4yf7oysl/app.bsky.feed.post/3m4qu2dfggs2d,2025-11-03T20:40:07.422901+00:00
"🤣🤣🤣 Say what you will #Canada, I’m just relieved he didn’t hookup with a woman 20-30 years his junior 🤨

Diplo Posts Selfie With Justin Trudeau, Katy Perry After Claiming He Dated Both - TMZ",chocolatefire.bsky.social,2025-11-03T20:24:28.465Z,at://did:plc:seulgagz3hgwzspe2hltm4kx/app.bsky.feed.post/3m4qu2ctvvc2h,2025-11-03T20:40:07.422903+00:00
"Isn't anyone in Canada interested in Harper's taxes? Or how much taxes did any Conservative in Poilievre's shadow cabinet pay? 

I wonder, if Danielle  Smith or Doug Ford are on that Capitalist Nomad list? 😁

Ok, no.. I don't wonder 🙃",borasca0107.bsky.social,2025-11-03T20:24:11.615Z,at://did:plc:iudfffjzp7vl57drh2wj4fnn/app.bsky.feed.post/3m4qtzsross23,2025-11-03T20:40:07.422905+00:00
"In #Canada, the costs of #refugee #healthcare have increased substantially, from $66M in 2016-17 to an estimated $821M in 2025-26. That’s an increase of over 1,200%. #liberals #accountability
Source: Canada's Interim Federal Health Program",ninjazz636.bsky.social,2025-11-03T20:23:30.502Z,at://did:plc:jkrktyzj2ps7snvlqqkkm2gk/app.bsky.feed.post/3m4qtyll2es2p,2025-11-03T20:40:07.422907+00:00
"One of my grandfathers wanted to fly during WW2. US army air corps was only taking college educated people to train to fly. So he went to Canada and trained with the Royal Air Force. After Pearl Harbor, America took him so he ended up fighting fascism for 2 countries. I have his wings from Canada.",laurabeth73.bsky.social,2025-11-03T20:23:11.473Z,at://did:plc:z3jzgyx5shywuwt72m6lqf6c/app.bsky.feed.post/3m4qtxzgbg22s,2025-11-03T20:40:07.422908+00:00
"Radio-Canada Info:  Rock, hip-hop, atmosphère : trois nouvelles radios musicales sur Radio-Canada OHdio ",aricierss.bsky.social,2025-11-03T20:23:08.000Z,at://did:plc:2rker5jsweiukz55nxst6hjk/app.bsky.feed.post/3m4qtxwc3wz2x,2025-11-03T20:40:07.422911+00:00
"Canada named MOST RESPECTED COUNTRY IN THE WORLD!
Effective govts, an appealing environment & an advanced economy were the main categories for the survey
Questions to respondents range from how a country is admired to their trust & overall sentiments towards that country #cdnpoli",widowspique.bsky.social,2025-11-03T20:22:39.935Z,at://did:plc:r7bkg77kc7uylm7ouilfvqqg/app.bsky.feed.post/3m4qtx3dxhs2o,2025-11-03T20:40:07.422912+00:00
"Joly says Canada launching dispute process against Stellantis 

www.bnnbloomberg.ca/business/com...",jeremybusiness.bsky.social,2025-11-03T20:22:25.675Z,at://did:plc:m3iriaw3kd5tj7gkyuapdg3r/app.bsky.feed.post/3m4qtwnqnrs2v,2025-11-03T20:40:07.422915+00:00
"Bombardier/Saab already work together with the GlobalEye system. Sweden, Ukraine and soon maybe more (France, Germany, South Korea...Canada). NORAD is one thing but even the members of 5eyes are nervous about the USA now. Good to have the other options lined up",gebnor.bsky.social,2025-11-03T20:22:13.174Z,at://did:plc:7scpv33qqdzqkyxxoq5dyep4/app.bsky.feed.post/3m4qtwbt4sc27,2025-11-03T20:40:07.422916+00:00
"This Jeffrey Epstein saga is weighing heavily on me right now, having spent 15 years working with kids who were victims of sexual abuse. I had hope in 1990 with the Report on Child Sexual Abuse in Canada was released. The report was commissioned by the Canadian Canadian Government at the time.",raedeeton.bsky.social,2025-11-03T20:21:30.036Z,at://did:plc:fw7nfyu73qekvpkioowgugpy/app.bsky.feed.post/3m4qtuyotpc2t,2025-11-03T20:40:07.422918+00:00
"Great initiative, and a great opportunity to increase trade between Sweden and Canada. The best part, it's a real kick in Trump's by far the biggest section of his body.",itautra.bsky.social,2025-11-03T20:21:28.605Z,at://did:plc:yz33vvmomyruv72fk3empe35/app.bsky.feed.post/3m4qtuxcyf22y,2025-11-03T20:40:07.422920+00:00
"Isso tbm me pegou por um tempo. Hj tenho palpites. Licença pra uma serie de bluets?1) É uma sociedade muito imersa no neoliberalismo, uma doutrina q, além de valorizar o individualismo em detrimento do coletivo, faz as pessoas desacreditarem da política.
2) Canadá segue a cartela dos EUA de +",florencereal.bsky.social,2025-11-03T20:21:08.453Z,at://did:plc:sj5ywezsnk4egrir26xhge53/app.bsky.feed.post/3m4qtue3zoc2w,2025-11-03T20:40:07.422922+00:00
"Canada’s Liberal party says budget of ‘sacrifice’ needed to avoid recession | Canada

https://www.newsbeep.com/au/260374/

Canada’s ruling Liberal party has said a budget of “sacrifice” is required to confront both a trade war…",au-nb.bsky.social,2025-11-03T20:20:35+00:00,at://did:plc:ni6cl7jipinqldoyowqlbrwp/app.bsky.feed.post/3m4qttk2ngs27,2025-11-03T20:40:07.422924+00:00
"genre, ça ? 😏",latilsylvain.bsky.social,2025-11-03T20:20:20.981Z,at://did:plc:xosn7f2ok7jvi6t5uardcxqq/app.bsky.feed.post/3m4qtswtfa22n,2025-11-03T20:40:07.422927+00:00
i live in canada lmao,joofarc.bsky.social,2025-11-03T20:20:17.426Z,at://did:plc:qjyxmglkio3un5jkvvx5vju5/app.bsky.feed.post/3m4qtstgrnc2s,2025-11-03T20:40:07.422929+00:00
"I need to understand how Texas is different this year. They are ranked so highly in the SEC yet they basically don’t shoot 3s. And they lost to Canada in Globl Jam. 

To be fair, SC doesn’t have Bree Hall anymore to guard Booker lol",loyalroyal.bsky.social,2025-11-03T20:20:13.750Z,at://did:plc:vfojmjsozyiddsubys2gqk32/app.bsky.feed.post/3m4qtspwmrk24,2025-11-03T20:40:07.422930+00:00
Canada has not used them in years. Who cares? But buy them for the copper lol.,swampy-ns.bsky.social,2025-11-03T20:20:07.948Z,at://did:plc:w6dw7lyrcmuotat724ghlhqd/app.bsky.feed.post/3m4qtskfkr22k,2025-11-03T20:40:07.422932+00:00
"“The Cloud Act also allows the U.S. government to ask American companies that have offices or infrastructure in other countries to hand over data they hold abroad if it's required for law enforcement.”

Cohere is headquartered in the US as well as in Canada.",bhaggart.bsky.social,2025-11-03T20:19:50.156Z,at://did:plc:rtupbv3srpd4dkxagkovpab7/app.bsky.feed.post/3m4qtrzgnpk2i,2025-11-03T20:40:07.422934+00:00
"Pretty good trick. How Carney got Trump to switch his description of the US/Canada relationship from a ""conflict"" to ""competitive""
www.tiktok.com/@andre_yeu/v...",suzannekettley.bsky.social,2025-11-04T03:11:38.564Z,at://did:plc:3en5jbs6rh5tbcx2l4mvtb7c/app.bsky.feed.post/3m4rksf7gfk23,2025-11-04T03:12:17.283742+00:00
"🎵 Edmund Fitzgerald 🎵
#Michigan
#EdmundFitzgerald
#WXsky
#MIwx
#FolkMusic
#GordonLightfoot
#Canada",freedom2b.cryptoanarchy.network,2025-11-04T03:11:36.209Z,at://did:plc:utqxrdib4tk6yjhderqhw44a/app.bsky.feed.post/3m4rkscxmkc2n,2025-11-04T03:12:17.283759+00:00
"For context, Canada has a population of just over 40 million. 

""World Series Game 7 is the most-watched Rogers broadcast ever, with an average audience of 10.9 million viewers.""

about.rogers.com/news-ideas/w...",whitneystrouth.bsky.social,2025-11-04T03:11:12.294Z,at://did:plc:3aiybgcaj4xsbl67lbadzfwf/app.bsky.feed.post/3m4rkrm5o5k2y,2025-11-04T03:12:17.283762+00:00
"And USA-Canada might quickly develop into such a situation. Things are changing quickly.

But that's very different from arguing that USA-Canada is currently a society of workers and capitalists. It's a class society organized around commodity production no doubt.",molossus-spondee.bsky.social,2025-11-04T03:10:51.478Z,at://did:plc:msve5lvhkeivfe36c6txgqvz/app.bsky.feed.post/3m4rkqycf2c22,2025-11-04T03:12:17.283765+00:00
I mean Smith is not wrong that people are still free to answer “no” to this question so it may not be a slam dunk for Canada either. We will see.,alexboyd.bsky.social,2025-11-04T03:10:38.252Z,at://did:plc:rjspzqrhmfeusqsputssv6yw/app.bsky.feed.post/3m4rkqloqzs2d,2025-11-04T03:12:17.283767+00:00
"The gov't of Canada ""jobs board"" that spams all the EI recipients is ridiculous.

""Cloud Architect"", in-person workplace with a commute, $19/hr? FFS. Don't waste my electrons on that.",johannab.cosocial.ca.ap.brid.gy,2025-11-04T03:09:36.000Z,at://did:plc:gupume2jka4q3iys722aboed/app.bsky.feed.post/3m4rkpg2ngsm2,2025-11-04T03:12:17.283769+00:00
"I am frankly more worried about america than I am about canada.

These military escapades are going to bankrupt them.

And that's the least of it.",barrycooke.bsky.social,2025-11-04T03:09:30.861Z,at://did:plc:xxdhrqz2pcmxzpnxkwbahyga/app.bsky.feed.post/3m4rkolg5j224,2025-11-04T03:12:17.283771+00:00
"There are almost one million illegal immigrants from Canada, Europe and Australia in the United States, close to 10% of illegals here. How come no one is going after them, too..?

#rise #resist #fight",jaysqwazz.bsky.social,2025-11-04T03:09:24.379Z,at://did:plc:utdrhysercltzxme5fnrksb2/app.bsky.feed.post/3m4rkofadgk2i,2025-11-04T03:12:17.283773+00:00
"At this point, I wish he’d just go away so we can be rid of him taking up so much real estate in our brains and dominating every day’s news cycle, dictating in ways that affect our economy here in Canada, etc. 

Always hoping for Tim Miller’s “Hamburger from Hell” or something of that nature. 🙏",martinrayner.bsky.social,2025-11-04T03:09:18.409Z,at://did:plc:lvm56rdpwaumi3jezsqesky4/app.bsky.feed.post/3m4rko7k5e225,2025-11-04T03:12:17.283775+00:00
"This boils my blood.  Seasoned paddlers can get lost up there.  How about a compromise, all those that can navigate through the boundary waters can get automatic citizenship if they sign up for 4 years of military duty?  If you can make it from Canada to Minnesota via BWCA, then you are a badass.",pluvialpeppermint.bsky.social,2025-11-04T03:08:53.665Z,at://did:plc:hrnvs3l272cetfjc3w7u4smt/app.bsky.feed.post/3m4rknhwzc22i,2025-11-04T03:12:17.283777+00:00
"Ummmm? 😳 

“In order to assure the defence of Canada 🇨🇦 against domestic threats ranging from a low-intensity natural disaster response to high-intensity large scale combat operations.
ottawacitizen.com/public-servi...",alsolearning.bsky.social,2025-11-04T03:08:46.191Z,at://did:plc:ojidikrufjpjorac4lkwjwti/app.bsky.feed.post/3m4rknasyg22f,2025-11-04T03:12:17.283779+00:00
www.cbc.ca/news/canada/...,brendanmcaleer.bsky.social,2025-11-04T03:08:21.418Z,at://did:plc:oflxphwgzzoigmnxrt2ve6fu/app.bsky.feed.post/3m4rkmj6w3c2k,2025-11-04T03:12:17.283781+00:00
"Why Ian Furness and not Everett Fitzhugh on KHN TV tonight (for John Forslund doing Prime in Canada)?
🤷‍♂️",wtfresca.bsky.social,2025-11-04T03:07:47.173Z,at://did:plc:ayafbbkh6v4ikfvhhow7jo4l/app.bsky.feed.post/3m4rklijtp22h,2025-11-04T03:12:17.283783+00:00
"If US ambassador to Canada Pete Hoekstra keeps behaving as he has, the Canadian government will surely have to call him in for a formal rebuke. And if we don't, it will be a choice of discretion over valour, a sign that we have been cowed.",chrisdornan.bsky.social,2025-11-04T03:06:34.547Z,at://did:plc:znq4ivuvldeipki6mcid4qfd/app.bsky.feed.post/3m4rkjdbhuk2h,2025-11-04T03:12:17.283785+00:00
"well if  bvd  and few other can come into my  country canada and  under cut  the big three  and have as good or  better product  ,  its a no brainer .   also i noticed way more hybrids and full ev  driving around  .  they all have  the  light bar   in front like tron  😆",scoobydoobie.bsky.social,2025-11-04T03:04:46.853Z,at://did:plc:2v3vztg6yptu5gzmu4hcw7nz/app.bsky.feed.post/3m4rkg4kvx227,2025-11-04T03:12:17.283787+00:00
"Any Hip fans out there?  This is great music, pick an album.
My friend says they’re “ like the Stones if they were from Canada…but better!”",randydouglas.bsky.social,2025-11-04T03:04:24.105Z,at://did:plc:ok7qbvr75h24eo7gc6z3smjy/app.bsky.feed.post/3m4rkfgvcn222,2025-11-04T03:12:17.283788+00:00
"They're pretty much only in the DC and Chicago areas, with a couple exceptions in the South. Looks like Canada had a 15 year head start.",plateromephit.bsky.social,2025-11-04T03:03:45.858Z,at://did:plc:i7l4tmrzevrcdivqjnn2hgny/app.bsky.feed.post/3m4rkecfjik2o,2025-11-04T03:12:17.283790+00:00
Do not let Elon or his propeller heads anywhere near the voting machines. Advice from Canada. ❤️🇨🇦,jujudocto.bsky.social,2025-11-04T03:03:43.667Z,at://did:plc:q6txl7a7ym5he7cjich7qyoh/app.bsky.feed.post/3m4rkeacmuk2l,2025-11-04T03:12:17.283792+00:00
Get prepared for Trump to attempt to invade Canada and Mexico?,tamracbag.bsky.social,2025-11-04T03:03:18.954Z,at://did:plc:k7ciwf3x2iozzhg6aloee2to/app.bsky.feed.post/3m4rkdiqi2k2s,2025-11-04T03:12:17.283794+00:00
"David Vemb from Canada took our photo of the day: ""Sunset on Buckhorn Lake"", in Ontario, Canada.
havanatimes.org/news/sunset-...",havanatimes.bsky.social,2025-11-04T03:03:03.344Z,at://did:plc:4w2zmbqzuvykdofuiltxgm4m/app.bsky.feed.post/3m4rkczu2ws2r,2025-11-04T03:12:17.283796+00:00
"""Steady strength and quiet strategy can still triumph over noise."" PM Mark Carney is changing the global role of Canada and re-shaing trade.  youtu.be/8cM-pR3_uAw?...",rosannan.bsky.social,2025-11-04T03:02:53.215Z,at://did:plc:wwbowe7waed5lxgwcqhj4rr7/app.bsky.feed.post/3m4rkcq6ycs2k,2025-11-04T03:12:17.283798+00:00
"David Vemb de Canadá tomó nuestra foto del día: ""Atardecer por el Lago Buckhorn"" en Ontario, Canadá.
havanatimesenespanol.org/noticias/ata...",havanatimes.bsky.social,2025-11-04T03:02:12.620Z,at://did:plc:4w2zmbqzuvykdofuiltxgm4m/app.bsky.feed.post/3m4rkbji4r22r,2025-11-04T03:12:17.283800+00:00
"#Alberta #Canada 

youtu.be/6gdjwXUBeS8?...",glendaaus.bsky.social,2025-11-04T03:01:16.622Z,at://did:plc:d4pncxab5ftzhxcaarjo4ctd/app.bsky.feed.post/3m4rk7u377k2x,2025-11-04T03:12:17.283801+00:00
"Colborne Port in Ontario, Canada.

#Canada",canada-cambot.bsky.social,2025-11-04T03:01:08Z,at://did:plc:kdmhcb4wmrqzqg6hn2ps55t4/app.bsky.feed.post/3m4rk7potwy22,2025-11-04T03:12:17.283803+00:00
"@albertaucp.bsky.social    Said it before and will always say, this is the MOST corrupt and incompetent government in Albertas history. All are traitors to Alberta and Canada. Fuck you Smith, you piece of shit. #FireTheUCP",iamcanadian87.bsky.social,2025-11-04T03:00:44.508Z,at://did:plc:iqo635xycqxnts7jvvymf5qc/app.bsky.feed.post/3m4rk6vheps24,2025-11-04T03:12:17.283805+00:00
"Aurora Forecast Update for 2025-11-04T03:00:16Z

EXTENDED WARNING: Geomagnetic K-index of 4 expected
Extension to Serial Number: 5134
Valid From: 2025 Nov 02 1711 UTC
Now Valid Until: 2025 Nov 04 0900 UTC
Warning Condition: Persistence
Additional Details Here.",aurora.nws-bot.us,2025-11-04T03:00:19+00:00,at://did:plc:mipe5ygdz7hst7g5xcyy6ice/app.bsky.feed.post/3m4rk65rd7u2o,2025-11-04T03:12:17.283807+00:00
"US Joins Canada, Switzerland, Japan, Germany, Belgium in Global Tourism Tsunami – Daily News Roundup: Shocking Declines, Visa-Free Frenzy, and Flight Chaos, New Update

https://www.byteseu.com/1509771/

Home » America Travel News » US Joins Canada, Switzerland, Japan, Germany, Belgium in Global …",byteseu.bsky.social,2025-11-04T03:00:14+00:00,at://did:plc:5zww7zorx2ajw7hqrhuix3ba/app.bsky.feed.post/3m4rk63kvkb22,2025-11-04T03:12:17.283809+00:00
"What a treat to hear Isabel Wilkerson's on CBC Radio's Ideas tonight! This was the talk she gave at McGill University in Montreal, Quebec, Canada as their 2025 Beatty Lecturer last month. /1",lylamiklos.bsky.social,2025-11-04T03:00:05.760Z,at://did:plc:7aqfeinps2wv3ypbfcfrnpwa/app.bsky.feed.post/3m4rk5qiqxs22,2025-11-04T03:12:17.283811+00:00
"Hey, Dr. Pepper has Canada Dry, so I'm all in",darkentity.bsky.social,2025-11-04T03:00:04.187Z,at://did:plc:zwa22d245tcgk3oivfkwbynj/app.bsky.feed.post/3m4rk5oymwk2t,2025-11-04T03:12:17.283812+00:00
"A human being would have left with some small sort of attempt at dignity after losing his own seat while also losing the federal election. It's PP first, Canada second.",barbsbilly.bsky.social,2025-11-04T03:00:00.101Z,at://did:plc:sei7kr5rtygogopdoordxrsp/app.bsky.feed.post/3m4rk5l3xoc2b,2025-11-04T03:12:17.283814+00:00
"#3dprinting This is so fucking cool! Printing silicone directly instead of using injection molds could be game changing in a lot of arenas.

Dang, I might have to get a Prusa printer down the road. After Canada, anyway.",jayebunny.bsky.social,2025-11-04T02:59:30.452Z,at://did:plc:jb34dgjox5wynr2iensoykke/app.bsky.feed.post/3m4rk4ot5l22y,2025-11-04T03:12:17.283816+00:00
after tonight there will only be a single Liberal provincial government in Canada,elizapallas.bsky.social,2025-11-04T02:59:24.641Z,at://did:plc:ltgnmxhhvaj7f7qpmybgeowk/app.bsky.feed.post/3m4rk4jbsrc2h,2025-11-04T03:12:17.283818+00:00
"Radio-Canada Grand Montréal:  Le pouvoir de persuasion de St-Louis, le succès de Newhook ",aricierss.bsky.social,2025-11-04T02:59:09.868Z,at://did:plc:2rker5jsweiukz55nxst6hjk/app.bsky.feed.post/3m4rk43bymn2g,2025-11-04T03:12:17.283820+00:00
"I agree with you. Canada cannot afford him. Especially because not only is he wasting taxpayers money, but he's harmful to Canada and Canadians. Both young and old. Wow.",loryanne.bsky.social,2025-11-04T02:58:45.458Z,at://did:plc:el5u6pm6ml27lig7lym7e7q7/app.bsky.feed.post/3m4rk3dvz5c2s,2025-11-04T03:12:17.283822+00:00
Americans claim to be patriotic. Canadians show it by wearing poppies. Canada also fought a lot more of WWI and WWII than the Americans did.,chadrubel.bsky.social,2025-11-04T02:58:40.533Z,at://did:plc:5g4guj77iz47qf5xca6xmbca/app.bsky.feed.post/3m4rk377sis2e,2025-11-04T03:12:17.283823+00:00
"Some people had good reasons to need to flee to a non-extradition country.  Jews fearing to be stuck behind the Iron Curtain, for example.

Of course, those people also had other alternatives such as Canada or the USA.",sam-demeo.bsky.social,2025-11-04T02:58:39.585Z,at://did:plc:eo53k2vaedknd5o7nrijsj73/app.bsky.feed.post/3m4rk36crs22b,2025-11-04T03:12:17.283825+00:00
Thank you. I appreciate Canada.🍁❤️,msmaura.bsky.social,2025-11-04T02:58:20.704Z,at://did:plc:xbxispyufmdyjjymwbjasyf4/app.bsky.feed.post/3m4rk2mcmc226,2025-11-04T03:12:17.283827+00:00
Cove Soda raised $15M Series A led by Vanterra Ventures to fuel expansion and new flavors. The Halifax zero‑sugar soda is in 7k+ retail doors and struck a distribution deal with KDP Canada. 🥤💰 https://www.bevnet.com/pr/2025/11/03/cove-soda-raises-series-a-led-by-vanterra-ventures,bevnet.com,2025-11-04T02:57:54.995Z,at://did:plc:3jtzfj5hax2fh2mep5g63542/app.bsky.feed.post/3m4rjztw4fj2d,2025-11-04T03:12:17.283829+00:00
"House of El - Mark Carney’s Most DELICATE Moment as PM - Nov 3, 2025

Sometimes leadership isn’t about defiance, but about discernment. When Mark Carney apologized to Trump for an ad Canada didn’t even make, the world saw weakness. But what if it was actually strength?

youtu.be/NLjuBQfB1hI?...",grumpygeek4sure.bsky.social,2025-11-04T02:57:49.869Z,at://did:plc:76fbmu72wezdnsk5k4is4osa/app.bsky.feed.post/3m4rjzovlyc2c,2025-11-04T03:12:17.283831+00:00
"Pas moyen de visionner tranquillement un clip d'archives de Radio-Canada sans se faire matraquer par une pub de Télé-Québec sur Stéphan Bureau.

Les algorithmes de YouTube. 🤬",francoisgravel1.bsky.social,2025-11-04T02:57:45.315Z,at://did:plc:jvdmmgosimfzjkrxpo55jnm2/app.bsky.feed.post/3m4rjzkktkk2i,2025-11-04T03:12:17.283832+00:00
Don't bother. I've had enough of Rosemary Barton's pro-PP bias and Ian Hanomansing romancing the idea of Canada becoming the 51st state.,chriswoodwriter.bsky.social,2025-11-04T02:57:27.571Z,at://did:plc:o3rvzaukebbc3gs6ctvbxa2i/app.bsky.feed.post/3m4rjyzn4ls2l,2025-11-04T03:12:17.283837+00:00
"EA Sports FC 26 Launches Technical Playtest for Future Football Experience

Electronic Arts has launched a new technical playtest for EA Sports FC 26, beginning November 3, 2025. The closed beta invites select players from the United Kingdom, the United States, and Canada to test an early build of…",twistedvoxel.com,2025-11-04T02:57:13Z,at://did:plc:miaq24qhv5odcqji5y7xtfkg/app.bsky.feed.post/3m4rjymq6ls2e,2025-11-04T03:12:17.283839+00:00
"Thank you. Our little bubble/community is alright but yes, everything is traumatic down here & we’re not immune. (We’re in the streets, as you know). Keeping all options on the table. Canada is always great to us.",reluctantranger.bsky.social,2025-11-04T02:56:47.828Z,at://did:plc:p4bqtrymhi5obxd3k323fncy/app.bsky.feed.post/3m4rjxtqa3s2o,2025-11-04T03:12:17.283841+00:00
It isn't my list - Amyl & The Sniffers aren't on there either. Or Halestorm - Lzzy Hale is a phenom.  Lots of ladies bringing the heat.  Lindsay Sterling is pretty wicked too - violin wildness - Apocalypta too - cello - those last three just completed a big tour of US/Canada that looked like fun.,theunrepentables.bsky.social,2025-11-04T02:56:43.901Z,at://did:plc:c7bxdzw7monhuzzhfjyo2jbu/app.bsky.feed.post/3m4rjxpyf5226,2025-11-04T03:12:17.283843+00:00
It’s such total bullshit. We’re not moving to Canada if Trump wins ( we’re still here! just pissed off) and we’re not moving to New Jersey or Bum-f-ck Massachusetts either. The wealthy won’t live anywhere else because they can afford it & the rest will soon discover how much better they now have it,mactnive.bsky.social,2025-11-04T02:56:37.919Z,at://did:plc:lqy3w5giny64tytdruuyybx3/app.bsky.feed.post/3m4rjxkbtdk2p,2025-11-04T03:12:17.283845+00:00
"Canadian Shoppers Shift Toward Purposeful Holiday Spending. Read the full story:👇️


#RetailNews #Canada #BusinessInsights
retail-insider.com/retail-insid...",retailinsider.bsky.social,2025-11-04T02:56:37Z,at://did:plc:tga4vspjwratvffwbbs5ig7u/app.bsky.feed.post/3m4rjxpblzh2b,2025-11-04T03:12:17.283847+00:00
"Radio-Canada Info:  Le pouvoir de persuasion de St-Louis, le succès de Newhook ",aricierss.bsky.social,2025-11-04T02:56:10.365Z,at://did:plc:2rker5jsweiukz55nxst6hjk/app.bsky.feed.post/3m4rjwq4fit2f,2025-11-04T03:12:17.283849+00:00
He’ll forget about it soon enough. He was going to take Greenland and make Canada a state too.,slapassmcclanahan.bsky.social,2025-11-04T02:55:49.158Z,at://did:plc:ulfktmqk7cwspfsykxf2wilu/app.bsky.feed.post/3m4rjw3rr6c23,2025-11-04T03:12:17.283850+00:00
"For sure.
I definitely agree standards need a rethink.
And it would be excellent for Canadian municipalities to accept testing of materials & equipment when tested elsewhere in Canada, vastly reducing local “interpretation” of codes.
Better yet: accept testing done by reputable agencies, anywhere.",kdbnicol.bsky.social,2025-11-04T02:55:28.354Z,at://did:plc:xbtpzwsnulp5bmo4fp4fkx3u/app.bsky.feed.post/3m4rjvhwurc2b,2025-11-04T03:12:17.283852+00:00
"Canada celebrated Thanksgiving in October, so... It's Time! hahaha #Christmas www.google.com/search?clien...",modernmaven.bsky.social,2025-11-04T02:55:08.008Z,at://did:plc:z4chll7ppkzcaearqfhpnczq/app.bsky.feed.post/3m4rjuujym22w,2025-11-04T03:12:17.283854+00:00
Okay...........I just learned there's an Ontario in California. Isn't it interesting that my brain started assuming ICE had gone into Canada to do traffic stops?  That I actually thought they would do that?......I should shut up.  They may be reading this and getting ideas.,greengrace.bsky.social,2025-11-04T02:55:06.711Z,at://did:plc:qpaii5uknedtph7mpvyhwklz/app.bsky.feed.post/3m4rjutcgy22k,2025-11-04T03:12:17.283856+00:00
"Bessent & his boss said  Canada was interfering in US govt elections with the Reagan ad, yet it was the US govt that wanted to claim Canada as a 51 state during our elections. #Canadaisnotforsale",bffvolcano1.bsky.social,2025-11-04T02:55:03.699Z,at://did:plc:wk7j2fx5xbex2yr25ku5obhd/app.bsky.feed.post/3m4rjuqgils2m,2025-11-04T03:12:17.283858+00:00
#fungifriends #mushrooms #nature #ontario #canada,s0lacium.bsky.social,2025-11-04T02:55:01.588Z,at://did:plc:2fbdrjbuz4tol4otoxgbqhxx/app.bsky.feed.post/3m4rjuogrjs2o,2025-11-04T03:12:17.283859+00:00
"Says it all…

#Canada
#TorontoBlueJays",sorry-iamcanadian.bsky.social,2025-11-04T02:54:25.630Z,at://did:plc:4zhs7rbmbrjyblozh3zqt7is/app.bsky.feed.post/3m4rjtm57hk2w,2025-11-04T03:12:17.283861+00:00
"huh. TIL: there is a “four corners” place in Canada, like there is more famously in the USA, where Utah, Colorado, Arizona and New Mexico meet.

But ours is automatically cooler, figuratively and literally*, because it is a: at 60° Latitude, and b […] 

[Original post on mstdn.chrisalemany.ca]",chris.mstdn.chrisalemany.ca.ap.brid.gy,2025-11-04T02:54:08.000Z,at://did:plc:uxj5ihyuzrgxmuvjeanl57ys/app.bsky.feed.post/3m4rjvfyfxzu2,2025-11-04T03:12:17.283863+00:00
That’s a busy pumpkin drop off #yycbike www.ctvnews.ca/calgary/arti...,calgaryk.bsky.social,2025-11-04T02:54:07.615Z,at://did:plc:tplrv5bcwigirugqtnh5haqd/app.bsky.feed.post/3m4rjt2x3x22w,2025-11-04T03:12:17.283865+00:00
Good luck from Canada 🇨🇦!!!,m2cents.bsky.social,2025-11-04T02:54:05.917Z,at://did:plc:23enoo2o3pwy7sx7lt3a3ixh/app.bsky.feed.post/3m4rjszd3v22f,2025-11-04T03:12:17.283867+00:00
"It's so depressing. If anyone does need up to date info and can't quite stomach the wayback approach, Canada does still have that covered www.canada.ca/en/public-he...",aliibarry.bsky.social,2025-11-04T02:53:43.482Z,at://did:plc:nuhxu6zygadidyhaxvc4g4j7/app.bsky.feed.post/3m4rjsdwhok2n,2025-11-04T03:12:17.283869+00:00
"They did the same to Trump’s latest Canada tariffs. It still has to pass the House, which it won’t likely do.",mindfield.bsky.social,2025-11-04T02:53:28.994Z,at://did:plc:azjbwnjaocqlsiwsibzaq4o3/app.bsky.feed.post/3m4rjrw4cbc2g,2025-11-04T03:12:17.283870+00:00
He’s the Ted Cruz of Canada.,bsdtectr.bsky.social,2025-11-04T02:53:27.097Z,at://did:plc:sue3wyenmq7qabgwgr4bcgx3/app.bsky.feed.post/3m4rjrucgpc2c,2025-11-04T03:12:17.283872+00:00
I mean look at Carney mobilizing wonky Canadian nationalism only to turn around and shred the social safety net while giving everything away to extraction corps. That's Canada right there and I'm not sure what people were waving flags about,lidsville.bsky.social,2025-11-04T02:53:24.161Z,at://did:plc:gwfpi54w3f7swapcaejl6qku/app.bsky.feed.post/3m4rjrritjc2k,2025-11-04T03:12:17.283874+00:00
"Dogs aren’t pets, they’re family👨‍👩‍👧‍👦🐶 Less people, more dogs 🐕
Ask for menu 👇👇
t.me/dogkntbby
w.app/9o328k

#zoophilia #zoopride #zooarevalid
#dogknot #dogsex #zoopositivity #knotty #k9 #beastiallity #Florida #Canada #Berlin #madrid #TVRepublika #zoofila #zoogirl
#Animalsex",doggoddezz.bsky.social,2025-11-04T02:52:57.637Z,at://did:plc:rq3n2j6zf4ztpjohd5ffj3tm/app.bsky.feed.post/3m4rjqy7ows2y,2025-11-04T03:12:17.283876+00:00
"he wants to invade Greenland, Canada, Venezuela, and Mexico?

those Epstein Files must be terrible",sleepycongressman.bsky.social,2025-11-04T02:52:46.914Z,at://did:plc:xitfxq453argln2npmln42k4/app.bsky.feed.post/3m4rjqnyagc2z,2025-11-04T03:12:17.283877+00:00
"I understand your position.
These are tough times.  Canada shares a longer border with Russia than Ukraine does.  All boy scouts are taught to be prepared. Putin is a madman.

www.theguardian.com/world/2025/o...",robppm319.bsky.social,2025-11-04T02:52:35.994Z,at://did:plc:hzf2nulapi3qopmrojv7nxwo/app.bsky.feed.post/3m4rjqdkuhc2s,2025-11-04T03:12:17.283879+00:00
Le Canada est exhorté à empêcher les armes canadiennes d’alimenter la guerre au Soudan,mediasca.skyfleet.blue,2025-11-04T02:52:34.671Z,at://did:plc:swhavnqrtvhstcm275j242my/app.bsky.feed.post/3m4rjqckj6t2a,2025-11-04T03:12:17.283881+00:00
"I got in a couple of day trips and one two-night hiking vacation this year. 

I really need to plan better. I'm running out of years where I can count on good health and fitness.

Also I hope we're not at war with Canada next year.",stefanejones.bsky.social,2025-11-04T02:52:20.942Z,at://did:plc:xu4bb6qjr5m7p5pr77aw5ozp/app.bsky.feed.post/3m4rjpv7jac2a,2025-11-04T03:12:17.283883+00:00
"Lol!!  At least there are leaves on the ground in Canada.  Here in San Diego, landscapers constantly use them blowing mostly . . . nothing!",chuckbad.bsky.social,2025-11-04T02:51:12.325Z,at://did:plc:dcbsfhyjgfnn573nmy5i5sud/app.bsky.feed.post/3m4rjntrme227,2025-11-04T03:12:17.283884+00:00
"Progressive political coverage from Teen Vogue began to grab headlines a decade ago, in the Obama-era of progressive stupefaction + celebrity worship. Teen Vogue came as a good shock esp here in magazine-starved Canada. I hope its success will be carefully studied.",rahat.bsky.social,2025-11-04T02:51:05.614Z,at://did:plc:wwcxtnhlxae4cqncwxpjcow7/app.bsky.feed.post/3m4rjnneqos2n,2025-11-04T03:12:17.283886+00:00
"ACARS Message From: C-FZUG / RV1937 

Message: HELLO RELATIVLY SMOOTH CLIMB. WIND SPEED INCREARE BETWEEN 14000-FL200 WAS FROM 40KTS TO 130KTS. 

Track Aircraft: https://www.flightradar24.com/C-FZUG 

Area: Meaford, ON, Canada 

#acars #vdlm2 #CFZUG #RV1937",acarsdrama.bsky.social,2025-11-04T02:51:05+00:00,at://did:plc:i6m5urtifwvjqv4bfytcwslt/app.bsky.feed.post/3m4rjnnjdsx2z,2025-11-04T03:12:17.283888+00:00
"I just don't see having a polite chat about colonialism's pros and cons, given the way this country was brutally stolen from the First Peoples. Agree on forestry, but don't think there are upsides. Canada is in many ways not a real country, just 3 colonial resource sectors in a trenchcoat",lidsville.bsky.social,2025-11-04T02:51:03.929Z,at://did:plc:gwfpi54w3f7swapcaejl6qku/app.bsky.feed.post/3m4rjnlrc7c2c,2025-11-04T03:12:17.283889+00:00
CANADA had between 10-11 million viewers. Even we beat the NBA which is ~1:4 of us - 25%,zencan.bsky.social,2025-11-04T02:50:47.459Z,at://did:plc:lxdfykcelaz7advi3pexhtcx/app.bsky.feed.post/3m4rjn42nak2b,2025-11-04T03:12:17.283891+00:00
"Oh but no she was at Mara Lago with separatist O’Leary helping Canada! 
This needs to end",mlm7.bsky.social,2025-11-04T02:50:43.355Z,at://did:plc:cvrunbpcpboqw7h6tagv6byq/app.bsky.feed.post/3m4rjmy5fgk2b,2025-11-04T03:12:17.283893+00:00
Best wishes from Canada 🍁you would be considered a moderate here ☺️,suetwodogs.bsky.social,2025-11-04T02:50:33.747Z,at://did:plc:mdfe6oknnuapec2j5wq6sfua/app.bsky.feed.post/3m4rjmoy7ls2z,2025-11-04T03:12:17.283895+00:00
"Bye Bye United Airlines- 

Looking into Where Air Canada Flies ❤️💙❤️",betsywth.bsky.social,2025-11-04T02:50:07.913Z,at://did:plc:ht2vlnd2euprsmtfwivtnjqe/app.bsky.feed.post/3m4rjlwdt3c24,2025-11-04T03:12:17.283896+00:00
"“The numbers show that Canary Mission’s Canadian profiles disproportionately target women and racialized people…. For comparison, only about a quarter of the adult female population in Canada identifies as part of a visible minority”
Can confirm, interesting club to be in
@ricochetmedia.bsky.social",susankimyyj.bsky.social,2025-11-04T02:49:52.141Z,at://did:plc:2lbitjlnaqsbgnrxfsvbrgs3/app.bsky.feed.post/3m4rjlhcjpk2j,2025-11-04T03:12:17.283898+00:00
"We're now about one Fox News story away from Trump goons Bessent, Lutnick, and Vought sidling up to any nation considering doing a trade deal with Canada and telling them that doing so would not be in their best interests, capisce?",chrisdornan.bsky.social,2025-11-04T02:49:12.764Z,at://did:plc:znq4ivuvldeipki6mcid4qfd/app.bsky.feed.post/3m4rjkbucws2h,2025-11-04T03:12:17.283900+00:00
"Yukon Votes 2025: Live election results



#cbc #cbc-top-stories #Canada ",scrubfire84.bsky.social,2025-11-04T02:48:30.319901+00:00,at://did:plc:bnk5d72upa2mfzwglo6ynbs3/app.bsky.feed.post/3m4rjizd2kw2b,2025-11-04T03:12:17.283902+00:00
Do they ship to Canada? 🤞,denizb33.bsky.social,2025-11-04T02:48:24.476Z,at://did:plc:n4qfdtdy5uye43xhu6gxf4lf/app.bsky.feed.post/3m4rjitp5fs2u,2025-11-04T03:12:17.283904+00:00
#USPOL #USA #us #uspoli #poli #politics #cdnpoli #canada #MidasMighty #america #Politics-matter #PoliticsNation #WokeAF #Ethics #Justice #SocialJustice #LongerTables #DemocraticSocialist #Ecosocialism #Socialist #socialism #LeftIsBest #ClassConsciousness #FalseConsciousness #abolishcapitalism,robduncan.bsky.social,2025-11-04T02:48:22.776Z,at://did:plc:ig6dnt4tqgg7iwwtywx3bkvd/app.bsky.feed.post/3m4rjis3d7c2f,2025-11-04T03:12:17.283905+00:00
"While I think they should stay in Canada or choose a location overseas, I highly doubt a bunch of vaccinated Boomers are bringing measles back to Canada. 

The vaccination rate for those 60+ in Canada is 94 to 99%. The older the Canadian, the more likely they are to be fully vaxxed.",kikkiplanet.bsky.social,2025-11-04T02:48:13.476Z,at://did:plc:76jyrns4xobe54ooggvj3seq/app.bsky.feed.post/3m4rjij7i7224,2025-11-04T03:12:17.283907+00:00
I love Canada and Canadians!,c-a-m-i-l-l-e.bsky.social,2025-11-04T02:48:04.398Z,at://did:plc:vbyeaa2qg5ibqx5wlssmdh5o/app.bsky.feed.post/3m4rjiakpqs2m,2025-11-04T03:12:17.283909+00:00
"That's 3 oil rich nations he's made his threats against now starting with #Canada, #Venezuela with has the largest oil reserves in the world and now #Nigeria. 

I guess those blank #ExecutiveOrders, THEY wrote and Trump signed sight unseen in exchange for campaign donations are finally paying off 🇨🇦",stacescases2.bsky.social,2025-11-04T02:47:31.684Z,at://did:plc:76e4qryfph6q4wmz3li6v2l6/app.bsky.feed.post/3m4rjhbeeic2p,2025-11-04T03:12:17.283911+00:00
"An EMBARRASSMENT? Really? When he's poised to invade Venezuela, take over Canada and Greenland, take over Panama, and send the US army into Mexico? An EMBARRASSMENT? 🤦‍♂️",adventurist.bsky.social,2025-11-04T02:47:27.451Z,at://did:plc:gx2nijd7q7cdfpf5id3zf53p/app.bsky.feed.post/3m4rjh5cuwk2x,2025-11-04T03:12:17.283913+00:00
IYKYK from our friend in Canada.,debrreed.bsky.social,2025-11-04T02:47:25.103Z,at://did:plc:hhyceunvxxs6ughz22dffuc5/app.bsky.feed.post/3m4rjh33ets2e,2025-11-04T03:12:17.283915+00:00
#USPOL #USA #us #uspoli #poli #politics #cdnpoli #canada #MidasMighty #Politics-matter #PoliticsNation #america #anticapitalism #anticapitalist #capitalismkills #killCapitalism #capitalism #abolishcapitalism #fuckcapitalism #SocialJustice #ethics #ClassConsciousness #WokeAF #FalseConsciousness,robduncan.bsky.social,2025-11-04T02:47:17.673Z,at://did:plc:ig6dnt4tqgg7iwwtywx3bkvd/app.bsky.feed.post/3m4rjgtyj3c2f,2025-11-04T03:12:17.283916+00:00
"Hurontario St, Collingwood, ON, Canada

#Canada",canada-cambot.bsky.social,2025-11-04T02:47:12Z,at://did:plc:kdmhcb4wmrqzqg6hn2ps55t4/app.bsky.feed.post/3m4rjgr76g42h,2025-11-04T03:12:17.283918+00:00
"Advent Calendars manufactured in Canada now available at ShopCanadianStuff.ca  Some are chocolates but also things like wine, cleaning supplies, candles and coffee:
shopcanadianstuff.ca/advent-calendars-made-in-canada/

#BuyCanadian #CanadaSky #ShopCanadian #Canada #Canadian #TradeWar #ElbowsUp",shopcanadianstuff.bsky.social,2025-11-04T02:46:16.812Z,at://did:plc:svw3xtegli5kzp77wehhylod/app.bsky.feed.post/3m4rjezx6j22j,2025-11-04T03:12:17.283920+00:00
I had to read it a couple times to figure it out. I was so confused why ICE agents were in Canada.,deetoriadee.bsky.social,2025-11-04T02:46:03.827Z,at://did:plc:7prtrhf4gi2sj7dv4zioczuy/app.bsky.feed.post/3m4rjenkvts27,2025-11-04T03:12:17.283922+00:00
American thanksgiving hype is so weird to me. The most that Canada does for ours is throw the turkeys on sale. 🥴,probablymilhouse.bsky.social,2025-11-04T02:46:03.742Z,at://did:plc:2yj6cjcktzl4ektu22hu4urb/app.bsky.feed.post/3m4rjenibuc2c,2025-11-04T03:12:17.283924+00:00
Wake up Canada 👆,60below.bsky.social,2025-11-04T02:45:38.214Z,at://did:plc:ku4fwpkzwvxf4xxzof4kmr42/app.bsky.feed.post/3m4rjdv5b5k2i,2025-11-04T03:12:17.283925+00:00
Maybe 1 here in Canada... Saw a Sakura Nendroid doll in a store the other day that was $118... on sale... Still sad I had to put it back...,theyuricanon.bsky.social,2025-11-04T02:45:37.773Z,at://did:plc:fuf6zvzyf55arn4wtjea7eql/app.bsky.feed.post/3m4rjduprj22l,2025-11-04T03:12:17.283927+00:00
unfortunately we don’t seem to have it here in Canada. I can buy from Walmart but it’s $50 a bottle 😳,carliesholyground.swifties.social,2025-11-04T02:45:37.702Z,at://did:plc:ewpkpn45do5t5zvd4u2mu7bk/app.bsky.feed.post/3m4rjdunm6c2r,2025-11-04T03:12:17.283929+00:00
"Canada Post stamp this Remembrance Day will feature a Canadian Sikh soldier with the grave of Buckam Singh in the background. He was one of ten Sikh soldiers who were allowed to enlist to fight for Canada during the First World War, foraging a path of service and inclusion.

youtu.be/Xl7CEc3VCIc?...",arvindsingh55.bsky.social,2025-11-04T02:45:11.325Z,at://did:plc:mnuvt2wyenuktflaa3k2pjy6/app.bsky.feed.post/3m4rjd3iqcs2g,2025-11-04T03:12:17.283931+00:00
"ABA should be banned btw. Full stop. Federal ban in Canada with no provincial exceptions. Find ways to help autistic kids that aren't just fucking abusing them and calling it ""help"".",sinfulqt.bsky.social,2025-11-04T02:43:53.544Z,at://did:plc:sukzzt423f2uysgpylirmyy5/app.bsky.feed.post/3m4rjarcxes25,2025-11-04T03:12:17.283933+00:00
PotisEdge Earns Tier 1 Status for Energy Storage for Sixth Quarter in a Row #Canada #Vancouver #Energy_Storage #BNEF #PotisEdge,newsen.bsky.social,2025-11-04T02:43:18Z,at://did:plc:hslirr7h6d7livppaxty435b/app.bsky.feed.post/3m4rj7rfuvc2j,2025-11-04T03:12:17.283935+00:00
"Canada will start dispute resolution process over Stellantis jobs lost to U.S., Joly says
Industry minister says Ottawa wants to recover some of the billions it's committed to automaker
www.cbc.ca/news/canada/...",dave1agar.bsky.social,2025-11-04T02:43:12.235Z,at://did:plc:nibu4sqcfd7upw7kxgb5nt5g/app.bsky.feed.post/3m4rj7jwfic2f,2025-11-04T03:12:17.283937+00:00
"ACARS Message From: C-GLQD / P32275 

Message: PLZ TELL RAMP OUR NEW ETA IS 0312Z 

Track Aircraft: https://www.flightradar24.com/C-GLQD 

Area: Meaford, ON, Canada 

#acars #vdlm2 #CGLQD #P32275",acarsdrama.bsky.social,2025-11-04T02:43:05+00:00,at://did:plc:i6m5urtifwvjqv4bfytcwslt/app.bsky.feed.post/3m4rj7dt54u2s,2025-11-04T03:12:17.283939+00:00
"In Canada they say, ""Elbows up!""",somethinkdiff.bsky.social,2025-11-04T02:42:52.480Z,at://did:plc:vsuxgylj3i2end6pecbzpp5v/app.bsky.feed.post/3m4rj6x3hk22f,2025-11-04T03:12:17.283940+00:00
Air Canada had free wifi on a flight recently. Total scam with these airlines.,tjfinan.org,2025-11-04T02:41:45.409Z,at://did:plc:u2hifugv7mflrt2qa4qxzbyw/app.bsky.feed.post/3m4rj4x4mjc2z,2025-11-04T03:12:17.283942+00:00
"Questrade secures approval to launch a bank in Canada
www.cbc.ca/news/busines...",dave1agar.bsky.social,2025-11-04T02:41:28.692Z,at://did:plc:nibu4sqcfd7upw7kxgb5nt5g/app.bsky.feed.post/3m4rj4h6hd22f,2025-11-04T03:12:17.283944+00:00
"Grand Bend, Ontario, Canada",karensuew.bsky.social,2025-11-05T03:12:23.743Z,at://did:plc:5b3mmq64mrzdl6anxgmkwyj7/app.bsky.feed.post/3m4u3cnqtlk25,2025-11-05T03:13:44.959711+00:00
we're two olds here in Canada having a real fun time dropping 6-7s on our ten year old grandson and that's because we will never grow up,akmacphee.bsky.social,2025-11-05T03:12:22.206Z,at://did:plc:r7gbj3cqd3atkbnwpdsptq4b/app.bsky.feed.post/3m4u3cmbwmc2f,2025-11-05T03:13:44.959722+00:00
"Oh yeah, they're definitely on the list. NZ, Canada and the UK.",glengyron.bsky.social,2025-11-05T03:12:13.367Z,at://did:plc:opsnuzmm7hzidw7tgvsiwymp/app.bsky.feed.post/3m4u3cdu6rk27,2025-11-05T03:13:44.959726+00:00
"shoutout to new york fuckin city baby

(yes this is a photo of me directing on a film set in chicago and i live in canada now, but my birth certificate will always say new york, and anyway i think all of us are allowed to lib out for a moment rn)

photo by the exceptional @oo0oo.bsky.social",sidbranca.bsky.social,2025-11-05T03:12:10.468Z,at://did:plc:m64kqhwm55vgfcabgbopm6jl/app.bsky.feed.post/3m4u3cb45fc25,2025-11-05T03:13:44.959728+00:00
If Australia can be in Eurovision (even we don't know why) there is no reason Canada shouldn't be allowed to participate.,footscray61.bsky.social,2025-11-05T03:12:03.604Z,at://did:plc:tawlifj75zny4yi5s7frfdcc/app.bsky.feed.post/3m4u3c2kbl22j,2025-11-05T03:13:44.959730+00:00
"While Pierre pOILievre's American patrons starve seniors, elderly and disabled and strip millions more of health care, the government in Canada will soon ""automatically file returns for certain low-income Canadians to ensure they receive federal support they’re entitled to."" 

Never 51.",chriswoodwriter.bsky.social,2025-11-05T03:11:56.170Z,at://did:plc:o3rvzaukebbc3gs6ctvbxa2i/app.bsky.feed.post/3m4u3bthetc2o,2025-11-05T03:13:44.959732+00:00
"Averaging 44 mph (71 km/h) and topping out at 60 mph (97 km/h), No. 15820 did not shut its diesel prime mover down once during the entire journey. The test run shocked railway officials across North America and demonstrated the practicability of diesel locomotive technology. 2/3",torailwaymuseum.bsky.social,2025-11-05T03:11:44.624Z,at://did:plc:5uazijkjmn3ho4cxulpykiz4/app.bsky.feed.post/3m4u3bjvawk2i,2025-11-05T03:13:44.959734+00:00
"Nov 4, 1925: Canadian National Railway diesel-electric self-propelled car No. 15820 completes a transcontinental test trip from Montreal to Vancouver. The total elapsed time for this first transcontinental trip by a diesel was 72 hours and the actual running time was 67 hours, 7 minutes. 1/3",torailwaymuseum.bsky.social,2025-11-05T03:11:44.623Z,at://did:plc:5uazijkjmn3ho4cxulpykiz4/app.bsky.feed.post/3m4u3bih5ds2i,2025-11-05T03:13:44.959736+00:00
"Yeah, I don't think I've adequately expressed how utterly fucked housing is up here in Canada, even in smaller cities. 

One recent news article I saw had 26 people living in a house. People get lucky but the odds are not good.",genderqueeries.ca,2025-11-05T03:11:42.437Z,at://did:plc:yms2i3olv45jl2zkehswfsod/app.bsky.feed.post/3m4u3bgebp22m,2025-11-05T03:13:44.959738+00:00
Journal de Montréal Actualité: Le député Chris d’Entremont tourne le dos aux conservateurs pour se joindre au Parti libéral du Canada,aricierss.bsky.social,2025-11-05T03:11:24.472Z,at://did:plc:2rker5jsweiukz55nxst6hjk/app.bsky.feed.post/3m4u3avct322q,2025-11-05T03:13:44.959740+00:00
"Canada train, choo-choo",krisrf.bsky.social,2025-11-05T03:11:06.883Z,at://did:plc:jcixn7vwa3bp3lp3klordngy/app.bsky.feed.post/3m4u3aehayk2r,2025-11-05T03:13:44.959741+00:00
"Bow Lake, Alberta, Canada",karensuew.bsky.social,2025-11-05T03:10:55.722Z,at://did:plc:5b3mmq64mrzdl6anxgmkwyj7/app.bsky.feed.post/3m4u37zsnlc25,2025-11-05T03:13:44.959743+00:00
"Wondering where the rest of the Conservatives stand. On the far far right, or on ground held by Carney? 

I am a proud Canuck, prouder still today for the spirit of this MP willing to take a stand in Truly challenging times.
The MAGA movement in Canada takes a blow. Where are the other Con leaders?",infinityloop.bsky.social,2025-11-05T03:10:36.676Z,at://did:plc:bwc4ajcpbg4svnknymtb3lsh/app.bsky.feed.post/3m4u37hnfxs2x,2025-11-05T03:13:44.959745+00:00
I’m in Canada and I’m cheering my ass off rn,melanieann.bsky.social,2025-11-05T03:10:08.666Z,at://did:plc:lezh2gee5xzy357oapxtuaxb/app.bsky.feed.post/3m4u36mwngk2d,2025-11-05T03:13:44.959747+00:00
"As far as Canada, definitely make stops in Toronto and Montreal (home of the Planet Smashers!)",moviefandave.bsky.social,2025-11-05T03:09:48.009Z,at://did:plc:mdi66bxnfh2jadjdshsjz6eu/app.bsky.feed.post/3m4u35za7m22y,2025-11-05T03:13:44.959749+00:00
These are actually gosling. Adorable gosling that will grow into canada geese,blindedbylife.bsky.social,2025-11-05T03:09:47.848Z,at://did:plc:rr7yfhtxygg7djiadwshqdas/app.bsky.feed.post/3m4u35z3ces2m,2025-11-05T03:13:44.959750+00:00
"Same here on Pender Island, BC (Canada). And I'm not even American. Although I can see America from my house.",dougmurray.ca,2025-11-05T03:09:41.651Z,at://did:plc:arck7nkpzgco3u3ormr2wdby/app.bsky.feed.post/3m4u35t67ls2d,2025-11-05T03:13:44.959752+00:00
"Meanwhile, in Canada.

Sigh.",jasonhaslam.ca,2025-11-05T03:09:10.991Z,at://did:plc:np7qhk2ei6zn2ugewsvqrb25/app.bsky.feed.post/3m4u34vwk6s2c,2025-11-05T03:13:44.959754+00:00
"Congrats to Mayor Mamdani! I just have to say that aside from all the freaking out about his brand of politics, in Canada we would just refer to him as a strong candidate. The fear mongering in the US press is beyond baffling. He's a politician who wants to help people...what's so wrong about that?",black-medallion.bsky.social,2025-11-05T03:09:01.780Z,at://did:plc:erw3pdtohp754r7rgneitaaz/app.bsky.feed.post/3m4u34n5i2c2j,2025-11-05T03:13:44.959756+00:00
"""Prime Minister Mark Carney said over the weekend that he apologized to Donald Trump for those Ontario TV ads that used the words of Ronald Reagan to highlight the fact that the U.S. tariff war against Canada will leave both sides worse off.""",scottpiatkowski.bsky.social,2025-11-05T03:08:06.861Z,at://did:plc:rmbqxv6fcx5gwkqwxexw3j5x/app.bsky.feed.post/3m4u3336quk25,2025-11-05T03:13:44.959758+00:00
Meanwhile in Canada:,dougmurray.ca,2025-11-05T03:08:03.200Z,at://did:plc:arck7nkpzgco3u3ormr2wdby/app.bsky.feed.post/3m4u32vbryk2d,2025-11-05T03:13:44.959759+00:00
A huge thank you to Stephinie McGinnis and James' No Frills for supporting our Canada Day Celebration! Come join us on July 1st for live music and fun. #CanadaDay #Community #Support,artborupscorners.bsky.social,2025-11-05T03:07:28+00:00,at://did:plc:emd6cwisq7wqne635mrgzmlg/app.bsky.feed.post/3m4u2zuy5ar2k,2025-11-05T03:13:44.959761+00:00
"Bravo Radio-Canada, on ouvre le téléjournal avec le résultat de la course à la maitie de NY alors qu'on présente un budget à Ottawa. Misère",franco58.bsky.social,2025-11-05T03:07:23.669Z,at://did:plc:wkni3xs777pdprjmi7uewdxq/app.bsky.feed.post/3m4u2zplfis2k,2025-11-05T03:13:44.959763+00:00
"So, it’s not like Canada at all.",mxhrad.bsky.social,2025-11-05T03:07:22.796Z,at://did:plc:5sze4gz5jtvlowbjnomzqh5z/app.bsky.feed.post/3m4u2zoqoz222,2025-11-05T03:13:44.959765+00:00
"Canada has a parliamentary system where elections can happen any time. If a government can’t pass a budget, there’s an election, for example.

Small chance that happens this year, despite an election in April.

That’s different from the US, where failure to pass a budget means a govt shutdown.",ohtheurbanity.bsky.social,2025-11-05T03:07:00.023Z,at://did:plc:oov3xxwkf7mfa3zebsplltyd/app.bsky.feed.post/3m4u2yyzpqs2v,2025-11-05T03:13:44.959767+00:00
Congratulations from Canada 🇨🇦,dbenson77.bsky.social,2025-11-05T03:06:58.246Z,at://did:plc:7wjcd37umhfgqqjm7id3vj3k/app.bsky.feed.post/3m4u2yxdhgc2a,2025-11-05T03:13:44.959768+00:00
"So, it’s not like Canada.",mxhrad.bsky.social,2025-11-05T03:06:52.288Z,at://did:plc:5sze4gz5jtvlowbjnomzqh5z/app.bsky.feed.post/3m4u2yrnn2s22,2025-11-05T03:13:44.959770+00:00
Me too. I’m done. Trudeau was tolerable but Carney is basically Harper so I see how distorted things are in Canada right now and I’m really upset.,unraveledlissa.bsky.social,2025-11-05T03:06:44.935Z,at://did:plc:g3wbijz3x4v5hrsu7w2vikyv/app.bsky.feed.post/3m4u2yknafk2f,2025-11-05T03:13:44.959772+00:00
Congratulations from Canada!!,simthe.bsky.social,2025-11-05T03:06:33.204Z,at://did:plc:qxmewivsxpx7ggkfdpb63xkh/app.bsky.feed.post/3m4u2y7hccc2y,2025-11-05T03:13:44.959773+00:00
Opinion: I'm a criminologist and grieving aunt. Here's why Ottawa's bail reform won’t make Canada safer,viawesome.bsky.social,2025-11-05T03:06:33Z,at://did:plc:5iyk5puhdm56g3uqvtykkk2i/app.bsky.feed.post/3m4u2ya67kt2h,2025-11-05T03:13:44.959775+00:00
"Being true to his values and constituents not the party. Hearing a lot of back story on this MP tonight seems to make that resonate. 

Good day for democracy! Both in Canada and USA.",suze-bsky.bsky.social,2025-11-05T03:06:23.950Z,at://did:plc:fhs663ltkpdsbph3e7rkzqo3/app.bsky.feed.post/3m4u2xwmtac2s,2025-11-05T03:13:44.959777+00:00
I believe you're leaving New York about as much as I believe that Amy Schumer is going to move to Canada,cindymoonfan252525.bsky.social,2025-11-05T03:06:11.172Z,at://did:plc:ctbaqx6k2ln42dq2f7z2g52p/app.bsky.feed.post/3m4u2xkgvp22j,2025-11-05T03:13:44.959779+00:00
"🇨🇦 Niko Carney for 𝒫𝓊𝓇𝓇𝓇𝓇ime Minis𝓅𝓊𝓇𝓇𝓇𝓇 of Catnada 😻 🟥 🐾 🟥
(Niko is the ""son"" of Prime Minister @mark-carney.bsky.social ) #Canada",darthkater.bsky.social,2025-11-05T03:05:51.103Z,at://did:plc:4vwlz7wepimg4hgrgjdrnigu/app.bsky.feed.post/3m4u2wxcjyk2s,2025-11-05T03:13:44.959781+00:00
"and breathes in far too many pockets across Canada.
Social conservatism is insidious, destructive & needs to be challenged with clarity, determination & persistence.",northernck.bsky.social,2025-11-05T03:05:46.309Z,at://did:plc:vn6gagk2igo2eizg576aebqh/app.bsky.feed.post/3m4u2wsq5gc2a,2025-11-05T03:13:44.959782+00:00
"I sent over 50 emails to the Cons asking them to stand up for Canada, stop the massive wasted taxdollars, and remove PP as leader.  I hope other MPs stand up for CANADA! 

*I sent Chris a ""Thank you"" email  ✅ Chris.dEntremont@parl.gc.ca

Can you image if we can get a Liberal Majority? WIN 4 CANADA",constanceont.bsky.social,2025-11-05T03:05:43.837Z,at://did:plc:47m7ipom3rcpo5viqknlmjh2/app.bsky.feed.post/3m4u2wqepec2u,2025-11-05T03:13:44.959784+00:00
"This is to appease Alberta and UPC’s bizarre threats to Canada. It’s a sunset industry, and everyone knows it. Meanwhile Australia now gives citizens 3 hr of free electricity every day bc their grid is now mainly solar. Other countries are moving on.",nancym1.bsky.social,2025-11-05T03:05:20.299Z,at://did:plc:bwjzurhturu4cyuqpork2p34/app.bsky.feed.post/3m4u2vzwe2k2g,2025-11-05T03:13:44.959786+00:00
"The budget has quite a bit to develop the Arctic.
The Port of Churchill for one. 
Doubling what RHPM Trudeau had earmarked for First Nations & Indigenous Peoples investment loan guarantees to $10 billion, is a start. Canada must do more, I am in FULL agreement.",thinkronicity.bsky.social,2025-11-05T03:04:57.247Z,at://did:plc:ztvxledew74v3zmjgx7lv74j/app.bsky.feed.post/3m4u2vdwvcs2j,2025-11-05T03:13:44.959788+00:00
"Canada, in push away from US, aims to invest billions in defense - POLITICO share.google/qBKCFldNXcv5...",wargle1970.bsky.social,2025-11-05T03:04:34.548Z,at://did:plc:zhpagecdvqbddu6pjf2f4m4g/app.bsky.feed.post/3m4u2uoc6d22k,2025-11-05T03:13:44.959789+00:00
I’m Canadian and was referring to Canada.,seonaganna.bsky.social,2025-11-05T03:04:12.886Z,at://did:plc:dujxi55f4666w3ivmrxk75i4/app.bsky.feed.post/3m4u2tzn3zk2t,2025-11-05T03:13:44.959791+00:00
"As much as I could see this happening, I wonder if Trump realizes how many NATO countries would turn on him and back up Canada in that situation… bc most of Europe is completely fed up with Trump. He would be the odd man out in that situation.",twopumpstump.bsky.social,2025-11-05T03:04:03.102Z,at://did:plc:dic3f7qi4y6acqxe7c2ztugz/app.bsky.feed.post/3m4u2tqcjdk2j,2025-11-05T03:13:44.959793+00:00
A Con has crossed the floor to Libs! Is it Poilievre’s lying about Canada having war zones? Or his attacking RCMP? His incessant negativity? His smarminess? Being a two time loser in the same election? Fact majority of 🇨🇦 women can’t stand him? His regressive social policies? His being a “dick”?,laura-babcock.bsky.social,2025-11-05T03:03:44.671Z,at://did:plc:hizj6sbrbvmiz6whp6swcl2e/app.bsky.feed.post/3m4u2t6q67s2g,2025-11-05T03:13:44.959794+00:00
"Congratulations 🎊 

Love Canada 🇨🇦",pixiedust67.bsky.social,2025-11-05T03:03:39.823Z,at://did:plc:s5y5imbvvl3ficnzlkgtdcvq/app.bsky.feed.post/3m4u2t243ws2h,2025-11-05T03:13:44.959796+00:00
Opinion: I'm a criminologist and grieving aunt. Here's why Ottawa's bail reform won’t make Canada safer,thepeaknews.bsky.social,2025-11-05T03:03:16Z,at://did:plc:fp5g3ilx7f5gnuq3j6b4hlnr/app.bsky.feed.post/3m4u2sdtsbh23,2025-11-05T03:13:44.959798+00:00
Opinion: I'm a criminologist and grieving aunt. Here's why Ottawa's bail reform won’t make Canada safer,richmondnews.bsky.social,2025-11-05T03:03:15Z,at://did:plc:a36x33wbsxvcwhxlisgjeepn/app.bsky.feed.post/3m4u2scqbqg2n,2025-11-05T03:13:44.959800+00:00
Opinion: I'm a criminologist and grieving aunt. Here's why Ottawa's bail reform won’t make Canada safer,piquenews.bsky.social,2025-11-05T03:03:14Z,at://did:plc:nqvlaluxf557tez6mlwrnwuw/app.bsky.feed.post/3m4u2scaejy26,2025-11-05T03:13:44.959801+00:00
"""my voters are all from canada, you wouldn't know them""",audiolibrarian.bsky.social,2025-11-05T03:02:57.769Z,at://did:plc:ahveupw7pwraxkesbnwkjrhk/app.bsky.feed.post/3m4u2rryom22x,2025-11-05T03:13:44.959803+00:00
"Awesomeness 

Hoorah

Canada 🇨🇦 strong",anthonykawalski.bsky.social,2025-11-05T03:02:46.060Z,at://did:plc:ekq4kx6uaesayb753rllqjcw/app.bsky.feed.post/3m4u2rgtez22d,2025-11-05T03:13:44.959805+00:00
"You look to our south, & all the incredible women who have won across all levels of governance, & I’m envious.
Canada is ass backwards when it comes to women in leadership roles.
The far right has chased far too many females out of politics with their death threats, harassment & misogyny which lives",northernck.bsky.social,2025-11-05T03:02:31.001Z,at://did:plc:vn6gagk2igo2eizg576aebqh/app.bsky.feed.post/3m4u2qyhsxc2a,2025-11-05T03:13:44.959806+00:00
"CPC in Canada has been stealing Mamdami's lines about affordability for a little while, although their solution is cutting another carbon tax, though I don't think people are buying it.",jasonvantaco.bsky.social,2025-11-05T03:02:27.974Z,at://did:plc:vshef6cuhimnonflik6jbq34/app.bsky.feed.post/3m4u2qvlfwc2q,2025-11-05T03:13:44.959809+00:00
American politics never impacting Canada is hilarious also,mausholder.bsky.social,2025-11-05T03:01:49.792Z,at://did:plc:3mt3eikuxnxfrbfprujw2j46/app.bsky.feed.post/3m4u2pr66ss2d,2025-11-05T03:13:44.959811+00:00
"This!  As the centrist party in Canada is shuffling rightward, and the UK betrays trans citizens, I'm hoping to see a clear message here.",adriaan.braevitae.com,2025-11-05T03:01:45.747Z,at://did:plc:qkzwrpari5wuyp32vajbnyly/app.bsky.feed.post/3m4u2pnctkc2i,2025-11-05T03:13:44.959813+00:00
"On top of Mount Royale overlooking Montreal in Quebec, Canada 🇨🇦 Nice hike in the snow. ❄️",rschafer.bsky.social,2025-11-05T03:01:37.764Z,at://did:plc:7kyp422aspctakhdgnymdmb6/app.bsky.feed.post/3m4u2pfpejs2k,2025-11-05T03:13:44.959815+00:00
Opinion: I'm a criminologist and grieving aunt. Here's why Ottawa's bail reform won’t make Canada safer,northshorenews.bsky.social,2025-11-05T03:01:35Z,at://did:plc:l3cazudbqn4yc4j3i52owjyq/app.bsky.feed.post/3m4u2pe642b2z,2025-11-05T03:13:44.959816+00:00
Opinion: I'm a criminologist and grieving aunt. Here's why Ottawa's bail reform won’t make Canada safer,squamishchief.bsky.social,2025-11-05T03:01:35Z,at://did:plc:sarym5p7vrxzdq476oo72w7r/app.bsky.feed.post/3m4u2pe655m2e,2025-11-05T03:13:44.959818+00:00
"Cox Bay Beach

#Canada",canada-cambot.bsky.social,2025-11-05T03:01:17Z,at://did:plc:kdmhcb4wmrqzqg6hn2ps55t4/app.bsky.feed.post/3m4u2otz2ur2m,2025-11-05T03:13:44.959820+00:00
Watching from Canada - thank god 🫡,justaguyfromcanada.bsky.social,2025-11-05T03:01:15.283Z,at://did:plc:lha2vxf5jzm2qfdkiou66v4a/app.bsky.feed.post/3m4u2oqb2mk2d,2025-11-05T03:13:44.959822+00:00
"Just to say that Calgary, Alberta, elected the 1st Muslim mayor in Canada and the rest of North America in 2010.. hahttps://thecanadianencyclopedia.ca/en/article/naheed-nenshi",pamelabanting.bsky.social,2025-11-05T03:01:02.365Z,at://did:plc:gjj3f5ngexkxrt2ur6ykj2le/app.bsky.feed.post/3m4u2odwuec27,2025-11-05T03:13:44.959823+00:00
"Sora is now available on Android in the US, Canada, and other regions

https://www.newsbeep.com/uk/244522/

Sora, the AI video generator from OpenAI, is now officially available for Android users in the U.S., Canada,…",uk-nb.bsky.social,2025-11-05T03:00:24+00:00,at://did:plc:6w7425hsc4mjjkte2mbsxdhw/app.bsky.feed.post/3m4u2ndldsl2n,2025-11-05T03:13:44.959825+00:00
Canada can exhale - America getting its shit  Together against Trump 🍾,laura-babcock.bsky.social,2025-11-05T03:00:23.077Z,at://did:plc:hizj6sbrbvmiz6whp6swcl2e/app.bsky.feed.post/3m4u2n6i2zs2g,2025-11-05T03:13:44.959827+00:00
"Those numbers are North American not just Canadian 

With the amount of infrastructure investment and investment in apprenticeship programs- in Canada the Unemployment rate is projected to start falling in Spring of 26",shannonpeel.bsky.social,2025-11-05T03:00:20.551Z,at://did:plc:zs47lvr5ppkj5ei4plscsmtk/app.bsky.feed.post/3m4u2n42ses24,2025-11-05T03:13:44.959829+00:00
"A Hockey Night in Canada segment on the role of the enforcer, featuring Semenko, Hunter, Nilan and John Ferguson:",oilersdaybyday.bsky.social,2025-11-05T03:00:14.816Z,at://did:plc:mg4fzygrbyriuf44p33wijtv/app.bsky.feed.post/3m4u2mww2wq2l,2025-11-05T03:13:44.959830+00:00
"Federal budget 2025: Health measures include $5-billion dedicated infrastructure fund www.theglobeandmail.com/canada/artic... @kkirkup.bsky.social @mark-carney.bsky.social 

𝗠𝗼𝗿𝗲 𝗻𝗲𝘄𝘀 ⇢ CanadaHealthwatch.ca 🍁",canadahealthwatch.ca,2025-11-05T03:00:00.552Z,at://did:plc:eiyryfczicuhk7xrjppyqjxv/app.bsky.feed.post/3m4u2miz4mc2n,2025-11-05T03:13:44.959832+00:00
"Much love from Canada, Mayor Mamdani!",lisence2phil.bsky.social,2025-11-05T02:59:20.524Z,at://did:plc:jbf2zf4ixchykxqcc2vq5mhn/app.bsky.feed.post/3m4u2lcsvbs2p,2025-11-05T03:13:44.959834+00:00
"I don't live in the US, but I'm so happy for the people in the US, sure it's just for NYC Mayor, but this is a nice step forward, and a glimpse of hope.

(PS, You or Maddy should run for mayor, maybe this way you can get funds to build another mountain on Canada with tax-payer money)",costelinhadougref.bsky.social,2025-11-05T02:58:59.532Z,at://did:plc:c7m4pus322ka4fhcememfbdn/app.bsky.feed.post/3m4u2koscb222,2025-11-05T03:13:44.959836+00:00
"Wow, that's brilliant that you've heard of them. :) I wasn't sure what kind of profile they had in England. They got some play here in Canada on college and alternative rock stations. I remember first hearing  them on Brave New Waves.",noisysun.bsky.social,2025-11-05T02:58:58.690Z,at://did:plc:acqmtyjihrxxv5e3femwj7un/app.bsky.feed.post/3m4u2knylyk2e,2025-11-05T03:13:44.959837+00:00
"🌤️ MONTREAL (Canada):
- 6-day forecast
- Updated 05.11.2025 - 00:21 UTC
- Source: open-meteo.com / Météo-France",forecasts.bsky.social,2025-11-05T02:58:48.402158+00:00,at://did:plc:7fzhuspbuipx55zufutkblbc/app.bsky.feed.post/3m4u2kebo3s2s,2025-11-05T03:13:44.959839+00:00
Tuning in from Canada,georgiatheexplorer.bsky.social,2025-11-05T02:58:47.227Z,at://did:plc:dqwvfhvm7qmhceg3s2sp2efk/app.bsky.feed.post/3m4u2kd2rns2j,2025-11-05T03:13:44.959841+00:00
Has anyone told him how much Energy Canada sends to the US?.,laurafrost.bsky.social,2025-11-05T02:58:36.656Z,at://did:plc:wb3mok46pj6a6rajl4hl7jfz/app.bsky.feed.post/3m4u2jyy5gs2a,2025-11-05T03:13:44.959842+00:00
"News of the day in #Canada‼️❤️🇨🇦

#NovaScotia long time #conservative MP crosses the floor to join #Liberals. 

#ChrisD’Entremont #cdnpoli 

So that life long Conservative has said the quiet part out loud.   #ConservativePartyOfCanada hasn’t produced good leadership or effective strategies in a decade",spudislander45.bsky.social,2025-11-05T02:58:30.381Z,at://did:plc:v3eup4rzroyniw2x7bmsdzgt/app.bsky.feed.post/3m4u2jsyphk2c,2025-11-05T03:13:44.959844+00:00
"In Canada, the NDP should be taking notes.",dreahouston.bsky.social,2025-11-05T02:58:30.189Z,at://did:plc:uvldvzljmo52ibwf6huz6let/app.bsky.feed.post/3m4u2jssrz22v,2025-11-05T03:13:44.959846+00:00
"Gear up for next year Canada. 
International tourism, including from China will soar!!

Buy Canadian
Travel Canadian",jimvanallen.bsky.social,2025-11-05T02:58:07.532Z,at://did:plc:35qwfv3hwa7ffba62lio7wpx/app.bsky.feed.post/3m4u2j57dzs2n,2025-11-05T03:13:44.959848+00:00
"These 5 budget items could impact you



#cbc #cbc-top-stories #Canada ",scrubfire84.bsky.social,2025-11-05T02:57:56.179189+00:00,at://did:plc:bnk5d72upa2mfzwglo6ynbs3/app.bsky.feed.post/3m4u2isglsr2v,2025-11-05T03:13:44.959849+00:00
"The Canada plan is not tied to their employment. I think they have implemented either vison or dental, not sure. Someone from Canada on my feed that sees this can chime in. I like the Denmark one.",diamondstar1962.bsky.social,2025-11-05T02:57:45.483Z,at://did:plc:k4ckbcwvqdp22mc2zvwisgej/app.bsky.feed.post/3m4u2ii6hsk2j,2025-11-05T03:13:44.959851+00:00
Congratulations from Canada! 🇨🇦,kennagirl.bsky.social,2025-11-05T02:57:06.419Z,at://did:plc:hru27fofzvmrvg4ndjo3gket/app.bsky.feed.post/3m4u2hcweds2r,2025-11-05T03:13:44.959853+00:00
HELLO TRUMP.......HOW'S THE BLUE WAVE GOING???    DID YOU LEARN ANYTHING TONIGHT?        This is from Canada!!!    WOO HOO!!!!,luckypt7.bsky.social,2025-11-05T02:56:57.472Z,at://did:plc:qeby4bjjrpf6chv56ur5zzlv/app.bsky.feed.post/3m4u2h2fc2s22,2025-11-05T03:13:44.959855+00:00
"Happy for NYC and Mamdani but maybe let's focus on the actual fascist takeover of America now.

signed, Canada",spencercallaghan.ca,2025-11-05T02:56:19.059Z,at://did:plc:wocub6l3a2egxnbwi3jlgdhr/app.bsky.feed.post/3m4u2fvr2ds22,2025-11-05T03:13:44.959856+00:00
There's a successful grassroots movement to help U.S. healthcare workers move to Canada. Info: www.youtube.com/watch?v=tgxR...,creatrixpj.bsky.social,2025-11-05T02:56:11.933Z,at://did:plc:72n7taffbvaldlded7s5hnr3/app.bsky.feed.post/3m4u2foxlec2t,2025-11-05T03:13:44.959858+00:00
Congratulations from Canada! 🇨🇦 You give us hope that the US can be brought back to decency and democracy.,ottawaswede.bsky.social,2025-11-05T02:56:06.343Z,at://did:plc:namb5prswgx3ouawyrdryb3x/app.bsky.feed.post/3m4u2fjmze22h,2025-11-05T03:13:44.959860+00:00
Right?! We celebrate even in Canada !,anthonyglinoer.bsky.social,2025-11-05T02:56:01.658Z,at://did:plc:e7hzjjunodovmqvtv2we5mgj/app.bsky.feed.post/3m4u2ff5y7c2e,2025-11-05T03:13:44.959862+00:00
"OMG that is the exact scenario in Canada. The Conservatives who are like your Republicans have a horrible financial history, yet they keep saying they are the fiscally responsible ones and people just believe it without looking at the data.",hellobonjour.bsky.social,2025-11-05T02:55:45.668Z,at://did:plc:mlimbtxuf4wyxwvtb2fm7yur/app.bsky.feed.post/3m4u2evvyxs2f,2025-11-05T03:13:44.959864+00:00
"Nuevas voces del rock global: crudeza, ironía y emoción

Desde Australia, Canadá, Alemania y España, artistas como ReeToxA, Rich Chambers, Lily of the Devil y Las Gargantas demuestran que el rock sigue vivo en todas sus formas: crudo, melódico, trágico o sarcástico. En sus nuevos lanzamientos, el…",lacaverna.net,2025-11-05T02:55:39Z,at://did:plc:wtpy3mgvfhjmijgiclzxwyds/app.bsky.feed.post/3m4u2erk4dz2a,2025-11-05T03:13:44.959865+00:00
"lol, I am proud that you read it once, and applaud your reading it multiple times.  🥂  IMO the government is bloated, there is a lot of waste and overhead that can be trimmed, if not slashed.  The Consultant numbers alone can take a large bite out of that 40K.  As Canada becomes strong for all.",celticcharm.bsky.social,2025-11-05T02:55:37.052Z,at://did:plc:rnjt6vsoito3wbk4wznkfp6c/app.bsky.feed.post/3m4u2enp3v22j,2025-11-05T03:13:44.959867+00:00
Very disappointing that someone thought th was ok to vandalize.  Do better. www.cbc.ca/news/canada/...,kitkatmollydolly.bsky.social,2025-11-05T02:55:35.775Z,at://did:plc:uovjbxlhrtwgww4sskdglndf/app.bsky.feed.post/3m4u2emi4ss2y,2025-11-05T03:13:44.959869+00:00
naturalize katy,tds.xyz,2025-11-05T02:55:04.262Z,at://did:plc:vqpm3zestn6bozahzch7t4uc/app.bsky.feed.post/3m4u2doggfk2j,2025-11-05T03:13:44.959871+00:00
Celebrating in Canada! 🇨🇦,cranberrywhiner.bsky.social,2025-11-05T02:54:52.432Z,at://did:plc:i7uezlmtc5krcvts25q3iymw/app.bsky.feed.post/3m4u2dd5eos2z,2025-11-05T03:13:44.959873+00:00
"Not enough people are talking about the actual biggest political story in North America this week.

A majority of voters in the Yukon voted (in a non-binding plebiscite) in favour of moving to a ranked-ballot voting system.

www.cbc.ca/news/canada/...",aaronwherry.bsky.social,2025-11-05T02:54:52.058Z,at://did:plc:yge3sr4i2ffsta2unrjbriy6/app.bsky.feed.post/3m4u2dcrzfs2x,2025-11-05T03:13:44.959875+00:00
"
📊 Most discussed terms (EN) in the last 60min – 02:54 UTC
Data source: 1500 English posts

🔸 Trump (30)
🔸 November (26)
🔸 Virginia (24)
🔸 Spanberger (12)
🔸 Cuomo (11)
🔸 City (10)
🔸 Dems (10)
🔸 Republican (9)
🔸 Canada (9)
🔸 Republicans (9)",toppnews.bsky.social,2025-11-05T02:54:46.777933+00:00,at://did:plc:mhqnbglrgmwiuz3kgexbi7uf/app.bsky.feed.post/3m4u2d5tzgg2l,2025-11-05T03:13:44.959877+00:00
"Benjamin Lee from Vancouver, Canada is holding a donut. While doing so, Liam Henderson also eats so fast they hiccup loudly as a stranger offers to help clean up. Then, a stranger sits down and shares their fries without asking.",raspberi.bsky.social,2025-11-05T02:54:25.98321200Z,at://did:plc:cl2as54pbcu3nksugeqz5nf7/app.bsky.feed.post/3m4u2cnacjg2a,2025-11-05T03:13:44.959878+00:00
This temple attacked for the TENTH time in two years. Toronto mayor is pathetic. If anything happens like this in NYC we will not stand for it.  www.cbc.ca/news/canada/...,germanshepherdgirl.bsky.social,2025-11-05T02:53:28.458Z,at://did:plc:pnys3e4mplto643ex2svrthp/app.bsky.feed.post/3m4u2at2psk2b,2025-11-05T03:13:44.959880+00:00
"My unsolicited take on Mamdani's ripple effects in Canada.

- Mamdani's win shines more light on BC's power vacuum on the left; the moment is ripe to organize and shift the Overton window back left.",susankimyyj.bsky.social,2025-11-05T02:53:22.243Z,at://did:plc:2lbitjlnaqsbgnrxfsvbrgs3/app.bsky.feed.post/3m4u2an4zik2r,2025-11-05T03:13:44.959882+00:00
"The PM will be at #QP tomorrow, for the first time in two weeks.",journodale.bsky.social,2025-11-05T02:53:16.731Z,at://did:plc:4xqt7t2zph634drigtdxdmro/app.bsky.feed.post/3m4u2ahuvmc2s,2025-11-05T03:13:44.959884+00:00
And Canada too!!!!,dountoothers.bsky.social,2025-11-05T02:53:16.291Z,at://did:plc:2hc7ty76m54t6rtipyag7caq/app.bsky.feed.post/3m4u2ahhfxs2z,2025-11-05T03:13:44.959885+00:00
Mace is illegal in Canada but Chanel No 5 isn't. . .,cybermercy.bsky.social,2025-11-05T02:53:06.360Z,at://did:plc:zkjsl57xt4fqupgampdosa3w/app.bsky.feed.post/3m4u2a5ygns2d,2025-11-05T03:13:44.959887+00:00
And he’s turned off ADS-B. Last location over Canada heading NE. Likely to Europe given the track,somearborist.bsky.social,2025-11-05T02:52:28.466Z,at://did:plc:act5feqttqspqpmn2m2fkmyt/app.bsky.feed.post/3m4u26ztzrk2r,2025-11-05T03:13:44.959889+00:00
Same—also in Canada!,cecilew.bsky.social,2025-11-05T02:52:23.013Z,at://did:plc:awrob346gxqntmd62dqy5z4m/app.bsky.feed.post/3m4u26unioc2d,2025-11-05T03:13:44.959891+00:00
"Canada Budget Promises to Stablecoin Regulation Next Year

Canada is set to introduce legislation regulating fiat-backed stablecoins under its federal budget for 2025, following the footsteps of the US, which passed landmark stablecoin laws in July. Stablecoin issuers will be required to hold…",megapickz.bsky.social,2025-11-05T02:52:13Z,at://did:plc:sa2zhpp5vgznbrdn3hxcvg6s/app.bsky.feed.post/3m4u26mi2s326,2025-11-05T03:13:44.959892+00:00
"A Conservative MP crossed the floor in Canada to join Carney’s Liberals, and apparently there are more who may follow.

Absolutely incredible things are happening in Ottawa.",slyence.mastodo.neoliber.al.ap.brid.gy,2025-11-05T02:52:12.000Z,at://did:plc:ovnj3yufizsuunyit5kcxpam/app.bsky.feed.post/3m4u27edejip2,2025-11-05T03:13:44.959894+00:00
"Zoran’s win is a sign. It’s a manifestation of the will of the people, saying ‘no more bullshit.’ We’re sick of the establishment ‘left’ that every other first world democracy would consider center-right. 
Do you want cool shit like Canada/Australia have? Elect more people like AOC & Zoran.",amymebberson.bsky.social,2025-11-05T02:51:59.350Z,at://did:plc:mdxmme3yaigpbbvioyof4ni7/app.bsky.feed.post/3m4u2663ebk2t,2025-11-05T03:13:44.959896+00:00
Just overjoyed! Congratulations from Canada!,emgeekay.bsky.social,2025-11-05T02:51:49.460Z,at://did:plc:rp6pclhm7sowwy2injtmhisp/app.bsky.feed.post/3m4u25unj3s2g,2025-11-05T03:13:44.959898+00:00
"Big W for @zohrankmamdani.bsky.social 

Congrats from Canada dude :)",pfaieta.myatproto.social,2025-11-05T02:51:36.794Z,at://did:plc:rilbeo4sjvvq5sryj2nfemmi/app.bsky.feed.post/3m4u25il2v22q,2025-11-05T03:13:44.959899+00:00
" & an end to the Trump-level corruption. Yeah, that ones a winner. & maybe Ford's AmCan plan for further integration with US, and freezing out Mexico in the process?  Point that out and stress cooperation with allies that don't stab us in the back. You'll have to dint his faux capt canada schtick",kmacky.bsky.social,2025-11-06T03:15:41.576Z,at://did:plc:dtdv5nx6lkdkrojvhbwcb726/app.bsky.feed.post/3m4wlxhuxus2g,2025-11-06T03:16:06.481301+00:00
>Canada,valvidius.bsky.social,2025-11-06T03:15:36.367Z,at://did:plc:aalf2tforaxrsq6xp6osblxp/app.bsky.feed.post/3m4wlxcvyxk26,2025-11-06T03:16:06.481317+00:00
"I think it is only in Canada, even though it is a Cadbury bar. NOTHING is as delicious as the Wunderbar, as far as I'm concerned 🥰",tvdean.bsky.social,2025-11-06T03:15:28.062Z,at://did:plc:77wj7vjv2lpbxd7v75cmybl6/app.bsky.feed.post/3m4wlx2ykmc2z,2025-11-06T03:16:06.481320+00:00
"Vietnam’s exports to Canada reached US$660.02 million in September 2025, down 5.54 percent from August, according to preliminary data from Vietnam’s General Department of Customs. the-shiv.com/canada-buys-...",thehyphenshiv.bsky.social,2025-11-06T03:15:20.396Z,at://did:plc:3ur5om4kjpalv2oma6zq7qju/app.bsky.feed.post/3m4wlwtombs2d,2025-11-06T03:16:06.481323+00:00
Canada avoided that by electing Carney.,victoryrenfrew.bsky.social,2025-11-06T03:15:17.250Z,at://did:plc:vd5ocxqkpn2afkavcfsepe66/app.bsky.feed.post/3m4wlwqolzc2p,2025-11-06T03:16:06.481325+00:00
"Pour ce volet je crois que le volume le permet, la taxe kick in à 100 000$ ce qui inclut énormément de véhicules au Canada, j'aimerais voir le montant récupéré mais je ne serais pas surpris que ça dépasse aéronefs et bateaux combinés.",michaudjp.bsky.social,2025-11-06T03:15:14.118Z,at://did:plc:v6jekspa6r4i6whkktomp5gd/app.bsky.feed.post/3m4wlwnozgc2w,2025-11-06T03:16:06.481327+00:00
"Releases on (Amazon)(Canada) Nov 11, 2025 (For Whom the Bell Tolls Blu-ray) C$36.95  Genre: (Romance)  IMDb Rating: 6.7 Cast: Gary Cooper   Trailer & Reviews :",movies-on-sale.bsky.social,2025-11-06T03:15:01.489Z,at://did:plc:wub7jjxlq7uaaokl77gvi2zz/app.bsky.feed.post/3m4wlwcmomn2k,2025-11-06T03:16:06.481329+00:00
Does anyone else hear in their head the music from Route 26/27 (the connector between Kanto and Johto) from Pokemon Gold/Silver/Crystal every time they cross into Canada? Just me???,strayjazzcat.bsky.social,2025-11-06T03:14:46.722Z,at://did:plc:ig57nhlcz5rxdhgm5cl6lwvo/app.bsky.feed.post/3m4wlvtkyik2v,2025-11-06T03:16:06.481331+00:00
#Canada,venilia13.bsky.social,2025-11-06T03:14:34.804Z,at://did:plc:4qz245vzimsqtch736gyva3m/app.bsky.feed.post/3m4wlvi7ats2k,2025-11-06T03:16:06.481333+00:00
I want to see Judge Cannon removed. @vintagelove.bsky.social @realtexaspaul.com @openpodbaydoor.bsky.social @suzyqfit4u.bsky.social @ladykatherine.bsky.social @canada-keith.bsky.social @yoksig.bsky.social @housedemocrats.bsky.social @msnbc.com @lakerpatrick.bsky.social @loveshine204.bsky.social,skyred1250.bsky.social,2025-11-06T03:14:10.113Z,at://did:plc:gogvp4spurzklveenuxc3tyf/app.bsky.feed.post/3m4wluqohy22u,2025-11-06T03:16:06.481334+00:00
"Shunned last year by Team Canada, @johnwaltonpxp.bsky.social  makes the case for Tom Wilson to play in the Four Nations tournament in February. ""If you are going to stop the Tchakuks (USA), you are gonna need Tom Wilson.""",capitalpun.bsky.social,2025-11-06T03:14:05.282Z,at://did:plc:sbxztoljbhp2olhhntb5tnww/app.bsky.feed.post/3m4wlum2rg22h,2025-11-06T03:16:06.481336+00:00
"This June, we're taking a closer look at the Framework for Recreation in Canada 2024 Update. Let's see what's new for our communities! #Recreation #Canada #Community",artborupscorners.bsky.social,2025-11-06T03:14:05+00:00,at://did:plc:emd6cwisq7wqne635mrgzmlg/app.bsky.feed.post/3m4wlumjpof2u,2025-11-06T03:16:06.481338+00:00
"Releases on (Amazon)(Canada) Nov 11, 2025 (Re-Animator Blu-ray) C$53.93  Genre: (Horror)  IMDb Rating: 7.8 Cast: Jeffrey Combs   Trailer & Reviews :",movies-on-sale.bsky.social,2025-11-06T03:14:00.420Z,at://did:plc:wub7jjxlq7uaaokl77gvi2zz/app.bsky.feed.post/3m4wluidurn2k,2025-11-06T03:16:06.481340+00:00
"todo mundo achou o meme engraçado menos a luiza, que está no canadá",sophiasticated.bsky.social,2025-11-06T03:13:49.910Z,at://did:plc:2judhpw2it7v625c74sho5fd/app.bsky.feed.post/3m4wlu5f72c2z,2025-11-06T03:16:06.481342+00:00
Canada still has it right. FDR moved the US Thanksgiving to November during the Great Depression in the hope of creating a shopping season.,accidentalflyer.bsky.social,2025-11-06T03:13:42.451Z,at://did:plc:bynmvewjaqyll4o4s57jnv47/app.bsky.feed.post/3m4wltwblts24,2025-11-06T03:16:06.481344+00:00
"this publisher asked if the translator was born in Canada and if they're a Canadian citizen, and asked the translator to SPLIT fees with a translator who is a ""native speaker""",yilinwriter.bsky.social,2025-11-06T03:13:31.525Z,at://did:plc:pcpvtzt4jda262oxlcralpme/app.bsky.feed.post/3m4wltlu5wc2a,2025-11-06T03:16:06.481345+00:00
"More importantly, I hope he learns that regulation of financial industries is critical. Canada weathered 2008 far better than the US due to our regulatory system. We didn’t lose our homes.",cupcakeyow.bsky.social,2025-11-06T03:13:17.386Z,at://did:plc:6xeoeq24v2pklbhp2ofshu2w/app.bsky.feed.post/3m4wlt6endc2w,2025-11-06T03:16:06.481347+00:00
#Canada - now that I live in a condo I can’t have a fresh tree - really miss it - my family did it for nearly 50 years. For those that still can - enjoy it nothing like it.,venilia13.bsky.social,2025-11-06T03:13:03.662Z,at://did:plc:4qz245vzimsqtch736gyva3m/app.bsky.feed.post/3m4wlsrbtxk2k,2025-11-06T03:16:06.481349+00:00
"Releases on (Amazon)(Canada) Nov 11, 2025 (Prisoner of War Blu-ray) C$22.98  Genre: (Action)  IMDb Rating: 6.9 Cast: Scott Adkins",movies-on-sale.bsky.social,2025-11-06T03:13:00.523Z,at://did:plc:wub7jjxlq7uaaokl77gvi2zz/app.bsky.feed.post/3m4wlsohiwv2r,2025-11-06T03:16:06.481351+00:00
"""The U.S., Canada, Australia, and Norway collectively increased their oil and gas production by nearly 40 percent since the Paris Agreement was adopted in 2015 to 2024""

Cool. And this doesn't even include coal...

oilchange.org/publications...",ellybaxter.bsky.social,2025-11-06T03:12:57.960Z,at://did:plc:ylxv5gkftg3iiceawvkig57n/app.bsky.feed.post/3m4wlslttm226,2025-11-06T03:16:06.481353+00:00
"All I’ll say is that there are plenty of countries whose citizens prefer a peaceful & prosperous world, but see a need for significant military spending. Because they face plausible threats.

Canada no longer has the luxury of believing we’re different. We’ve been complacent and must now catch up.",lurkerenvoy.bsky.social,2025-11-06T03:12:33.616Z,at://did:plc:ngg3zescdojwvirotsxglkz7/app.bsky.feed.post/3m4wlrumw622i,2025-11-06T03:16:06.481354+00:00
"If there wasn’t video, I’d think this would be truly unbelievable. But it is Binner on video, so… 😑

I’d expect this childish ransom from idiot fans, not from a professional player on the same sheet of ice.

I hope three other goalies emerge as top goalies for Team Canada because…wow…just wow.",lasagnazero.bsky.social,2025-11-06T03:12:32.011Z,at://did:plc:vfi77nom5cwpnhurnxhy7ltj/app.bsky.feed.post/3m4wlrt3wrs2e,2025-11-06T03:16:06.481356+00:00
"“Canada claws back the Child Benefit at household incomes above $81,000 – but allows OAS to flow freely until a couple makes $182,000. In effect, middle-income parents raising children are asked to tighten belts while retired couples with six-figure incomes continue to collect $18,000 subsidies.“",bromptonymous.ca,2025-11-06T03:12:22.965Z,at://did:plc:tpknol2facvm3xk66vn2mi5w/app.bsky.feed.post/3m4wlrkhwqs2w,2025-11-06T03:16:06.481358+00:00
"Releases on (Amazon)(Canada) Nov 11, 2025 (Dust Devil Blu-ray) C$36.95  Genre: (Horror)  IMDb Rating: 6.9 Cast: Robert John Burke   Trailer & Reviews :",movies-on-sale.bsky.social,2025-11-06T03:12:00.664Z,at://did:plc:wub7jjxlq7uaaokl77gvi2zz/app.bsky.feed.post/3m4wlqwbmpy26,2025-11-06T03:16:06.481360+00:00
✘ Can't build Canada Strong without a healthy Canada. What's the plan for the ongoing airborne pandemic? #CovidIsAirborne #CdnHealth #StopTheSpread,covid.aktion.network,2025-11-06T03:11:48.888Z,at://did:plc:lknwmltw6yfmoiiisjuwiywo/app.bsky.feed.post/3m4wlqjxxhc2y,2025-11-06T03:16:06.481361+00:00
"The ‘Kanadian Konservative Klan’ are just as incompetent in Canada as republicans are in the US. 
Come to think of it, when has any conservatives in any country promoted unity?",lucagalletti.bsky.social,2025-11-06T03:11:35.135Z,at://did:plc:bfsv7y5se2pppzza3qbmilsh/app.bsky.feed.post/3m4wlq4uljs2m,2025-11-06T03:16:06.481363+00:00
Radio-Canada Info:  Dandjinou et Beauchemin-Pinard nommés athlètes internationaux de l’année ,aricierss.bsky.social,2025-11-06T03:11:29.500Z,at://did:plc:2rker5jsweiukz55nxst6hjk/app.bsky.feed.post/3m4wlpxlivc2b,2025-11-06T03:16:06.481365+00:00
"Releases on (Amazon)(Canada) Nov 11, 2025 (The Mask Blu-ray) C$64.94  Genre: (Comedy)  IMDb Rating: 7.0 Cast: Jim Carrey   Trailer & Reviews :",movies-on-sale.bsky.social,2025-11-06T03:11:00.639Z,at://did:plc:wub7jjxlq7uaaokl77gvi2zz/app.bsky.feed.post/3m4wlp4wxyn2d,2025-11-06T03:16:06.481367+00:00
"(at Greenland, Canada, perhaps Mexico, quite possibly Belgium) 

""And remember, you guys are next""

www.youtube.com/watch?v=c_xU...",lizamazel.bsky.social,2025-11-06T03:10:27.269Z,at://did:plc:p2ygpwluon3vrk5yecjq7wc5/app.bsky.feed.post/3m4wlo453h226,2025-11-06T03:16:06.481369+00:00
"#TheAssembly — a global hit where #celebrities are interviewed by people on the #autism #spectrum — is getting a #Canada version. As the latest show putting #neurodivergence in the spotlight, it's received mixed reviews. Some call it heartwarming, others condescending.
www.cbc.ca/news/enterta...",chrjcar.bsky.social,2025-11-06T03:10:24.467Z,at://did:plc:6cvqmnqfd4wwyttt7r6xzf4j/app.bsky.feed.post/3m4wlnzhm3s2k,2025-11-06T03:16:06.481370+00:00
"Releases on (Amazon)(Canada) Nov 11, 2025 (The Cat and the Canary Blu-ray) C$36.95  Genre: (Horror)  IMDb Rating: 6.9 Cast: Laura La Plante   Trailer & Reviews :",movies-on-sale.bsky.social,2025-11-06T03:10:00.734Z,at://did:plc:wub7jjxlq7uaaokl77gvi2zz/app.bsky.feed.post/3m4wlne5bpn2r,2025-11-06T03:16:06.481372+00:00
Just a few Canada geese taking flight over the resting area.,wing-shot.bsky.social,2025-11-06T03:09:19.425Z,at://did:plc:hgsw5cakfliesbfb2mdpga2n/app.bsky.feed.post/3m4wlm3h65c2o,2025-11-06T03:16:06.481374+00:00
"He'll also keep blatantly lying that other countries pay his tariffs, Reagan loved tariffs, Canada pumps fentanyl into the US and rips off the US in trade, the US needs to own Greenland for nat'l defense reasons, and civilians he's blowing up in the Caribbean are a security threat to the US.
All BS.",4animallife.bsky.social,2025-11-06T03:09:16.768Z,at://did:plc:zhrzqdsuo3d5ymvwftsfqz3b/app.bsky.feed.post/3m4wllyvls22v,2025-11-06T03:16:06.481376+00:00
"Releases on (Amazon)(Canada) Nov 11, 2025 (Together Blu-ray) C$26.99  Genre: (Horror)  IMDb Rating: 6.6 Cast: Alison Brie   Trailer & Reviews :",movies-on-sale.bsky.social,2025-11-06T03:09:00.481Z,at://did:plc:wub7jjxlq7uaaokl77gvi2zz/app.bsky.feed.post/3m4wllkd6of26,2025-11-06T03:16:06.481378+00:00
"Tracker 3x03 #trackercbs #tvsky 

1. Surprised Jensen was not in that episode because it was very Supernatural.

2. I don't trust Mel. Something smells hinky.

3. The old church is a historic site in Surrey. Love learning new things about BC.",dgct2.bsky.social,2025-11-06T03:08:40.118Z,at://did:plc:3ctlocpuhthoarauk5bl2q5j/app.bsky.feed.post/3m4wlkvxw622g,2025-11-06T03:16:06.481379+00:00
"Releases on (Amazon)(Canada) Nov 11, 2025 (Death Wish 3 4K Blu-ray) C$50.16  Genre: (Crime)  IMDb Rating: 6.5 Cast: Charles Bronson   Trailer & Reviews :",movies-on-sale.bsky.social,2025-11-06T03:08:00.540Z,at://did:plc:wub7jjxlq7uaaokl77gvi2zz/app.bsky.feed.post/3m4wljrbptk2k,2025-11-06T03:16:06.481381+00:00
"Yesterday's federal #budget teased that the government is working with #CBC/Radio-Canada to explore #Canada participation in the #Eurovision Song Contest. While Europop fans might be excited, Canadian participation might not be all that easy, as past attempts have proved.
www.cbc.ca/news/enterta...",chrjcar.bsky.social,2025-11-06T03:07:25.410Z,at://did:plc:6cvqmnqfd4wwyttt7r6xzf4j/app.bsky.feed.post/3m4wliopdnk2k,2025-11-06T03:16:06.481383+00:00
YOOO this is me after one man in the driveway pronounced Empanada like Canada and it’s been 15 years.,ayanaps.bsky.social,2025-11-06T03:07:16.395Z,at://did:plc:wdeywna2bhafap5zgelyadr3/app.bsky.feed.post/3m4wlig432k2o,2025-11-06T03:16:06.481385+00:00
www.cbc.ca/news/canada/...,traceytaylor.bsky.social,2025-11-06T03:07:12.473Z,at://did:plc:vd4dsdbop6gpaxc5w5wdd36c/app.bsky.feed.post/3m4wlicefyf2p,2025-11-06T03:16:06.481387+00:00
"Releases on (Amazon)(Canada) Nov 11, 2025 (U-571 4K Blu-ray) C$44.99  Genre: (Action)  IMDb Rating: 6.9 Cast: Matthew McConaughey   Trailer & Reviews :",movies-on-sale.bsky.social,2025-11-06T03:07:00.508Z,at://did:plc:wub7jjxlq7uaaokl77gvi2zz/app.bsky.feed.post/3m4wlhy5hnf2r,2025-11-06T03:16:06.481389+00:00
MAPLE MAGA Is Collapsing in Canada. Is he toast? Put it this way: the smoke alarm is already chirping- Dean Blundell share.google/QhYTTaHQ6fGW...,brandystanford.bsky.social,2025-11-06T03:06:57.272Z,at://did:plc:q7ejz2jcp6vw4xh5wa7unowb/app.bsky.feed.post/3m4wlhtuias2r,2025-11-06T03:16:06.481390+00:00
"Emma Carter from Vancouver, Canada is carving a watermelon. While doing so, Liam Henderson also eats so fast they hiccup loudly as a stranger offers to help clean up. Then, the kitchen accidentally serves them a meal they didn’t order, and it’s amazing.",raspberi.bsky.social,2025-11-06T03:06:55.27693100Z,at://did:plc:cl2as54pbcu3nksugeqz5nf7/app.bsky.feed.post/3m4wlhvalvn22,2025-11-06T03:16:06.481392+00:00
"Giving a pedophile war criminal a ""peace prize"", despite the fact he's bombing boats in Venezuela and trying to go to war in Venezuela, Colombia and Nigeria, and threatening to annex Canada, Greenland and Panama.

FIFA is a disgrace. Infantino needs to resign.",thedaftestlap.bsky.social,2025-11-06T03:06:08.790Z,at://did:plc:mld5xrdw2tamceeourccbvyy/app.bsky.feed.post/3m4wlgfmxjk2s,2025-11-06T03:16:06.481394+00:00
"Releases on (Amazon)(Canada) Nov 11, 2025 (Caught Stealing Blu-ray) C$45.99  Genre: (Crime)  IMDb Rating: 6.9 Cast: Austin Butler   Trailer & Reviews :",movies-on-sale.bsky.social,2025-11-06T03:06:00.607Z,at://did:plc:wub7jjxlq7uaaokl77gvi2zz/app.bsky.feed.post/3m4wlg6ufn62g,2025-11-06T03:16:06.481396+00:00
"My Canadian husband currently in Canada when I told him about the flight cancelations: "" oh.         .... no?""",annaeclark.bsky.social,2025-11-06T03:05:41.758Z,at://did:plc:tdcscjxgn37nk2tukfawxmsa/app.bsky.feed.post/3m4wlfltz3k2l,2025-11-06T03:16:06.481397+00:00
"I feel like my Canadian friends might be able to confirm my suspicion that this plan is not, in fact, ""extremely similar to Canada"". My youngest pays for UHIP health insurance in Ontario because she's not eligible for their universal system, and it's like $1000 a year or less.",wademinter.com,2025-11-06T03:05:32.408Z,at://did:plc:c7vyv3rfip6mejhnzairvkd3/app.bsky.feed.post/3m4wlfcwnas23,2025-11-06T03:16:06.481399+00:00
"🍁 A Good News Canadian Story 🍁

www.cbc.ca/news/canada/...",scottishox2.bsky.social,2025-11-06T03:05:25.266Z,at://did:plc:mpfb6szed2o4tldqp7orcnrj/app.bsky.feed.post/3m4wlf44qls2u,2025-11-06T03:16:06.481401+00:00
"ACARS Message From: C-GBHY / RV1934 

Message: GOT A HOLD... EXPECT A 1 5 MIN DELAY 

Track Aircraft: https://www.flightradar24.com/C-GBHY 

Area: Meaford, ON, Canada 

#acars #vdlm2 #CGBHY #RV1934",acarsdrama.bsky.social,2025-11-06T03:05:03+00:00,at://did:plc:i6m5urtifwvjqv4bfytcwslt/app.bsky.feed.post/3m4wlehdmfb2g,2025-11-06T03:16:06.481403+00:00
"Releases on (Amazon)(Canada) Nov 11, 2025 (Re-Animator 4K Blu-ray) C$62.18  Genre: (Horror)  IMDb Rating: 7.8 Cast: Jeffrey Combs   Trailer & Reviews :",movies-on-sale.bsky.social,2025-11-06T03:05:00.788Z,at://did:plc:wub7jjxlq7uaaokl77gvi2zz/app.bsky.feed.post/3m4wlefsqi72q,2025-11-06T03:16:06.481404+00:00
As the most trustworthy media source in Canada I believe they have to let you.,pugganoche.bsky.social,2025-11-06T03:04:54.500Z,at://did:plc:k26d2vpttadbq6a7srwts764/app.bsky.feed.post/3m4wle6rsp22p,2025-11-06T03:16:06.481406+00:00
"As is the income of the families whose Canada Child Benefit is clawed back at the much lower $81,000. 
Retired couples with $182K incomes don't require OAS to live a dignified life, while the neediest seniors could use a boost to survive.",pauldecampo.bsky.social,2025-11-06T03:04:46.215Z,at://did:plc:r7ohvw35kpgk4ntxuhcetgwt/app.bsky.feed.post/3m4wldwuxus2q,2025-11-06T03:16:06.481408+00:00
Initial $6.4 billion investment into Canada from G7 countries as part of critical minerals production alliance 💪,onewheeldoin200.bsky.social,2025-11-06T03:04:41.103Z,at://did:plc:etricao3abixyyie4urfc3cw/app.bsky.feed.post/3m4wldrywpk2l,2025-11-06T03:16:06.481410+00:00
"In Dec. 2024, #NBPower told reporters the major new #GasPlant would likely be built in the Scoudouc #IndustrialPark. But according to the two-page report, the utility decided just two months later it would instead go with property near Centre Village in #rural Tantramar.
www.cbc.ca/news/canada/...",chrjcar.bsky.social,2025-11-06T03:04:18.371Z,at://did:plc:6cvqmnqfd4wwyttt7r6xzf4j/app.bsky.feed.post/3m4wld4dees2k,2025-11-06T03:16:06.481411+00:00
"Releases on (Amazon)(Canada) Nov 11, 2025 (One Flew Over the Cuckoo's Nest 4K Blu-ray) C$29.99  Genre: (Drama)  IMDb Rating: 8.7 Cast: Jack Nicholson   Trailer & Reviews :",movies-on-sale.bsky.social,2025-11-06T03:04:00.635Z,at://did:plc:wub7jjxlq7uaaokl77gvi2zz/app.bsky.feed.post/3m4wlcmguiy26,2025-11-06T03:16:06.481413+00:00
"I can’t say I know enough about bank regulation to say whether these risk transfers are a potential systemic issue, but the fact that they’re common in Europe and Canada gives me some comfort.",nero-wolfe.bsky.social,2025-11-06T03:03:12.719Z,at://did:plc:dhkwfqkfa6grucrtyocoowsh/app.bsky.feed.post/3m4wlb5pp6s2l,2025-11-06T03:16:06.481418+00:00
"Releases on (Amazon)(Canada) Nov 11, 2025 (Freakier Friday Blu-ray) C$45.99  Genre: (Comedy)  IMDb Rating: 6.7 Cast: Jamie Lee Curtis   Trailer & Reviews :",movies-on-sale.bsky.social,2025-11-06T03:03:00.628Z,at://did:plc:wub7jjxlq7uaaokl77gvi2zz/app.bsky.feed.post/3m4wlatiypa26,2025-11-06T03:16:06.481419+00:00
"Deep Cove in Vancouver, Canada.

#Canada",canada-cambot.bsky.social,2025-11-06T03:02:25Z,at://did:plc:kdmhcb4wmrqzqg6hn2ps55t4/app.bsky.feed.post/3m4wl7ukiwm2l,2025-11-06T03:16:06.481421+00:00
"Releases on (Amazon)(Canada) Nov 11, 2025 (Dr. Seuss' How the Grinch Stole Christmas 4K Blu-ray) C$44.99  Genre: (Family)  IMDb Rating: 6.4 Cast: Jim Carrey   Trailer & Reviews :",movies-on-sale.bsky.social,2025-11-06T03:02:00.732Z,at://did:plc:wub7jjxlq7uaaokl77gvi2zz/app.bsky.feed.post/3m4wl72d2f32u,2025-11-06T03:16:06.481423+00:00
"Insfrictions unclear, NYC now technically has a land border with Canada.",publicuniversal.bsky.social,2025-11-06T03:01:51.204Z,at://did:plc:4sdlrs3pqhpkatc2qfoxilyf/app.bsky.feed.post/3m4wl6py3oc2f,2025-11-06T03:16:06.481425+00:00
"the whole premise even trying to model it ""after Canada"" doesn't even work as health care is a provincial responsibility with certain responsibilities set by the federal gov.  Every province will have its own benefits and differences to each other.",gu3.st,2025-11-06T03:01:27.569Z,at://did:plc:gmazp2jirqjmt7pqnm2xaljg/app.bsky.feed.post/3m4wl5zgqo22x,2025-11-06T03:16:06.481426+00:00
Not sure this has received sufficient attention in Canada.,minisciencegirl.bsky.social,2025-11-06T03:01:18.864Z,at://did:plc:kssiqccevl5raea4jrmfa3oj/app.bsky.feed.post/3m4wl5r53os2w,2025-11-06T03:16:06.481428+00:00
"It’s never a black and white case with penguins 🐧 

Seriously though, forget china. Let’s hear someone defend the trade war with Canada. What is to be gained by allowing this administration to make us a pariah state with these trade wars?",goldtrashcan.bsky.social,2025-11-06T03:01:04.810Z,at://did:plc:hs6h4zsgyk2umi2me32padlb/app.bsky.feed.post/3m4wl5dq73c2f,2025-11-06T03:16:06.481430+00:00
"Releases on (Amazon)(Canada) Nov 11, 2025 (Downton Abbey: The Grand Finale 4K Blu-ray) C$34.99  Genre: (Drama)  IMDb Rating: 7.0 Cast: Hugh Bonneville   Trailer & Reviews :",movies-on-sale.bsky.social,2025-11-06T03:01:00.675Z,at://did:plc:wub7jjxlq7uaaokl77gvi2zz/app.bsky.feed.post/3m4wl5b4n4l2d,2025-11-06T03:16:06.481431+00:00
Corporate giveaways while slashing public services isn’t building Canada strong. Stop sloganeering and be honest about your budget.,devyn89.bsky.social,2025-11-06T03:00:59.366Z,at://did:plc:yq5cfidc4hub2u6pmdxzlsbf/app.bsky.feed.post/3m4wl56k2oc2o,2025-11-06T03:16:06.481433+00:00
Yes ns. I am going to Canada on the u.s. Thanksgiving and going to enjoy fries and gravy and not participate in the u.s. economy.,tantishiney.bsky.social,2025-11-06T03:00:54.147Z,at://did:plc:abr3uvycgo6gisyuceo4mjft/app.bsky.feed.post/3m4wl4zksxs2t,2025-11-06T03:16:06.481435+00:00
"Canada enacted dental coverage for lower income families last year (<$90k net family income), and is rolling out in phases a national single payer pharmacare program. Phase 1 is contraception and diabetes care. Cuban is not only an asshole, his information is out of date.",strayarc.bsky.social,2025-11-06T03:00:34.644Z,at://did:plc:qb5xxq7k32ucj4zs2uqgdlnl/app.bsky.feed.post/3m4wl4gxn322a,2025-11-06T03:16:06.481437+00:00
"Bromance might deliver a tariff deal between Canada and the U.S., arranged marriage is the newest economic indicator, and Toronto shows off taxpayer-subsidized resistance, writes Rupa Subramanya in her latest This Week in Canada newsletter.",thefp.com,2025-11-06T03:00:11Z,at://did:plc:cjhcn6w72ovtxfzpvcuk4gwz/app.bsky.feed.post/3m4wl3qytjm24,2025-11-06T03:16:06.481438+00:00
"How Carney's budget could affect your wallet, from a $150 cheque to a $1.5-million yacht
calgaryherald.com/news/canada/...",calgaryherald.com,2025-11-06T03:00:08.827Z,at://did:plc:wz2qyzl4g547jhajifdzkfq2/app.bsky.feed.post/3m4wl3powha2s,2025-11-06T03:16:06.481440+00:00
"Releases on (Amazon)(Canada) Nov 11, 2025 (The Mask 4K Blu-ray) C$74.17 (C$77.94) (5% Off)  Genre: (Comedy)  IMDb Rating: 7.0 Cast: Jim Carrey   Trailer & Reviews :",movies-on-sale.bsky.social,2025-11-06T03:00:04.414Z,at://did:plc:wub7jjxlq7uaaokl77gvi2zz/app.bsky.feed.post/3m4wl3leiyx2r,2025-11-06T03:16:06.481442+00:00
"#Pharmacare advocates say #NewBrunswick should sign a deal with the #Canada #federal government or risk missing out on the money after the federal #budget contained no additional spending on the program.
www.cbc.ca/news/canada/...",chrjcar.bsky.social,2025-11-06T03:00:04.272Z,at://did:plc:6cvqmnqfd4wwyttt7r6xzf4j/app.bsky.feed.post/3m4wl3jyvsc2k,2025-11-06T03:16:06.481443+00:00
It was a day 1 buy when the 4K was announced. It just sucks that Disney doesn't release thier 4Ks in Canada anymore except for Marvel movies. So I had to import this along with several other Disney 4K releases.,alexwentzell.bsky.social,2025-11-06T02:59:35.766Z,at://did:plc:sfesebusjoh66mbaqpq4j7oj/app.bsky.feed.post/3m4wl2osszk2m,2025-11-06T03:16:06.481445+00:00
I bought some hats from Canada for the winter 😊😁,sterlingca.bsky.social,2025-11-06T02:59:20.759Z,at://did:plc:i7cykgnxte2fxd5tzwzgjrz5/app.bsky.feed.post/3m4wl2aitqs2n,2025-11-06T03:16:06.481447+00:00
"Another enjoyable political comedy from Canada 

youtu.be/s6xY2GQgJjw?...",auroradominiqua.bsky.social,2025-11-06T02:59:12.164Z,at://did:plc:oses4vfh33c377bx24fisn6n/app.bsky.feed.post/3m4wkzyck722k,2025-11-06T03:16:06.481449+00:00
"Releases on (Amazon)(Canada) Nov 11, 2025 (One Flew Over the Cuckoo's Nest 4K Blu-ray) C$44.99  Genre: (Drama)  IMDb Rating: 8.7 Cast: Jack Nicholson   Trailer & Reviews :",movies-on-sale.bsky.social,2025-11-06T02:59:00.524Z,at://did:plc:wub7jjxlq7uaaokl77gvi2zz/app.bsky.feed.post/3m4wkzod4kv2k,2025-11-06T03:16:06.481450+00:00
I guess Canada couldn't be strong as long as the wealthy had to pay a luxury tax on yachts and private planes.,marygillis.bsky.social,2025-11-06T02:58:11.179Z,at://did:plc:w4omt4th54l6kul2nc7orbil/app.bsky.feed.post/3m4wky65iic2f,2025-11-06T03:16:06.481452+00:00
Prime Minister Mark Carney emphasized that attracting global talent is crucial for maintaining Canada's competitiveness amid changing labor market dynamics. As Canada adjusts its immigration framework with these initiatives focused on skilled labor recruitment while reducing reliance on,newshoundai.bsky.social,2025-11-06T02:58:08.827624+00:00,at://did:plc:tpc42zt2y25vzh4a2djx5tvo/app.bsky.feed.post/3m4wky42oc62y,2025-11-06T03:16:06.481454+00:00
"AWOOOOOO! It's a Full Moon and We're Going on an Adventure with Booger!

www.twitch.tv/atoastycookie

#lgbtqiaplus #autism #adhd #audhd #canada #embraceneurodivergency #transrightsarehumanrights #safespace #twitch #PLUR #SAYGAY #jumpscare #community #interactive",atoastycookie.bsky.social,2025-11-06T02:58:07.090Z,at://did:plc:yybtmbplkgzjlhhtgeyj32hc/app.bsky.feed.post/3m4wky2amfc2m,2025-11-06T03:16:06.481455+00:00
Hopeful this loss will be what removes that A-hole from Olympic team Canada and puts LT there instead.,2futarata.bsky.social,2025-11-06T02:58:03.677Z,at://did:plc:4rk7pix3ldhvxcfijihj5ifu/app.bsky.feed.post/3m4wkxwyhf22w,2025-11-06T03:16:06.481457+00:00
"Releases on (Amazon)(Canada) Nov 11, 2025 (Rick and Morty: Season 8 Blu-ray) C$42.99 (C$44.98) (4% Off)  Genre: (Comedy)  IMDb Rating: 8.4 Cast: Justin Roiland   Trailer & Reviews :",movies-on-sale.bsky.social,2025-11-06T02:58:00.590Z,at://did:plc:wub7jjxlq7uaaokl77gvi2zz/app.bsky.feed.post/3m4wkxuzejp2r,2025-11-06T03:16:06.481459+00:00
All of Canada cries out in pain at this one.,fishsauce.bsky.social,2025-11-06T02:57:49.600Z,at://did:plc:jy2pt4vovwghnj2zqijcmbbb/app.bsky.feed.post/3m4wkxjkvc22d,2025-11-06T03:16:06.481461+00:00
"When Jag was elected less than 66,000 NDP members voted.
i'm not sure what you're referencing as 65,000 votes nationwide cannot change anything, and no party owns voters.",robppm319.bsky.social,2025-11-06T02:57:44.745Z,at://did:plc:hzf2nulapi3qopmrojv7nxwo/app.bsky.feed.post/3m4wkxex4rk2p,2025-11-06T03:16:06.481462+00:00
"I would add much more than this, but it's a start: Formal petition for better disclosure and review of foreign interference & ownership of media in Canada:
www.ourcommons.ca/petitions/en...",earthsong99.bsky.social,2025-11-06T02:57:43.010Z,at://did:plc:yva5pyzfqxbtkttglninbpkh/app.bsky.feed.post/3m4wkxdbqrc2k,2025-11-06T03:16:06.481464+00:00
"At the same time, Canada is tightening its immigration policies by reducing its target for temporary residents from approximately 516,600 previously planned admissions down to about 385,000 in 2026. This reduction includes around 230,000 temporary foreign workers and a significant decrease in",newshoundai.bsky.social,2025-11-06T02:57:38.158010+00:00,at://did:plc:tpc42zt2y25vzh4a2djx5tvo/app.bsky.feed.post/3m4wkx6ss7u2l,2025-11-06T03:16:06.481466+00:00
"Government of Canada: Public health notice: Outbreak of Salmonella infections linked to various brands of pistachios and pistachio-containing products

https://www.canada.ca/en/public-health/services/public-health-notices/2025/outbreak-salmonella-infections-pistachios-related-products.html […]",ai6yr.m.ai6yr.org.ap.brid.gy,2025-11-06T02:57:38.000Z,at://did:plc:2smsp52yon5fukmnd7pw2pqp/app.bsky.feed.post/3m4wkxdil2bw2,2025-11-06T03:16:06.481468+00:00
(approximately USD $98 million) over three years to assist international PhD students and post-doctoral fellows moving to Canada; and up to CA $120 million (about USD $88 million) over 12 years for hiring international assistant professors.,newshoundai.bsky.social,2025-11-06T02:57:17.687625+00:00,at://did:plc:tpc42zt2y25vzh4a2djx5tvo/app.bsky.feed.post/3m4wkwlbzxj2f,2025-11-06T03:16:06.481470+00:00
"Releases on (Amazon)(Canada) Nov 11, 2025 (Downton Abbey: The Grand Finale Blu-ray) C$26.99  Genre: (Drama)  IMDb Rating: 7.0 Cast: Hugh Bonneville   Trailer & Reviews :",movies-on-sale.bsky.social,2025-11-06T02:57:00.370Z,at://did:plc:wub7jjxlq7uaaokl77gvi2zz/app.bsky.feed.post/3m4wkw3lewo2w,2025-11-06T03:16:06.481472+00:00
"Misty 

Takakkaw Falls, Yoho National Park in Canada

#WaterfallWednesday

#EastCoastKin #PhotographersUnited #PhotographersOfBluesky #photography
#ArtYear 
#MobilePhotography",handcranked.bsky.social,2025-11-06T02:56:59.047Z,at://did:plc:wkwj2kn3hb4uoptpmz7cyqmg/app.bsky.feed.post/3m4wkvzezh22d,2025-11-06T03:16:06.481473+00:00
"Canada is implementing a new immigration strategy aimed at attracting highly skilled workers, particularly targeting H-1B visa holders from the United States. This initiative is part of the 2025 Federal Budget and includes a funding allocation of CA $1.7 billion (approximately USD $1.3 billion)",newshoundai.bsky.social,2025-11-06T02:56:26.585195+00:00,at://did:plc:tpc42zt2y25vzh4a2djx5tvo/app.bsky.feed.post/3m4wkv2kdny2y,2025-11-06T03:16:06.481475+00:00
Canada Boosts Researcher Recruitment Amid Immigration Cuts,newshoundai.bsky.social,2025-11-06T02:56:16.364241+00:00,at://did:plc:tpc42zt2y25vzh4a2djx5tvo/app.bsky.feed.post/3m4wkuqsjon2u,2025-11-06T03:16:06.481477+00:00
"They are reducing the amount coming in, not stopping it altogether. And I'm pretty sure it's temporary until housing is readily available. I know VI's college towns are building/have built housing.

Don't let it stop you from recruiting. Be an advocate for the talent you want to see here in Canada.",eviiec.bsky.social,2025-11-06T02:56:05.109Z,at://did:plc:6qxvqe6ijxk3ppfvzixsqb3d/app.bsky.feed.post/3m4wkufw3cc2v,2025-11-06T03:16:06.481479+00:00
"Releases on (Amazon)(Canada) Nov 07, 2025 (The Jimi Hendrix Experience: Bold As Love Blu-ray) C$188.49  Genre: (Music)  IMDb Rating: 7.3 Cast: Jimi Hendrix",movies-on-sale.bsky.social,2025-11-06T02:56:00.456Z,at://did:plc:wub7jjxlq7uaaokl77gvi2zz/app.bsky.feed.post/3m4wkubni3t2u,2025-11-06T03:16:06.481481+00:00
"De Canadá a México: canciones que reinventan la emoción

Desde España, Canadá, México y Estados Unidos, Mounts, Thomas Simon Saddier, Sleeping Fits y Celeste Salloum presentan canciones que exploran la vulnerabilidad, el amor y la búsqueda de sentido desde distintas perspectivas sonoras. Cada…",lacaverna.net,2025-11-06T02:56:00Z,at://did:plc:wtpy3mgvfhjmijgiclzxwyds/app.bsky.feed.post/3m4wkucf4g52k,2025-11-06T03:16:06.481482+00:00
You know the statehood camp of puerto rico cheered the idea of trump taking over canada,vman29397.bsky.social,2025-11-06T02:55:58.077Z,at://did:plc:zwct7oqfs5t7y4kdsiatxvzi/app.bsky.feed.post/3m4wku77h522k,2025-11-06T03:16:06.481484+00:00
if Team Canada honestly wants to ice the best men's hockey team they can Tom Wilson really needs to be on it,jamesjhare.com,2025-11-06T02:55:25.040Z,at://did:plc:aq4wcnqm73pk55cjo7arnb54/app.bsky.feed.post/3m4wkt7pags2p,2025-11-06T03:16:06.481486+00:00
Nooo! Canada geese were about 5 feet from it for me tonight,banditelli.org,2025-11-06T02:55:16.757Z,at://did:plc:555c53zqgqs55yh6gvttf5uv/app.bsky.feed.post/3m4wksxshl22h,2025-11-06T03:16:06.481488+00:00
"Releases on (Amazon)(Canada) Nov 07, 2025 (The Jimi Hendrix Experience: Electric Ladyland Blu-ray) C$31.04  Genre: (Music)  IMDb Rating: 7.3 Cast: Jimi Hendrix",movies-on-sale.bsky.social,2025-11-06T02:55:00.648Z,at://did:plc:wub7jjxlq7uaaokl77gvi2zz/app.bsky.feed.post/3m4wksin5632d,2025-11-06T03:16:06.481490+00:00
"i am back with the suggestions from the 12yo — the lures should also have the fisherman's face on them

also, a YouTube playlist of fun fishing videos, we just found out we have a member of our family who watches Jay Siemens fishing videos in Canada 😂",marigoldmimsy.bsky.social,2025-11-06T02:54:57.521Z,at://did:plc:2db5i4ywuq64zjdycasinzas/app.bsky.feed.post/3m4wksfhhfc2v,2025-11-06T03:16:06.481492+00:00
"Canada, Newfoundland, Clay Cove.
Sperm whale carcass floating near shore. Real-time satellite images could really change how we deal with whale strandings and prevention. Could you imagine AI tracking pods sending an alarm when one is close to shore?
australiasmeteorhistory.blogspot.com",whalesmeteors.bsky.social,2025-11-06T02:54:47.319Z,at://did:plc:acjvnko5sztofnkigqk26dpr/app.bsky.feed.post/3m4wks3qxts2n,2025-11-06T03:16:06.481493+00:00
I’m not certain he’s afraid but at this point I am certain that he moved to Canada for financial and brand reasons rather than any actual concern for his safety.,ijspurcell.bsky.social,2025-11-07T03:12:30.451Z,at://did:plc:aqmicvwcf2u73qm4atozw7om/app.bsky.feed.post/3m4z4ap32ek2a,2025-11-07T03:13:03.863418+00:00
This will pave the way for fascism to rise fast in Canada,toasttea808.bsky.social,2025-11-07T03:11:52.100Z,at://did:plc:6xr6y7hbouy5cxq53zbnzm7p/app.bsky.feed.post/3m4z47kip722q,2025-11-07T03:13:03.863432+00:00
Just hasn't decided against which country yet. Greenland? Venezuela? Nigeria (save the Christians)? Canada? He has to pick on he can keep at through next election but one he can win and gloat about.,tobyberry6325.bsky.social,2025-11-07T03:11:18.173Z,at://did:plc:e4plp7wljosxam7hhsny6vs3/app.bsky.feed.post/3m4z46k5dec26,2025-11-07T03:13:03.863436+00:00
"""Yale might have asked me to moderate my positions. I ran to Canada to avoid having to make a stand or encouraging Yale to make a stand."" Truly a profile in courage!",abbot-x.bsky.social,2025-11-07T03:10:43.647Z,at://did:plc:p52a5ymobrkyyqucjdhonyih/app.bsky.feed.post/3m4z45j7nlk2a,2025-11-07T03:13:03.863438+00:00
"I think you are optimistic about attention devoted by almost any of our presidents to knowing Canada (or Mexico) much, at least in the last several generations.  Why that is bad thing, I'm not sure. Benign neglect and leaving diplomats in charge is good. Look, he just noticed Greenland and...",rumpole-brief.bsky.social,2025-11-07T03:10:43.645Z,at://did:plc:6cldt6han66jumdsbdsgqdp4/app.bsky.feed.post/3m4z45j7mmc2c,2025-11-07T03:13:03.863440+00:00
"“Canada is one election away from the terrible future that is America’s present reality. After the ostriches are gone, Canada must stamp out the disease of violent extremist tyranny”
3/3
#Canada #Science #PublicHealth",d-macphee.bsky.social,2025-11-07T03:09:47.185Z,at://did:plc:loxevfuffvvuikwetrgxl546/app.bsky.feed.post/3m4z43vcdi22e,2025-11-07T03:13:03.863442+00:00
"“I recognize the same thing happening here, in the bird flu “scamdemic” protest signs, turbo cancer bullshit, and anti-vax wailing about natural immunity.”
2/3
#Canada #Science #PublicHealth
rasmussenretorts.substack.com/p/release-th...",d-macphee.bsky.social,2025-11-07T03:09:47.184Z,at://did:plc:loxevfuffvvuikwetrgxl546/app.bsky.feed.post/3m4z43ug5522e,2025-11-07T03:13:03.863444+00:00
Giving “Sinister Canada” vibes,phrozen.com,2025-11-07T03:08:47.572Z,at://did:plc:vcqy4df63cztqhrnkmr4lvsc/app.bsky.feed.post/3m4z422je322k,2025-11-07T03:13:03.863446+00:00
"In Budget 2025, the government proposes to
amend the Copyright Act to create an Artist’s Resale
Right in Canada, ensuring Canadian visual artists
benefit from future sales of their work.",wapimaskwa69.bsky.social,2025-11-07T03:08:32.892Z,at://did:plc:fjhmpmqwe77alny6g5juwpzp/app.bsky.feed.post/3m4z3zmje522m,2025-11-07T03:13:03.863448+00:00
"#StompinComedyTour🎶
#TomGreen
(WithCharlie🐾)
#Kitchener,Ontario📍
#Canada🍁
✌️😌☺️",smhenley.bsky.social,2025-11-07T03:08:32.253Z,at://did:plc:icypaiof2v3yrzo644lguipe/app.bsky.feed.post/3m4z3zlw5us2j,2025-11-07T03:13:03.863449+00:00
I can only hope it is used properly & taken seriously by local law enforcement! We in Canada have had these type laws for decades.,scotrekw2ts.bsky.social,2025-11-07T03:07:30.110Z,at://did:plc:2cs5d5gyukmc4oq4xhqait2g/app.bsky.feed.post/3m4z3xqnemc2l,2025-11-07T03:13:03.863451+00:00
"🚨 RESULT 🚨

America 4️⃣ - 1️⃣ Canada 

SERIES : America leads 1️⃣ game to 0️⃣

#IIHF #HockeyCanada #RivalrySeries",sporttoronto.bsky.social,2025-11-07T03:07:18.422Z,at://did:plc:eyvm7str3yhpirijzimdhali/app.bsky.feed.post/3m4z3xfizc22h,2025-11-07T03:13:03.863453+00:00
Budget 2025 sets stage for climate-competitive Canada www.pembina.org//media-relea...,progsrock.bsky.social,2025-11-07T03:07:04.277Z,at://did:plc:wukmnspdee264fetvpwbuoe6/app.bsky.feed.post/3m4z3wxz22c2f,2025-11-07T03:13:03.863455+00:00
"But hey, Tim-Foil Houston, let’s use up what’s left of the water for fracking and uranium mining 🙄 

Mayor Elspeth McLean-Wile of the District of Lunenburg said recent rain in some parts of Nova Scotia has not been nearly enough to replenish the water table.

www.cbc.ca/news/canada/...",scotiasheppard.bsky.social,2025-11-07T03:06:57.834Z,at://did:plc:3seg2u7lnvhkf2wnlaslcdcv/app.bsky.feed.post/3m4z3wrug2k2x,2025-11-07T03:13:03.863457+00:00
"The same applies to the Palestinians. Even after Israel would still have benefited financially at the expense of Palestinians.

First Nations people in Canada are still working with the government to address treaty rights and those that were not granted treaty rights are negotiating land claims.",lime-equine.bsky.social,2025-11-07T03:06:26.711Z,at://did:plc:uflp2n2g2sfwt5ksgtwknofe/app.bsky.feed.post/3m4z3vu6ljk2l,2025-11-07T03:13:03.863459+00:00
Minnesota Gophers 4. Canada 1.,thedailygopher.bsky.social,2025-11-07T03:06:23.931Z,at://did:plc:m6k3shpis3mngo5ygpxa27hl/app.bsky.feed.post/3m4z3vrjqok2k,2025-11-07T03:13:03.863461+00:00
"The big issue, which we saw in the attempts in the UK and Canada is that the major parties don't want to do this because they know it hurts them. It is hard to get reform in a two party system that does FPTP.",arcanedemesne.bsky.social,2025-11-07T03:05:16.845Z,at://did:plc:vhm5ksexbaxibbnjwrv66b5g/app.bsky.feed.post/3m4z3trkgz22v,2025-11-07T03:13:03.863463+00:00
"Said resistance was often a bit more emphatic than chucking some bread at a fed, too.",andycraig.bsky.social,2025-11-07T03:04:40.643Z,at://did:plc:73t3muu2pudsajp7a2fj3aly/app.bsky.feed.post/3m4z3sozph22r,2025-11-07T03:13:03.863465+00:00
Many fled to Canada or elsewhere. Ask @timothysnyder.bsky.social,linevigeant.bsky.social,2025-11-07T03:04:27.774Z,at://did:plc:7aqqgnvcfzd3jh3uzdmbkybx/app.bsky.feed.post/3m4z3scqx3k2h,2025-11-07T03:13:03.863466+00:00
"Americans will choose Canada over Trump in tariff trade war
knewz.com/americans-ch...",valca.bsky.social,2025-11-07T03:03:59.289Z,at://did:plc:a5l67szofrjz3f6hpflnifob/app.bsky.feed.post/3m4z3rhlnpc2t,2025-11-07T03:13:03.863468+00:00
"""After more than 200 years of sharing a unique blend of weather, wit and wisdom, we’ve made the very difficult decision to write the final chapter of this historical publication. The 2026 Farmers’ Almanac will be our last edition.""

www.farmersalmanac.com/fond-farewel...

#Canada",cmcalgary.bsky.social,2025-11-07T03:02:49.589Z,at://did:plc:cotdccb2x4rhir44fokzmszk/app.bsky.feed.post/3m4z3pf4nas2n,2025-11-07T03:13:03.863470+00:00
"Building more homes is central to the federal government’s plan to build Canada strong. Today in Ottawa, Prime Minister Carney toured a construction site to highlight proposed #Budget2025 investments aimed at increasing the housing supply across Canada.",colleenchanel.bsky.social,2025-11-07T03:02:47.263Z,at://did:plc:lnrfjmn464aaljacqvzoa2wl/app.bsky.feed.post/3m4z3pcvoqk2y,2025-11-07T03:13:03.863472+00:00
Canada said fuck off Toronto,talimstill.bsky.social,2025-11-07T03:02:32.014Z,at://did:plc:kjxt6twq2uavdiadlezbb4p6/app.bsky.feed.post/3m4z3oue7ac2j,2025-11-07T03:13:03.863474+00:00
"Had Pierre Poilievre wont the PMs seat in Canada, Canada would be no more

the great lakes, the rockies, the iron, copper, alumimum, softwood, diamonds, gold & oil would all be in process of being sold and extracted

And every Canadian would now be in a detention centre in the NWT interior by ICE",sleepycongressman.bsky.social,2025-11-07T03:02:26.257Z,at://did:plc:xitfxq453argln2npmln42k4/app.bsky.feed.post/3m4z3oouj622o,2025-11-07T03:13:03.863475+00:00
Hahaha. You ask for Canadians to get a brain. I have tried that for many years and even asked for Canadians to just travel Canada and talk to the “enemy”. Fuck even just buy Canadian and why you go South at 40 cents on the dollar and can’t spend 5 cents in Canada. My Santa is a shit head,cdnhelp.bsky.social,2025-11-07T03:02:19.988Z,at://did:plc:v5ua4vbzqsjaqh7sb7hcjf4d/app.bsky.feed.post/3m4z3oiva322q,2025-11-07T03:13:03.863477+00:00
"Disrespect Canada, there's the door PeteHoekstra",beckiesch.bsky.social,2025-11-07T03:01:49.010Z,at://did:plc:cih6i3rn5tn7fca7ifu55x4b/app.bsky.feed.post/3m4z3nldt5c2z,2025-11-07T03:13:03.863479+00:00
"So the people who want to lead Canada resort to threatening and blackmailing one of their own who may have disliked where the party was headed.

Imagine what they would do if they ever managed to obtain power.",drjaydrno.bsky.social,2025-11-07T03:01:32.620Z,at://did:plc:fvstewp7yr6u4fwm2zdlzsa3/app.bsky.feed.post/3m4z3n3pob22q,2025-11-07T03:13:03.863481+00:00
"Maybe its a philosophical ideal he likes to think about like, I think he would agree Canada should have a border and Mexico too so someone cant just say ""this is part of the u.s. now, the united state of canada and Mexico"" or ""vermont is now part of new hampshire"" like he wants to keep his job",geraldelephants.bsky.social,2025-11-07T03:01:23.299Z,at://did:plc:yc4njzekzupsl5kqgxxqapdb/app.bsky.feed.post/3m4z3mstap22w,2025-11-07T03:13:03.863483+00:00
"Prince Harry apologises to Canada for wearing Dodgers hat during World Series

https://www.newsbeep.com/il/119713/

Reuters Meghan Markle and Prince Harry look on in the third inning between the Toronto Blue Jays and…",il-nb.bsky.social,2025-11-07T03:01:08+00:00,at://did:plc:csavaxh22gpbxsn65pd6a66l/app.bsky.feed.post/3m4z3mhwsdl2z,2025-11-07T03:13:03.863484+00:00
"Source

#Canada",canada-cambot.bsky.social,2025-11-07T03:01:07Z,at://did:plc:kdmhcb4wmrqzqg6hn2ps55t4/app.bsky.feed.post/3m4z3mg56iu25,2025-11-07T03:13:03.863486+00:00
"Trump should be President for Morgues across the country...he's known for stiffening people.

Can't remember if America has a Slogan like Canada, is it Toes Up or Elbows Up?",oceanviews.bsky.social,2025-11-07T03:01:01.831Z,at://did:plc:dpkucibwjl4nsmoo5i5clryi/app.bsky.feed.post/3m4z3m6ecos22,2025-11-07T03:13:03.863488+00:00
The same hasn't happened in Canada. The downward trend under Biden and Trudeau has continued a little bit.,barrycooke.bsky.social,2025-11-07T03:01:00.565Z,at://did:plc:xxdhrqz2pcmxzpnxkwbahyga/app.bsky.feed.post/3m4z3m55oec2o,2025-11-07T03:13:03.863490+00:00
www.cbc.ca/news/canada/...,lhar58.bsky.social,2025-11-07T03:00:29.111Z,at://did:plc:av3ypgbmivtx6wejc5fbibcc/app.bsky.feed.post/3m4z3l75irk2t,2025-11-07T03:13:03.863491+00:00
"Prince Harry apologises to Canada for wearing Dodgers hat during World Series

https://www.rawchili.com/4651465/

Reuters Meghan Markle and Prince Harry look on in the third inning between the Toronto Blue Jays and…",rawchili.bsky.social,2025-11-07T03:00:17+00:00,at://did:plc:rpraomxl4qbdazg322vwsno4/app.bsky.feed.post/3m4z3kx24us2b,2025-11-07T03:13:03.863493+00:00
"Love to this Dodger fan from Canada. 
🥰🥰🥰
🇨🇦🇨🇦🇨🇦",jennb.bsky.social,2025-11-07T03:00:10.560Z,at://did:plc:4rk6lp3l5aqtx7jggwshgkqq/app.bsky.feed.post/3m4z3knhne22n,2025-11-07T03:13:03.863495+00:00
"How Carney's budget could affect your wallet, from a $150 cheque to a $1.5-million yacht nationalpost.com/news/canada/...",nationalpost.bsky.social,2025-11-07T03:00:08.050Z,at://did:plc:us3y4ffbsccju24wbvnlaups/app.bsky.feed.post/3m4z3kl3er62h,2025-11-07T03:13:03.863497+00:00
"Aurora Forecast Update for 2025-11-07T03:00:05Z

EXTENDED WARNING: Geomagnetic K-index of 4 expected
Extension to Serial Number: 5141
Valid From: 2025 Nov 05 0137 UTC
Now Valid Until: 2025 Nov 08 0300 UTC
Warning Condition: persistence
Additional Details Here.",aurora.nws-bot.us,2025-11-07T03:00:07+00:00,at://did:plc:mipe5ygdz7hst7g5xcyy6ice/app.bsky.feed.post/3m4z3kl27zy27,2025-11-07T03:13:03.863499+00:00
"Canada, Finland Unveil Hockey Jerseys for 2026 Winter Olympics in Photos

https://www.europesays.com/2551397/

Ahead of the Milano Cortina 2026 Winter Olympics in February, Canada and Finland unveiled their teams hockey uniforms.…",europesays.bsky.social,2025-11-07T03:00:06+00:00,at://did:plc:msian4dqa2rqalf3biilnf3m/app.bsky.feed.post/3m4z3kmbbte2i,2025-11-07T03:13:03.863500+00:00
Radio-Canada Info:  Binnington « avait l’intention » de redonner la rondelle à Ovechkin ,aricierss.bsky.social,2025-11-07T02:59:40.644Z,at://did:plc:2rker5jsweiukz55nxst6hjk/app.bsky.feed.post/3m4z3jqz6lg2z,2025-11-07T03:13:03.863502+00:00
"The #Alberta #Teachers’ Association has filed a #constitutional #challenge of a provincial government law that forced educators across the province back to work and imposed a new contract.
www.cbc.ca/news/canada/...",chrjcar.bsky.social,2025-11-07T02:59:04.661Z,at://did:plc:6cvqmnqfd4wwyttt7r6xzf4j/app.bsky.feed.post/3m4z3iomdzk2l,2025-11-07T03:13:03.863504+00:00
I heard on Canada it's straight up PG.,andydoubleyoo.bsky.social,2025-11-07T02:58:43.753Z,at://did:plc:k3h6vi6xa3algqax77zolc7e/app.bsky.feed.post/3m4z3i2ob3c2s,2025-11-07T03:13:03.863506+00:00
"I could be a case study for doom scrolling saving a life, I can’t believe how fortunate I am, I’m logging off yall, I don’t want to watch what happens next, it’s going to be a long winter in the states. Catch me volunteering as soon as I’m settled and giving back to Canada as an electrician. 💔",thatssosophs.bsky.social,2025-11-07T02:58:41.866Z,at://did:plc:uvktlvkc7xgmqwhkenh4u22g/app.bsky.feed.post/3m4z3hyundc2i,2025-11-07T03:13:03.863508+00:00
"FAA is reducing flights at 40 ...
www.cbc.ca/news/canada/...",productofbc.bsky.social,2025-11-07T02:58:13.156Z,at://did:plc:lzxkewbh5ovanmt3k6vsj7lp/app.bsky.feed.post/3m4z3h5ij722a,2025-11-07T03:13:03.863509+00:00
"It seems pretty fucked to say the spill is 12,000L and the next day whooooops it's 80,000L #BCPoli www.cbc.ca/news/canada/...",jstewgie.bsky.social,2025-11-07T02:58:04.245Z,at://did:plc:4fjmxufbitdnuprsp4av2fjg/app.bsky.feed.post/3m4z3guyny22b,2025-11-07T03:13:03.863511+00:00
"Russell Peters, native of Brampton Ontario aint saying shit about the US Canada posturing....",sleepycongressman.bsky.social,2025-11-07T02:57:38.844Z,at://did:plc:xitfxq453argln2npmln42k4/app.bsky.feed.post/3m4z3g4rff22o,2025-11-07T03:13:03.863513+00:00
yeah yeah i know you still want me to fly to canada--,zetamages.bsky.social,2025-11-07T02:56:32.064Z,at://did:plc:ed5yhcy5zcyamu63iuakfxvn/app.bsky.feed.post/3m4z3e53fks2l,2025-11-07T03:13:03.863514+00:00
honestly its an american tradition atp unless youre in canada in that case its a canadian tradition,possessedclown.bsky.social,2025-11-07T02:56:28.349Z,at://did:plc:woh4nsjhf4dccmwfv6wcu6jt/app.bsky.feed.post/3m4z3dzjzn22j,2025-11-07T03:13:03.863516+00:00
"November 7th Inuit Day: Celebrating the Language and Culture of Inuit in Canada and Internationally. 

Join Tapisa Kilabuk for a webinar Nov 7th at noon. Registration required at socialwork.ucalgary.ca/news/where-a...

Learn more at inuitcircumpolar.com and nccih.ca

#InuitDay #Indigenous #icc",ragyyc.bsky.social,2025-11-07T02:55:57.625Z,at://did:plc:4dq2yhwl2jtlf3i3qnawc2pm/app.bsky.feed.post/3m4z3d4ank22z,2025-11-07T03:13:03.863518+00:00
They are. They are copying their playbook word for word. How everyone in #Canada can’t see this is totally beyond me.,alexandros2112.bsky.social,2025-11-07T02:55:43.838Z,at://did:plc:mjeqewdqwkk336c67vbn3bjq/app.bsky.feed.post/3m4z3cp3nuc2m,2025-11-07T03:13:03.863520+00:00
"A conflict over the fate of hundreds of #ostriches at a remote farm in British Columbia came to a head today, after the country's top court declined to hear an appeal to save the flock. #cull #birdflu
www.cbc.ca/news/canada/...",chrjcar.bsky.social,2025-11-07T02:55:41.081Z,at://did:plc:6cvqmnqfd4wwyttt7r6xzf4j/app.bsky.feed.post/3m4z3cmhoec2l,2025-11-07T03:13:03.863521+00:00
"Raising The Minimum Wage
Credit: Dave Whamond, Canada, PoliticalCartoons.com / CTNewsJunkie via Cagle Cartoons / ALL RIGHTS RESERVED",bettycjung.bsky.social,2025-11-07T02:55:40.193Z,at://did:plc:czjduztdqkrm6j2t5pik47s3/app.bsky.feed.post/3m4z3clmhbc24,2025-11-07T03:13:03.863523+00:00
"LOL if you want to assess the affordability of Canada, don't move to Toronto. I recommend Winnipeg or Fredericton.",gaudynight78.bsky.social,2025-11-07T02:55:35.813Z,at://did:plc:5rttkjrsbpvq6dja34zr34mg/app.bsky.feed.post/3m4z3chgqx22y,2025-11-07T03:13:03.863525+00:00
i dislike black as a primary colour (in this case the crest) on a Canada sweater but clearly the worst “Are we the baddies” sweater was this one,drunkorsonwelles.bsky.social,2025-11-07T02:55:21.851Z,at://did:plc:coidzjrfo4f3zrlrva26sgh6/app.bsky.feed.post/3m4z3c24vyk2k,2025-11-07T03:13:03.863527+00:00
"Average university tuition in Canada: $8000 (Canadian)
In the US: $19,000 (US)",gaudynight78.bsky.social,2025-11-07T02:54:55.810Z,at://did:plc:5rttkjrsbpvq6dja34zr34mg/app.bsky.feed.post/3m4z3bbbxjc2y,2025-11-07T03:13:03.863528+00:00
"I’ve been voting for 32 years in Canada @parismarx.com I have never, ever seen a left flank of the @ndp.ca  EVER.",lanrickbennett.bsky.social,2025-11-07T02:54:51.558Z,at://did:plc:wnvnipbgrcjigyh2kbwyz4mk/app.bsky.feed.post/3m4z3b5ac4224,2025-11-07T03:13:03.863530+00:00
"#TheTwen2ie5  
50 to 1 countdown

19. Shinigami Eyes - Grimes (Canada 2022)

So this may be only the 2nd Grimes song nominated in the challenge

www.youtube.com/watch?v=pzPE...",rudiecantfail.bsky.social,2025-11-07T02:54:33.785Z,at://did:plc:m7la6kyci3grj76inkllwgkq/app.bsky.feed.post/3m4z3ambzks25,2025-11-07T03:13:03.863532+00:00
"I guess I misread, 2023 they dropped Hockey Canada and their IIHF contracts are ending. Looks like 2026 Olympics is final IIHF Nike tournament and Bauer is the ""developmental tournaments"" starting this year. They're all made in Quebec by SP.",marchetype.bsky.social,2025-11-07T02:53:41.913Z,at://did:plc:isddjm677df6rfdlp3rh37w3/app.bsky.feed.post/3m4z372ssi227,2025-11-07T03:13:03.863534+00:00
"I am re-posting #kidlitartpostcard day posts from our Canada West members. Enjoy! If I missed yours, please let me know and I will fix that.",scbwicanadawest.bsky.social,2025-11-07T02:53:37.911Z,at://did:plc:22wll4gqzws56udpiebthklk/app.bsky.feed.post/3m4z36wyqa22a,2025-11-07T03:13:03.863535+00:00
Language setting shows Canadian french before lesser french. Total canada victory.,mishar1.bsky.social,2025-11-07T02:53:28.494Z,at://did:plc:6z25fpralevn6nv6nxuzke5m/app.bsky.feed.post/3m4z36nzbyc2h,2025-11-07T03:13:03.863537+00:00
"CBC Canada: Communities shut water intake from B.C. lake after fuel spill reaches 80,000 litres",aricierss.bsky.social,2025-11-07T02:53:23.876Z,at://did:plc:2rker5jsweiukz55nxst6hjk/app.bsky.feed.post/3m4z36jpshi2p,2025-11-07T03:13:03.863539+00:00
"The Supreme Court of Canada spent two days hearing arguments on whether a law governing a special intelligence committee breaches parliamentarians’ freedom of speech and should be declared unconstitutional.

www.courthousenews.com/canadas-nati...",courthousenews.bsky.social,2025-11-07T02:52:34.065Z,at://did:plc:k5syt3wnj5tiz4ii24l6y6i6/app.bsky.feed.post/3m4z3524ao22y,2025-11-07T03:13:03.863541+00:00
"i actually really like the leaf design they have. idk it looks good! it's not better than the standard hockey canada logo but it looks good

why do the sleeve stripes seem to just, stop. why don't they go all the way around?

i hope these were replicas bc the striping looks printed, not sewn...",socalhky.bsky.social,2025-11-07T02:52:23.501Z,at://did:plc:p2juwqpfbqp3xs5ucqsat53z/app.bsky.feed.post/3m4z34pzub22b,2025-11-07T03:13:03.863542+00:00
"I don't know anybody who has fled, all that's changed is that I'm no longer trying to convince my Canadian friend to move here for work. That will resume once a Democrat is president again, because while Canada is a fine country all of their best have dual citizenship.",nuclearneo577.bsky.social,2025-11-07T02:51:50.476Z,at://did:plc:l5rkkpqjqri6yjr4flhvcilc/app.bsky.feed.post/3m4z33qjzbs2f,2025-11-07T03:13:03.863544+00:00
STANLEY MOVED TO CANADA AND HAD HIS PUBLICIST LINE UP ABOUT 20 PROFILES ABOUT HIS MOVE,convolutedname.bsky.social,2025-11-07T02:51:41.739Z,at://did:plc:ilyxejcmhg2qwqomgu2umi5v/app.bsky.feed.post/3m4z33i7fzs2o,2025-11-07T03:13:03.863546+00:00
"They also have American corporations donate to American churches.

The churches then send surplus young males to Canada as missionaries.

Without work visas, and with living expenses covered, these ""missionaries"" cannot work in Canada, but they can volunteer on campaigns,",calvindragon.bsky.social,2025-11-07T02:51:18.740Z,at://did:plc:xzyfmdn54o5pumz6pagr2fbo/app.bsky.feed.post/3m4z32sbj3s2u,2025-11-07T03:13:03.863547+00:00
On our Podcast: don’t miss this! Dr. Nadia Hasan joins us to discuss her report: Documenting the “Palestine Exception” and the rise in Anti-Arab and Anti-Palestinian discrimination in Canada.  tiny.cc/uypu001,redeyeradio.bsky.social,2025-11-07T02:51:11.882Z,at://did:plc:menjyu2een4i6wzt5guxbkl5/app.bsky.feed.post/3m4z32lqask2s,2025-11-07T03:13:03.863549+00:00
They play this song on a loop at the Canada pavilion at EPCOT,mfrederickm.bsky.social,2025-11-07T02:50:53.026Z,at://did:plc:7dhvwymseacfn5tgi3whmpxe/app.bsky.feed.post/3m4z2zzqsqk23,2025-11-07T03:13:03.863551+00:00
"Radio-Canada Info:  Le Kazakhstan rejoint les accords d’Abraham, Trump salue de « réels progrès » ",aricierss.bsky.social,2025-11-07T02:50:25.274Z,at://did:plc:2rker5jsweiukz55nxst6hjk/app.bsky.feed.post/3m4z2z7epva2p,2025-11-07T03:13:03.863553+00:00
"CBC Canada: Communities shut water intake from B.C. lake after fuel spill reaches 80,000 litres",aricierss.bsky.social,2025-11-07T02:50:23.649Z,at://did:plc:2rker5jsweiukz55nxst6hjk/app.bsky.feed.post/3m4z2z5t6zb2u,2025-11-07T03:13:03.863555+00:00
He is afraid to use the f word and thats why he skedaddled his ass to Canada,bumbojumbo666.bsky.social,2025-11-07T02:50:06.397Z,at://did:plc:v2td33r77nzq5sbmyotm5tdz/app.bsky.feed.post/3m4z2ynbrn22e,2025-11-07T03:13:03.863556+00:00
Where are these pumps? Which ones are pumping $2 gallons of gas? Mexico? Canada? Russia? Venezuela?,gumbyjo.bsky.social,2025-11-07T02:49:50.254Z,at://did:plc:zjc3iz7vtblf2fr74m2qzrtn/app.bsky.feed.post/3m4z2y5v5xk2l,2025-11-07T03:13:03.863558+00:00
"Jivani?  Am I that out of touch with ""Conservative"" politics in Canada?

Well, I've seen the decimation of that party one time in my life and I wouldn't mind seeing it again.

🤷‍♂️",jackburtonlite.bsky.social,2025-11-07T02:49:44.633Z,at://did:plc:epvmemyfwihjh6arailpmu4z/app.bsky.feed.post/3m4z2xyjmpc2i,2025-11-07T03:13:03.863560+00:00
"As I keep saying it has been a slow burn in Canada to get us to where we are today. Dumped all our good stuff, went to bed with our”friends” the Americans only to find out they are not our “friends” after all. Now we have a really red ass and some still like it and others say it hurts. You chose",cdnhelp.bsky.social,2025-11-07T02:49:18.089Z,at://did:plc:v5ua4vbzqsjaqh7sb7hcjf4d/app.bsky.feed.post/3m4z2x77ktc2q,2025-11-07T03:13:03.863561+00:00
Canada still had Nike jerseys at 2022 Olympics… and 2025 World Juniors,jockcartier.bsky.social,2025-11-07T02:49:02.476Z,at://did:plc:svsoxtgai3o47uaxjucqzo2l/app.bsky.feed.post/3m4z2wqd2rs2z,2025-11-07T03:13:03.863563+00:00
Team Canada jerseys are the rare exception where the whites are the best exemplar,dadloop.bsky.social,2025-11-07T02:48:50.091Z,at://did:plc:2pwapmv5aopc73qckdrfdb7g/app.bsky.feed.post/3m4z2wej42k2o,2025-11-07T03:13:03.863565+00:00
"oh man do i have #thoughts on the hockey canada olympic uniforms

but first of all, above all else. teams need to stop unveiling just the jerseys in place of the *entire* uniform. show the gear and socks too! show names on the back and the numbers! sheesh!",socalhky.bsky.social,2025-11-07T02:48:28.104Z,at://did:plc:p2juwqpfbqp3xs5ucqsat53z/app.bsky.feed.post/3m4z2vpk5e22b,2025-11-07T03:13:03.863567+00:00
"I've changed my profile photo to a 2025 digital poppy from the Legion. You can too, even if your late Dad or Mum or sib or cousin wasn't a #NATO #CDNnavy #veteran and worked the poppy campaign in their day :)  Donate what you can, then you're good mypoppy.ca. #Canada #RemembranceDay",karenwalton.bsky.social,2025-11-07T02:48:25.630Z,at://did:plc:wk4dgqbsysi5i5ou6cvufqhq/app.bsky.feed.post/3m4z2vn6ocs2h,2025-11-07T03:13:03.863569+00:00
"Si México no lo requiere él tiene el derecho de tomar otras oportunidades, al igual que Canadá",eduardotr1964.bsky.social,2025-11-07T02:48:13.803Z,at://did:plc:x7ypuwp2xcfn2ci55c4qj5ae/app.bsky.feed.post/3m4z2vbvokk2r,2025-11-07T03:13:03.863571+00:00
"WOW!!

I WILL HAVE A RESPONSE FOR THIS THE NEXT TIME I AM IN CANADA",im.excitedtobe.online,2025-11-07T02:47:50.129Z,at://did:plc:xbnjobv2v43iblumpbm3rei7/app.bsky.feed.post/3m4z2uld7g22i,2025-11-07T03:13:03.863573+00:00
"CBC Canada: Communities shut water intake from B.C. lake after fuel spill reaches 80,000 litres",aricierss.bsky.social,2025-11-07T02:47:31.623Z,at://did:plc:2rker5jsweiukz55nxst6hjk/app.bsky.feed.post/3m4z2tzrlr62e,2025-11-07T03:13:03.863575+00:00
"The Air Quality Index (AQI) at the St-Joseph-de-Sorel - École Martel site in Canada is 134 [Unhealthy for Sensitive Groups] as of Nov 06, 2025 @ 7PM Local Time. This is the highest AQI observation in 90 days. #AQIObs",aqiobs.bsky.social,2025-11-07T02:47:27.773470+00:00,at://did:plc:2zbkkvcb345ll2navflr4uqn/app.bsky.feed.post/3m4z2txeuji22,2025-11-07T03:13:03.863576+00:00
"Source

#Canada",canada-cambot.bsky.social,2025-11-07T02:46:38Z,at://did:plc:kdmhcb4wmrqzqg6hn2ps55t4/app.bsky.feed.post/3m4z2sivwl425,2025-11-07T03:13:03.863578+00:00
I’m not always a fan of the black in the Canada jerseys. The red and white is clean. Feels like these could have been better. Too much effort into over emphasized “details” … otherwise good designs get kinda washed out with weird intricate details. This falls in that category.,stevegiglio.bsky.social,2025-11-07T02:46:37.701Z,at://did:plc:l43pg2enpsq3wwbp3bqkoljd/app.bsky.feed.post/3m4z2sgaux22p,2025-11-07T03:13:03.863580+00:00
"Tiny Thursday. Douglas fir cone mushroom. Strobilurus trullisatus.
Look at the sharp white cap and bright yellow stipe. Cap approximately 0.5cm. 
Western Canada, British Columbia. Lower mainland.
More pics in comments.
#PNW #FungiFriends 
#Tinymushrooms",1622mhb.bsky.social,2025-11-07T02:45:46.378Z,at://did:plc:q6gdvfm5rqn65eqpt54d2gk6/app.bsky.feed.post/3m4z2qvdn2k2d,2025-11-07T03:13:03.863582+00:00
High five to whoever decorated this wall in this restaurant washroom.,kkristaa.bsky.social,2025-11-07T02:45:27.020Z,at://did:plc:vizc426bk4asnhxrtnx4wwmh/app.bsky.feed.post/3m4z2qcu6cc2q,2025-11-07T03:13:03.863584+00:00
A committee is great but this is an emergency. Imagine not being able to easily flush your toilet for 8 weeks. www.cbc.ca/news/canada/...,ephcee.bsky.social,2025-11-07T02:45:05.087Z,at://did:plc:ra2g2ivxp7d3bwslo67lrmua/app.bsky.feed.post/3m4z2pnwkks2l,2025-11-07T03:13:03.863586+00:00
"Some of them are weekends I blocked off for at home events & 2 vacations! 🖤 but yes it’s a lot haha. 

I’m trying to come back to Canada. 👀👀",luastardust.com,2025-11-07T02:44:59.006Z,at://did:plc:mdovvrbiv7qz26hlcyywphsn/app.bsky.feed.post/3m4z2pi4x4c2d,2025-11-07T03:13:03.863588+00:00
What I’m sorry I can’t hear you from Canada,joestieb.bsky.social,2025-11-07T02:44:54.810Z,at://did:plc:wovvsa3c7xieerny5plpo6z2/app.bsky.feed.post/3m4z2pe4vhc2m,2025-11-07T03:13:03.863590+00:00
"Team Canada Olympic Jerseys drop…

“For the men’s tournament, Milano Cortina 2026 marks the return of NHL players to Olympic ice for the first time since Sochi 2014. If the intensity of the 4 Nations Face-Off is any indication, this Olympic tournament will be one to remember.”

#Canada
#Olympics’26",sorry-iamcanadian.bsky.social,2025-11-07T02:44:51.178Z,at://did:plc:4zhs7rbmbrjyblozh3zqt7is/app.bsky.feed.post/3m4z2pao3kk2w,2025-11-07T03:13:03.863592+00:00
"BBC US & Canada: US Democrats still face big questions, despite election wins",aricierss.bsky.social,2025-11-07T02:44:32.383Z,at://did:plc:2rker5jsweiukz55nxst6hjk/app.bsky.feed.post/3m4z2ootmjw22,2025-11-07T03:13:03.863594+00:00
"CBC Canada: Communities shut water intake from B.C. lake after fuel spill reaches 80,000 litres",aricierss.bsky.social,2025-11-07T02:44:23.200Z,at://did:plc:2rker5jsweiukz55nxst6hjk/app.bsky.feed.post/3m4z2og3x3p2k,2025-11-07T03:13:03.863595+00:00
"Dunne siblings support each other before USA-Canada women’s ‘Rivalry Series’

https://www.rawchili.com/nhl/288607/

There’s no sibling rivalry in the Dunne household, at least not on Thursday night. Buffalo Sabres forward Josh…",rawnhl.bsky.social,2025-11-07T02:44:23+00:00,at://did:plc:nlu4psqeoqzp2a37vkg4btxw/app.bsky.feed.post/3m4z2oi45742e,2025-11-07T03:13:03.863597+00:00
It is 1.52 a liter on Canada.,lapetitemadame.bsky.social,2025-11-07T02:44:05.389Z,at://did:plc:666hh3gx4m2aezlm2bleknfu/app.bsky.feed.post/3m4z2nuypqc2i,2025-11-07T03:13:03.863599+00:00
"The #Liberals, #Bloc Québécois and #NDP voted down a #Conservative sub-amendment on the budget Thursday evening that, if passed, would have forced a new election.
#cdnpoli #Canada #Canpoli

www.cbc.ca/news/politic...",spudislander45.bsky.social,2025-11-07T02:43:22.972Z,at://did:plc:v3eup4rzroyniw2x7bmsdzgt/app.bsky.feed.post/3m4z2mmkav22r,2025-11-07T03:13:03.863601+00:00
Drives me insane Canada puts so much black in their uniforms when their flag is red and white.,biddco.bsky.social,2025-11-07T02:42:34.090Z,at://did:plc:lyryx4iy5ok4w3hjxw3bkfsg/app.bsky.feed.post/3m4z2l5wikk2a,2025-11-07T03:13:03.863603+00:00
Oh right Canada exists,kkova811.bsky.social,2025-11-07T02:42:04.675Z,at://did:plc:wuwdyun4picsxfibpgyak3n4/app.bsky.feed.post/3m4z2kburyk2f,2025-11-07T03:13:03.863605+00:00
"Procession, by the National Ballet of Canada, is one of the best modern ballet pieces I've ever seen, and I've seen a lot of modern ballet pieces. My wife, whose opinion is more well founded than mine (MA in dance, etc.), is of the same mind.",sesquiotic.bsky.social,2025-11-07T02:41:43.634Z,at://did:plc:mzhrncelvcicnuvszvlkbfnb/app.bsky.feed.post/3m4z2jnso5c2x,2025-11-07T03:13:03.863607+00:00
"“Our disease response aims to protect both public and animal health, as well as minimize impacts on the $6.8 billion domestic poultry industry … This supports Canadian families and poultry farmers whose livelihoods depend on maintaining international market access”

nationalpost.com/news/canada/...",jameswooten.bsky.social,2025-11-08T03:03:10.280Z,at://did:plc:2kvxb2x5tqu7vnuhq3zwraik/app.bsky.feed.post/3m53m6wcre22f,2025-11-08T03:04:14.767904+00:00
"“In Canada, 39 cars are affected by Transport Canada’s recall for the wheels, which were an option on certain Civic and Accord models.” driving.ca/auto-news/dr... - Driving 

#Cars #Honda #HondaRecall #Recall #SafetyRecall",bcwildfirewkly.bsky.social,2025-11-08T03:02:49.424Z,at://did:plc:r64wzjtkimyq4vkiddzuu6no/app.bsky.feed.post/3m53m6cgd5c24,2025-11-08T03:04:14.767919+00:00
"This reminded me of the time in 2016 when I gave a talk at the Toronto Public Library for Pen Canada about Gaza

Minutes before I went on stage, I went to the library bathroom and found a member of the local JDL chapter inside scrawling swastikas all over the stalls with a pen

https://x.com/MaxBlu…",xehmalstwitter.bsky.social,2025-11-08T03:01:54.443725+00:00,at://did:plc:nwvlodckxwam2af3pdhplvum/app.bsky.feed.post/3m53m4oafwh24,2025-11-08T03:04:14.767923+00:00
I’m an old white woman from Canada and even I get how wrong that is.,eastofbarrie.bsky.social,2025-11-08T03:01:35.524Z,at://did:plc:ewppyypw662cjct2c4gswq22/app.bsky.feed.post/3m53m43x2722b,2025-11-08T03:04:14.767925+00:00
"Ross Bay Victoria BC Canada

#Canada",canada-cambot.bsky.social,2025-11-08T03:01:13Z,at://did:plc:kdmhcb4wmrqzqg6hn2ps55t4/app.bsky.feed.post/3m53m3ij2d224,2025-11-08T03:04:14.767927+00:00
Be well sister! Go Canada! I hope it goes well.,zoepuck100d.bsky.social,2025-11-08T03:00:43.113Z,at://did:plc:7whk6a7rtfv54oragtub4rej/app.bsky.feed.post/3m53m2jxllc2g,2025-11-08T03:04:14.767929+00:00
"Winter will make an appearance in parts of Canada this weekend, as temperatures plummet with a side of potential snowfall.",ctvnews.bsky.social,2025-11-08T03:00:26Z,at://did:plc:73vkh3bocvb6uewxbpmhay7d/app.bsky.feed.post/3m53lzzrqxv2j,2025-11-08T03:04:14.767932+00:00
"Prince Harry apologizes to Canada for wearing Dodgers cap in “Hat Gate’ flap

https://www.inbella.com/1368709/prince-harry-apologizes-to-canada-for-wearing-dodgers-cap-in-hat-gate-flap/

LONDON (AP) — Prince Harry went to Toronto for events marking the end of World War I and found himself on an …",inbella.bsky.social,2025-11-08T03:00:11+00:00,at://did:plc:sxbfu7giy35hcpekhb7khwer/app.bsky.feed.post/3m53lzolvfj2a,2025-11-08T03:04:14.767933+00:00
"FM Cho to Attend G7 Foreign Ministers' Meeting in Canada

https://www.byteseu.com/1521323/

Photo : YONHAP News Foreign Minister Cho Hyun will attend a meeting of top diplomats from the Group of Seven(G7) in Canada next week. According to Seoul’s foreign ministry on Friday, Cho will visit Canada …",byteseu.bsky.social,2025-11-08T03:00:07+00:00,at://did:plc:5zww7zorx2ajw7hqrhuix3ba/app.bsky.feed.post/3m53lzjyii22k,2025-11-08T03:04:14.767935+00:00
"Prince Harry apologized to Canada for wearing a Dodgers hat at the World Series and tried to put a humorous spin on the incident he referred to as “Hat Gate.”

“When you’re missing a lot of hair on top, and you’re sitting under floodlights, you’ll take any hat that’s available.”

trib.al/rNhZ4WO",chicagosports.bsky.social,2025-11-08T03:00:05.358092Z,at://did:plc:qjj44p47avghsz4iqbhutwsr/app.bsky.feed.post/3m53lzgeog52x,2025-11-08T03:04:14.767937+00:00
"I feel you from Canada, but I bit the bullet and called it Christmas to me.",vallana.sidoen.net,2025-11-08T02:59:52.276Z,at://did:plc:5zijbe47jflea6zq6xmc37dp/app.bsky.feed.post/3m53lyzi63225,2025-11-08T03:04:14.767939+00:00
"Here's what London's cash-strapped Catholic school board is considering cutting | CBC News #onted 
 www.cbc.ca/news/canada/...",eslfairy.bsky.social,2025-11-08T02:59:45.941Z,at://did:plc:7xfiigwmmpmnuqvnu4k722hh/app.bsky.feed.post/3m53lytgtkc2q,2025-11-08T03:04:14.767941+00:00
"PDX->YVR and back are the air canada version and that flight is a real short haul special, AC didn't even staff their check in kiosk until like an hour before departure because it's the only plane they have at the airport",uncreativecat.bsky.social,2025-11-08T02:59:41.675Z,at://did:plc:epkxd6zs3er2chtgvva22wsj/app.bsky.feed.post/3m53lypemkk2e,2025-11-08T03:04:14.767943+00:00
"""god i havent been to canada in years""
""like a month ago?""
""windsor is detroit dlc""",appleisland.bsky.social,2025-11-08T02:59:35.914Z,at://did:plc:pbafra4qguwmvu5m2dkjblku/app.bsky.feed.post/3m53lyjutkk2t,2025-11-08T03:04:14.767945+00:00
"Exceeding economists' expectations, Canada added 67,000 jobs in October.
During the same period, the U.S. lost 150 000 jobs.
F*ck you #Trump!!",bobbyangelini.bsky.social,2025-11-08T02:59:06.734Z,at://did:plc:7dg5ljfjv2jjp3k6z7vljkg4/app.bsky.feed.post/3m53lxo2gfc24,2025-11-08T03:04:14.767947+00:00
"This #multibillionaire version of #affordability compares to

The size of the #sun being as small as the #moon during a solar #eclipse. 

Eye damage included when eclipse #safety glasses optional.

Thank you for your attention to this matter.

Safe happy waves from Canada",donbusking.bsky.social,2025-11-08T02:58:48.913Z,at://did:plc:ee22gjim26b2gzgcjzy4yu7j/app.bsky.feed.post/3m53lx542wc2q,2025-11-08T03:04:14.767948+00:00
Looks like a Halloween costume that weirdly doesn’t affect your chances of becoming prime minister of Canada.,stote.bsky.social,2025-11-08T02:58:46.335Z,at://did:plc:4asvttw4zqnytl3rzkpi7yqb/app.bsky.feed.post/3m53lx2lujc2j,2025-11-08T03:04:14.767951+00:00
"Why is PP still Leader of the Opposition in Canada?

Clearly…even his own party MP’s have lost faith in him with his rant and rave politics.

A new Conservative Leader is needed now!

PP must step down now or be forced to with more defections.",thecapt911.bsky.social,2025-11-08T02:58:18.821Z,at://did:plc:ikkwcrfi6wx42zojpldyur4z/app.bsky.feed.post/3m53lwae5gc22,2025-11-08T03:04:14.767953+00:00
"Apparently the wheels that are part of the recall are a more expensive option, so only 39 of them were sold (and now recalled) in Canada.

Thrifty Canadians🇨🇦😆

driving.ca/auto-news/dr...",charrichardrsw.bsky.social,2025-11-08T02:57:53.332Z,at://did:plc:c7rfmpnunnoqcfmtscmm72u3/app.bsky.feed.post/3m53lvi2bt227,2025-11-08T03:04:14.767954+00:00
"🩸📚💙 Giant Shrews from Outer Space 📚🪐🍁

Summary books2read.com/b/3LMvdJ
Get it Now books2read.com/u/3LMvdJ
🎧📚 Audio books.apple.com/us/audiobook/giant-shrews-from-outer-space/id1833260504

#sciencefiction #comedy #horror #booklovers #horrorfans #sci-fi #aliens #ghosts #funny #canada #readingcommunity",sylvia-rose-books.bsky.social,2025-11-08T02:57:49.022Z,at://did:plc:j5kweeqaeeg6eb53ikzch5ha/app.bsky.feed.post/3m53lvdwqtk26,2025-11-08T03:04:14.767957+00:00
"🩸📚💙Author Website 📚🪐

▶️ lovethatpurr8.wixsite.com/sylvia-kay-r... ◀️

#readingcommunity #writingcommunity #authors #canada #canadian #horror #mythology #sciencefiction #booklovers #bookworm #readsky #readersky #fantasy #romance",sylvia-rose-books.bsky.social,2025-11-08T02:57:44.133Z,at://did:plc:j5kweeqaeeg6eb53ikzch5ha/app.bsky.feed.post/3m53lv7bjh22y,2025-11-08T03:04:14.767958+00:00
Giggle from Canada.,debrreed.bsky.social,2025-11-08T02:57:28.836Z,at://did:plc:hhyceunvxxs6ughz22dffuc5/app.bsky.feed.post/3m53luqooxs2x,2025-11-08T03:04:14.767960+00:00
🇨🇦ELBOWS UP CANADA. 🇨🇦⚡️BOYCOTT!!!⚡️,vp2024.bsky.social,2025-11-08T02:57:26.778Z,at://did:plc:xpcv7y3cnsmjpzctilq44fdr/app.bsky.feed.post/3m53luopv7c2k,2025-11-08T03:04:14.767962+00:00
Feeling the same way for Canada as anywhere else when I look at gas expansion by fracking.,lakitukl.bsky.social,2025-11-08T02:55:21.836Z,at://did:plc:bp4q2w7xvjqxzrrglnx74nul/app.bsky.feed.post/3m53lqxkyj22l,2025-11-08T03:04:14.767964+00:00
Development and UAT Specialist - Mississauga Ontario Canada Job educativ.net/jobs/job/48327...,educativ.bsky.social,2025-11-07T21:55:14.150-05:00,at://did:plc:voa5jj4mjj2u76o7cp6qanjz/app.bsky.feed.post/3m53lqqhm6p2o,2025-11-08T03:04:14.767966+00:00
"They have oceans in Canada, too. They're just cold af.",drmario.bsky.social,2025-11-08T02:54:47.464Z,at://did:plc:dcktfzpexr2emoifzzx3w4jy/app.bsky.feed.post/3m53lpwrz4s25,2025-11-08T03:04:14.767967+00:00
"Gorgeous pics, Texas. 
Good night from South West Canada. ❤️",quinnleone.bsky.social,2025-11-08T02:54:27.866Z,at://did:plc:qhtn672cocd2g3unmdwneu35/app.bsky.feed.post/3m53lpe3whc2q,2025-11-08T03:04:14.767969+00:00
"For over a century, the location of the Florentine Diamond has been a mystery. The 137-carat diamond disappeared around 1918, or so the world thought. In truth, it’s been safe and sound in a bank vault in Canada for decades.",nicenews.bsky.social,2025-11-08T02:54:16.309Z,at://did:plc:e5j2bpd4ytfrbwk6px3sd2r4/app.bsky.feed.post/3m53loz3bcc2o,2025-11-08T03:04:14.767971+00:00
"6. Best entry in terms of music

England (Industrial) - Scarborough Fair
America (Industrial) - Hard Times Come Again No More
Canada (Medieval) - Vive la Canadienne/O Canada
Sweden (Industrial) - Helen Går
Maori (Industrial) - Pōkarekare Ana/Ka Mate
Brazil (Industrial) - Brejeiro",51d35h0w808.bsky.social,2025-11-08T02:53:47.690Z,at://did:plc:ks53duyxnvakrleuj22n3uo7/app.bsky.feed.post/3m53lo5rv2k22,2025-11-08T03:04:14.767973+00:00
"I had it with that s*** and I live in Canada 
pisses me off",papoona.bsky.social,2025-11-08T02:53:19.242Z,at://did:plc:pisk4ugdwfr6sfjgrthsk2r3/app.bsky.feed.post/3m53lncnpsk2d,2025-11-08T03:04:14.767975+00:00
www.cbc.ca/news/canada/...,elee-2025.bsky.social,2025-11-08T02:52:49.006Z,at://did:plc:danvpxlraicwlv4rdb575vlu/app.bsky.feed.post/3m53lmfsxic25,2025-11-08T03:04:14.767977+00:00
www.teacherspayteachers.com/store/fabric... #gingerbread #house #photo #frame #ornament #pattern #printables #crafts #gifts #giftideas #teachers #parents #homeschool #school #TpT #IXL #NJEA #VeteransDay #sale #save 50% off #Nov7 #Nov8 #Nov9 #Nov10 #Nov11 #2025 #NJ #USA #Canada #Europe,fabricframes.bsky.social,2025-11-08T02:52:36.857Z,at://did:plc:64pmjky2ghpuh2iaog6ozemn/app.bsky.feed.post/3m53lm2ad5227,2025-11-08T03:04:14.767979+00:00
"CRIMINAL LNG Canada has been offering money to KITIMATE residents who complain about toxic flaring – either to book a hotel out of town, or stay home and keep their mouths shut. thenarwhal.ca/lng-canada-k...",elee-2025.bsky.social,2025-11-08T02:51:50.541Z,at://did:plc:danvpxlraicwlv4rdb575vlu/app.bsky.feed.post/3m53lko2qr225,2025-11-08T03:04:14.767980+00:00
"We don't have that history. I'd love it if the CBC just aired the contest. And if we're serious, send commentators.

I really want us to align our culture more towards Europe than the US. And I'm delighted by the idea of Canada in Eurovision. But I also think if this is a top-down thing, I don't […]",flyingsquirrel.mastodon.social.ap.brid.gy,2025-11-08T02:51:46.000Z,at://did:plc:5pwmjv24f4djuje7syicxjhl/app.bsky.feed.post/3m53lkvcx7sh2,2025-11-08T03:04:14.767982+00:00
"I don’t get it. How did the “greatest country on earth” end up with 42 million people in need of SNAP benefits? That’s a lot of people, folks. To compare, the entire population of Canada is just under 42 million. Do we have citizens needing financial help? Yes, but nobody is using them as pawns.",canucksorry.bsky.social,2025-11-08T02:51:44.028Z,at://did:plc:uitlhgmjzjmmklsnibyyofu4/app.bsky.feed.post/3m53lkhu5c22p,2025-11-08T03:04:14.767984+00:00
"The time he ALLEGEDLY threatened murder/suicide against the mother of his child, after hiding her passport so she couldn’t go back to Canada. Dude’s been unhinged a while.",picklesandtwigs.bsky.social,2025-11-08T02:51:27.335Z,at://did:plc:awimnbezzwoxfivczwrkud4z/app.bsky.feed.post/3m53ljxwlms26,2025-11-08T03:04:14.767986+00:00
"⚽ Match Discussion: The Canada West Champion University of British Columbia Thunderbirds look to three-peat as U Sports Women's Cham...

https://www.sixseconds.ca/usports/matches/2025-consolation-university-of-british-columbia-thunderbirds-vs-carabins-de-l-universit-de-montr-al

#USports #SixSeconds",sixseconds.ca,2025-11-08T02:50:56.939Z,at://did:plc:gqm5wbqmujxpw5jb7t3tuird/app.bsky.feed.post/3m53lj3e5hx2w,2025-11-08T03:04:14.767988+00:00
"I would be so happy if we got Eurovision inclusion for Canada. 
This is a vote decider for me.",ikirsty.bsky.social,2025-11-08T02:50:52.040Z,at://did:plc:vydwetzxpwacf5vcecybf5jw/app.bsky.feed.post/3m53liwbhu22o,2025-11-08T03:04:14.767990+00:00
"Trying to understand what has changed? Not disruption but rupture in our US trade arrangement.  Canada will build in and build out.  The future is bright when you negotiate rather than dictate... it also helps to have what everyone wants: a reliable partner!
www.youtube.com/live/4wYp0dN...",brianmckinley754.bsky.social,2025-11-08T02:49:57.208Z,at://did:plc:hybvfiyjma5cgfexjlrq2ciu/app.bsky.feed.post/3m53lhby5xc2y,2025-11-08T03:04:14.767992+00:00
Just so you know Canada has disowned Kevin O’Leary. 🇨🇦,tw1618.bsky.social,2025-11-08T02:49:53.908Z,at://did:plc:333pxfgtasm5khm5daapc32d/app.bsky.feed.post/3m53lh6tfds2i,2025-11-08T03:04:14.767994+00:00
"my new completely unrelated and never seen before UC character Gaia Rauzan

she can still kinda wear a mask if she wants to by whipping her bangs forward

there's an EFSF tracking collar under her turtleneck",taifu16go.bsky.social,2025-11-08T02:48:34.221Z,at://did:plc:i5222zuoxorh4ownhtr6nkrw/app.bsky.feed.post/3m53lesvcnk2f,2025-11-08T03:04:14.767996+00:00
"I actually don't mind Canada in the fall/winter (don't shoot me) but I have to admit watching a travel show about the Maldives is reminding me how much my heart hurts with joy when Im near and around the ocean. 

I will always be a child of the coasts, always.",disabilitystor1.bsky.social,2025-11-08T02:47:58.655Z,at://did:plc:7a4j47j42ezdr3au7pxdlzjt/app.bsky.feed.post/3m53ldqw5lk27,2025-11-08T03:04:14.767997+00:00
It’s a maritime border with Canada.,snchalmers.bsky.social,2025-11-08T02:47:51.743Z,at://did:plc:ksyacitcbayrtafsa2jgeji5/app.bsky.feed.post/3m53ldkd7lk2d,2025-11-08T03:04:14.767999+00:00
Radio-Canada Info:  Washington accuse Téhéran d’avoir voulu assassiner l’ambassadrice d’Israël au Mexique ,aricierss.bsky.social,2025-11-08T02:47:48.959Z,at://did:plc:2rker5jsweiukz55nxst6hjk/app.bsky.feed.post/3m53ldhrkrs2f,2025-11-08T03:04:14.768001+00:00
I JUST FUCKING REALISED ITS IN CANADA,vamp1rez.on.computer,2025-11-08T02:46:44.567Z,at://did:plc:bklb3nsmqde6qukiz7fvpsa5/app.bsky.feed.post/3m53lbkb7y22w,2025-11-08T03:04:14.768003+00:00
"HERE’S OUR FIRST LADY OF CANADA 
MRS DIANE FOX CARNEY 
💯💞🇨🇦💪
youtu.be/2RqD75Mx1AY?...",hbender55.bsky.social,2025-11-08T02:46:37.111Z,at://did:plc:jfmm574i6svhrxm3a37byxby/app.bsky.feed.post/3m53lbd5nqs2t,2025-11-08T03:04:14.768005+00:00
"Victoria Inner Harbour, BC, Canada

#Canada",canada-cambot.bsky.social,2025-11-08T02:46:26Z,at://did:plc:kdmhcb4wmrqzqg6hn2ps55t4/app.bsky.feed.post/3m53lb3y4xs2l,2025-11-08T03:04:14.768007+00:00
"See... Canada has assholes, too.",billtbns.bsky.social,2025-11-08T02:46:22.545Z,at://did:plc:zp42ma2oxxxfqcbwxrvaw7qu/app.bsky.feed.post/3m53lavb55c2p,2025-11-08T03:04:14.768009+00:00
"This is great, but if you're a member of the community and you work and pay taxes you should have a say. Celebrating the fact the bare minimum was met is sad. It might work in the US but not Canada.",furcifernova.bsky.social,2025-11-08T02:46:11.169Z,at://did:plc:3bu5bq6q5afzvzqceulklbci/app.bsky.feed.post/3m53lakfws227,2025-11-08T03:04:14.768011+00:00
#SaltMarsh #FallLandscape #JordanRiver #EastJordan #NovaScotia #Canada #Photography #NikonZ6iii,meroy-photos.bsky.social,2025-11-08T02:45:59.996Z,at://did:plc:hgr5if4smfs6ezytmaxdy62b/app.bsky.feed.post/3m53la7r5jc2y,2025-11-08T03:04:14.768013+00:00
"“The Holocaust was real. It was the deliberate, systematic destruction of human life on a scale that defies comprehension.”

My mother’s story told through verified testimony and archival evidence.
📘 From Kisvárda to Canada: My Mother’s Holocaust Journey
🇨🇦 a.co/d/7suSn50%EF...

#HolocaustEducation",brianclaman.bsky.social,2025-11-08T02:45:56.788Z,at://did:plc:yvb6gxmsbllt3h5dubgw32wa/app.bsky.feed.post/3m53la4p3t22b,2025-11-08T03:04:14.768015+00:00
"It’s jobs Friday, in Canada at least

https://www.newsbeep.com/nz/123908/

There are some signs of progress on the US government shutdown and I’m optimistic it will end on…",nz-nb.bsky.social,2025-11-08T02:45:51+00:00,at://did:plc:cvhzp4oqk57twhhjji5o2b3t/app.bsky.feed.post/3m53la3rti62p,2025-11-08T03:04:14.768016+00:00
"""British and Canadian Intelligence Intercept Communications Linking Indian Government With Assassination Plots in the United States, Canada and United Kingdom.""

Hey @mark-carney.bsky.social - why are you buddy-buddy rubbing elbows with Modi?",mcraewrites.bsky.social,2025-11-08T02:45:30.970Z,at://did:plc:mpwvjhczhy7p573edecbikbf/app.bsky.feed.post/3m53l7e35xc22,2025-11-08T03:04:14.768018+00:00
"Beef price also went up a lot in Canada and i'm sure it has nothing to do with a foreign company. You country is now in full and total paranoia mode, has lost contact with reality, I don't know how long it can goes that way but not for so long in my humble opinion. Huge clash ahead.",brutus66.bsky.social,2025-11-08T02:45:17.972Z,at://did:plc:vni4vxjuh6k4dsumfkryk2t4/app.bsky.feed.post/3m53l6xojl22t,2025-11-08T03:04:14.768020+00:00
I'm from Canada as well. Beautiful and gorgeous! 😍🥰,foolsoverture77.bsky.social,2025-11-08T02:45:14.249Z,at://did:plc:dzosnoofuz267ds5p2yl4mv3/app.bsky.feed.post/3m53l6u4uu226,2025-11-08T03:04:14.768022+00:00
"Pleased to announce that ""Legends of Little Canada"" has received the Golden Book Award from Literary Titan.",chaplinlives.bsky.social,2025-11-08T02:45:12.528Z,at://did:plc:m42xj6vixouagr7asnszosbi/app.bsky.feed.post/3m53l6sjr4c2h,2025-11-08T03:04:14.768024+00:00
"#Canada 🇨🇦We are watching 
I cannot believe there is no Poppy available to post!  What the heck in the hay? ‘In Flanders fields
Row boy row…..
2nd WW - lest we forget!",tuesdaymudds.bsky.social,2025-11-08T02:44:57.394Z,at://did:plc:hwfg2tifenhzofjq5owmread/app.bsky.feed.post/3m53l6e2nrk2b,2025-11-08T03:04:14.768026+00:00
"This is something we've looked at in Canada as well, through the CLC and others. We really need to take it on.",leilah.bsky.social,2025-11-08T02:44:48.691Z,at://did:plc:yrt25d2frbtnwnrogo5gry46/app.bsky.feed.post/3m53l63qvuk2x,2025-11-08T03:04:14.768028+00:00
"The Americans having suicidal ideation aren't having it directly due to the president either (although some might be, especially immigrants and trans folks). 

The lawsuits, at least, are for people in US and Canada ( for chatGPT-driven suicides ) 
apnews.com/article/open...",susankayequinn.bsky.social,2025-11-08T02:44:20.037Z,at://did:plc:v6hkwlrkoi34v4zsanhwft2d/app.bsky.feed.post/3m53l5agigc2p,2025-11-08T03:04:14.768029+00:00
"U.S. Supreme Court allows Trump admin to avoid fully funding SNAP payments for now

The U.S. Supreme Court on Friday granted the Trump administration's emergency appeal to temporarily block a court order to fully fund SNAP food aid payments amid the ...

#cbc #cbc-top-stories #Canada ",scrubfire84.bsky.social,2025-11-08T02:43:55.572555+00:00,at://did:plc:bnk5d72upa2mfzwglo6ynbs3/app.bsky.feed.post/3m53l4j5jrf2p,2025-11-08T03:04:14.768031+00:00
@mark-carney.bsky.social if Canada is going to join Eurovision we’re gonna need some sort of way of selecting the candidate like a talent show. if they’re looking for show name ideas might I suggest calling it “Maple Gold”!,thedailymaplesyrup.bsky.social,2025-11-08T02:42:28.806Z,at://did:plc:dgqc6sdvlk6gsdku5nrpmx5f/app.bsky.feed.post/3m53kzwdzes2l,2025-11-08T03:04:14.768033+00:00
#1 hit across Canada and a big personal fave of mine,thebillcs.bsky.social,2025-11-08T02:42:22.706Z,at://did:plc:6vpxluymfno2r6la3mn5r7dm/app.bsky.feed.post/3m53kzqjsfc2h,2025-11-08T03:04:14.768035+00:00
www.teacherspayteachers.com/store/fabric... #Thanksgiving #craft #papercraft #crafts #printables #teachers #parents #homeschool #school #TpT #IXL #NJEA #VeteransDay #sale #save 50% off #Nov7 #Nov8 #Nov9 #Nov10 #Nov11 #2025 #NJ #USA #Canada #Europe,fabricframes.bsky.social,2025-11-08T02:42:15.264Z,at://did:plc:64pmjky2ghpuh2iaog6ozemn/app.bsky.feed.post/3m53kzjgps227,2025-11-08T03:04:14.768036+00:00
"It's more then a bit of an enigma...
I know a lot of canada is quite concerned",ryderbrown.bsky.social,2025-11-08T02:41:55.680Z,at://did:plc:z2dtsvieulwwutmbn43diykq/app.bsky.feed.post/3m53kywqzss2p,2025-11-08T03:04:14.768038+00:00
"Ernie Clement ""Have You Ever Tried This One"" T-Shirt - Elbows Up Canada elbowsup-canada.com/products/ern...",resistbears.bsky.social,2025-11-08T02:41:39.753Z,at://did:plc:qx7v3swrjsxfodcpfgzmbxu3/app.bsky.feed.post/3m53kyhkz3c2r,2025-11-08T03:04:14.768040+00:00
Ok so I work Security and I arrest shoplifters for a living in Canada (if I was American I would have quit my job) but I got one thing to say about this. ALL COPS ARE BASTARDS!!!!,justacannuck.bsky.social,2025-11-08T02:40:59.839Z,at://did:plc:jjcdajwpyjmfikbcpxcc5fed/app.bsky.feed.post/3m53kxbiwks2i,2025-11-08T03:04:14.768042+00:00
"Blue flame clicker is the real deal 

#fyp #yyj #victoriabc #canada #fun",dragonimpact.bsky.social,2025-11-08T02:40:31.597Z,at://did:plc:e4qgpkvpgxhwrtwyfs7bb2fj/app.bsky.feed.post/3m53kwgkzj223,2025-11-08T03:04:14.768044+00:00
www.cbc.ca/news/canada/...,trapdinawrpool.bsky.social,2025-11-08T02:39:30.026Z,at://did:plc:2yl5xkfo4cxep6p7gjvxjr3w/app.bsky.feed.post/3m53kulu2kk2e,2025-11-08T03:04:14.768046+00:00
"Mamdani (NYC), Carney (Canada), among others. And now, Erdogan.",scottinmontreal.ca,2025-11-08T02:39:13.062Z,at://did:plc:p5csx2xhi5kbykxnddffo6dy/app.bsky.feed.post/3m53ku3od6c2u,2025-11-08T03:04:14.768047+00:00
canada i am in you,appleisland.bsky.social,2025-11-08T02:38:30.935Z,at://did:plc:pbafra4qguwmvu5m2dkjblku/app.bsky.feed.post/3m53kstiqis2i,2025-11-08T03:04:14.768049+00:00
Why is there no public consultations on data centers being built in Canada? Why is there no public consultation on the deals they are making for heavily reduced rates on water and electricity consumption? Why are our governments enabling tech companies in a grossly unregulated industry?,rhinestonecanuck.bsky.social,2025-11-08T02:38:05.513Z,at://did:plc:iq6tkowan7azbdiw4b3iylmo/app.bsky.feed.post/3m53ks3awdc2v,2025-11-08T03:04:14.768051+00:00
"I'm sure there's a word for it, but I assimilate local accents really easily. My own parents and grandparents often ask if I plan on ""moving to Canada"" because of the way I pronounce this now.",templetonpeck.bsky.social,2025-11-08T02:37:59.453Z,at://did:plc:xl7lbe3v4a2prjtctipb64up/app.bsky.feed.post/3m53krvhxf22k,2025-11-08T03:04:14.768053+00:00
"Did some research recently to confirm news reports. Consensus of non-corporate-captured experts:

* Canada has sufficient pipelines now

* a new one won't be ready til the market for the sludge it carries is in steep decline, if not gone

Carney's plan is a waste, yet he's underfunding our services?",koanside.bsky.social,2025-11-08T02:37:34.499Z,at://did:plc:fqpekm5xbghq2a3wjxoanxs7/app.bsky.feed.post/3m53kr5ogak2w,2025-11-08T03:04:14.768054+00:00
www.teacherspayteachers.com/Product/Happ... 50% off #Thanksgiving #math #Pi #Pie #Pies #parts of a #circle #chart #area #circumference #printable #teachers #parents #homeschool #school #NJEA #VeteransDay #TpT #IXL #sale  #USA #Canada #Europe #Nov7 #Nov8 #Nov9 #Nov10 #Nov11 #2025,fabricframes.bsky.social,2025-11-08T02:37:20.971Z,at://did:plc:64pmjky2ghpuh2iaog6ozemn/app.bsky.feed.post/3m53kqqrmbs27,2025-11-08T03:04:14.768056+00:00
"Many Cons didn't show up to vote in the HOC, and don't think they have to follow the Rule of Law. They would destroy Canada just like Tramp. #TeamCANADA needs to make sure that never happens. #NeverVoteConservative 🍁  imo",constanceont.bsky.social,2025-11-08T02:37:19.175Z,at://did:plc:47m7ipom3rcpo5viqknlmjh2/app.bsky.feed.post/3m53kqp2rfk2w,2025-11-08T03:04:14.768058+00:00
"Ontario Street backyards, Toronto, 1962

Artist: Albert Franck (1899-1973)
Medium: Oil on board

#FlashbackFriday #1960s #torontoart #art #artist #architecture #winter #oilpainting #torontohistory #toronto #canada #jeremyhopkin",jeremyhopkin.bsky.social,2025-11-08T02:36:56.920Z,at://did:plc:4wvqm3lsosxrea7qab65xpod/app.bsky.feed.post/3m53kpztqv22d,2025-11-08T03:04:14.768060+00:00
"@democrats.org 
@bobferguson.bsky.social 
@tinakotek.bsky.social 
@gavinnewsom.bsky.social 

Time for Democratic Governors to stop sending Federal Tax dollars to the Fed.

Put them in a bank account in Canada - out of reach of this corrupt Trump administration!",revdrtraci.bsky.social,2025-11-08T02:36:22.263Z,at://did:plc:moddrcejsful6m4mcvwtsu5r/app.bsky.feed.post/3m53koys36k2u,2025-11-08T03:04:14.768062+00:00
Perhaps reducing emissions before the emergencies escalate would be a project that would nake Canada Strong,robwfox.bsky.social,2025-11-08T02:36:13.169Z,at://did:plc:fiq35plrqu2ntbffchydihak/app.bsky.feed.post/3m53koq4gg22u,2025-11-08T03:04:14.768064+00:00
"The United States has been the world’s largest producer of methane gas since 2009. 

The three regions are:

The Appalachia
The Permian
The Haynesville

Story here: www.eia.gov/todayine...",peterdutoit.com,2025-11-08T02:36:10.000Z,at://did:plc:6sfrfhw2vlakpteolhj75stl/app.bsky.feed.post/3m53konohf322,2025-11-08T03:04:14.768066+00:00
This narcissistic fool actually thought he could steal Canada and make it the 51st State.,watershipdown-72.bsky.social,2025-11-08T02:36:08.728Z,at://did:plc:tiuca3kbrf2g7vgcujazvh2h/app.bsky.feed.post/3m53koluvis22,2025-11-08T03:04:14.768068+00:00
Watching a random hockey game and saw my first “Diamond & Diamond” law firm commercial and CANADA. Come on lol 🇨🇦,thatbootlegguy.bsky.social,2025-11-08T02:35:36.450Z,at://did:plc:o34hlfrabnhm4jiakzlbnrpn/app.bsky.feed.post/3m53knn3tzc2i,2025-11-08T03:04:14.768069+00:00
"Sure, in Canada.

But that's just one example.",samspade1941.bsky.social,2025-11-08T02:35:05.815Z,at://did:plc:7lk2ea67pioh2e7tqj5n7whh/app.bsky.feed.post/3m53kmpuwzk2b,2025-11-08T03:04:14.768071+00:00
"the fire in San Francisco and Japan in general

This was also a private school where education is allegedly better than public school

Our education system is bizarre and everyone I’ve met from like Canada has a better grasp of geography than almost anyone in the US

It’s very weird

People I went",bagelry.bsky.social,2025-11-08T02:35:02.981Z,at://did:plc:xnxmeeiccpbdhjdpglbdjum6/app.bsky.feed.post/3m53kmnhqd22v,2025-11-08T03:04:14.768073+00:00
Cranberry Canada Dry fucking slaps,xanderrffxi.bsky.social,2025-11-08T02:34:28.148Z,at://did:plc:ai6neb4qvo4wx3qxry6xn3b7/app.bsky.feed.post/3m53kllxgts2k,2025-11-08T03:04:14.768075+00:00
#TLKRiderAlert: Expo Line SkyTrain experiencing delays | Expo Line is experiencing delays beginning at 6:25 PM due to stalled train near Commercial-Broadway Stn. Millennium Line and Canada Line are unaffected. Updates to follow.,tlkalertrepeater.bsky.social,2025-11-08T02:34:11.293195+00:00,at://did:plc:zqhjp6wigkgthcbzmm3wy52g/app.bsky.feed.post/3m53kl4dfjw27,2025-11-08T03:04:14.768077+00:00
#CANADA: Hotline for victims of human trafficking - available 24/7 in 200 languages 1-833-900-1010,thepixelproject.bsky.social,2025-11-08T02:33:50.719458Z,at://did:plc:v6qdk5vnk7skne4wuug3dzyv/app.bsky.feed.post/3m53kkinp6p2y,2025-11-08T03:04:14.768079+00:00
Not sure of you know this. Heart was a seattle band that moved to Vancouver canada. Because of the draft. I saw them in the bars many times around here,dyuk.bsky.social,2025-11-08T02:33:44.879Z,at://did:plc:5z2fqzd3xhxsoe3lqtfaxynq/app.bsky.feed.post/3m53kkcoxxk2b,2025-11-08T03:04:14.768080+00:00
"#tommytuberville should be placed on an international watch list, and denied entry to all other western nations.

Fuck that guy, and not in a good way.

Come to Canada and find out why that was a mistake, tommy. Grown-ass man with a fucking child's name.",robotsausage.bsky.social,2025-11-08T02:33:43.851Z,at://did:plc:3s4pyhhhq2cflytbmbcmuzru/app.bsky.feed.post/3m53kkbpm2k2k,2025-11-08T03:04:14.768082+00:00
"Oops, I should have mentioned Canada. 😅 Canada is a given, of course I want to go there! When I think of the word ""travel,"" my brain goes to other continents outside of North America.",thingsweresaid.bsky.social,2025-11-08T02:33:39.655Z,at://did:plc:pgok7we4lzueas2ne3r26bcf/app.bsky.feed.post/3m53kk5pkfk2s,2025-11-08T03:04:14.768084+00:00
"🩸📚💙Sci-Fi Horror📚🪐

💀Killer Compost
books2read.com/b/47AA5E

🐿️SQUIRRELS
books2read.com/b/mvwBol

🪱Attack of the Mutant Space Maggots
books2read.com/b/3yyrrV

🛸Giant Shrews from Outer Space
books2read.com/b/3LMvdJ

#horror #sciencefiction #humor #sci-fi #bookworm #readingcommunity #booklovers #canada",sylvia-rose-books.bsky.social,2025-11-08T02:33:21.388Z,at://did:plc:j5kweeqaeeg6eb53ikzch5ha/app.bsky.feed.post/3m53kjmc4j22k,2025-11-08T03:04:14.768086+00:00
"Don’t complain, get paid: Kitimat resident offered thousands from LNG Canada : thenarwhal.ca/lng-canada-k...",tikabean.bsky.social,2025-11-08T02:33:17.774Z,at://did:plc:sdaq5n7aelvehyjhxxp4diwh/app.bsky.feed.post/3m53kjiufrc27,2025-11-08T03:04:14.768088+00:00
Canada isn't bad babe and Mexico has an alpha female running the show. It's just you (America),furcifernova.bsky.social,2025-11-08T02:33:07.987Z,at://did:plc:3bu5bq6q5afzvzqceulklbci/app.bsky.feed.post/3m53kj7j4mk27,2025-11-08T03:04:14.768089+00:00
Canada $0 and they pay less taxes.,sadworld.bsky.social,2025-11-08T02:32:54.344Z,at://did:plc:zx2vhvv4lhi25kwllgnxjjqn/app.bsky.feed.post/3m53kisires2e,2025-11-08T03:04:14.768091+00:00
The Cons are broken. Not Canada. Canada strong.,modernmaven.bsky.social,2025-11-08T02:32:16.414Z,at://did:plc:z4chll7ppkzcaearqfhpnczq/app.bsky.feed.post/3m53khodbdk2c,2025-11-08T03:04:14.768093+00:00
"I’m ready for #ComicFight 2026!!!

Links and character names in the alt-text. ⬇️",ijinks.bsky.social,2025-11-08T02:32:14.907Z,at://did:plc:hu6fo654r55mxdm64ibdtnyq/app.bsky.feed.post/3m53khmvoe227,2025-11-08T03:04:14.768095+00:00
Firaxis left Canada out of Civ 7 purely to spite you,51d35h0w808.bsky.social,2025-11-08T02:32:12.680Z,at://did:plc:ks53duyxnvakrleuj22n3uo7/app.bsky.feed.post/3m53khkrbus22,2025-11-08T03:04:14.768097+00:00
"Source

#Canada",canada-cambot.bsky.social,2025-11-08T02:32:02Z,at://did:plc:kdmhcb4wmrqzqg6hn2ps55t4/app.bsky.feed.post/3m53khcvkmj2r,2025-11-08T03:04:14.768099+00:00
"Turista brasileiro tem isenção de visto para esses locais ou essa camara e esse assassino não sabem mais como baixar as calças para gringo???

Comissão aprova isenção de visto para turistas de Austrália, Canadá e EUA

Fonte: Agência Câmara de Notícias",erniehmgy.bsky.social,2025-11-08T02:31:56.576Z,at://did:plc:ygc5ovd3iduhnwvqylrtbwvo/app.bsky.feed.post/3m53kh3rvfi2i,2025-11-08T03:04:14.768101+00:00
"#BestSongHeardToday •

mackeeper 
oh canada •
2025

youtu.be/KAXkZpLxOYw
#MusicChallenge",bobo999.bsky.social,2025-11-09T03:15:02.853Z,at://did:plc:w4qkrfwher6zx4gdojj6rhft/app.bsky.feed.post/3m565d3dih22l,2025-11-09T03:15:32.388521+00:00
"CBC Canada: Riders score late TD to down Lions, punch ticket to Grey Cup",aricierss.bsky.social,2025-11-09T03:14:43.875Z,at://did:plc:2rker5jsweiukz55nxst6hjk/app.bsky.feed.post/3m565cje5xm2n,2025-11-09T03:15:32.388538+00:00
"Withstanding Up Against the UCP Rally, Calgary
November 8th, 2025
#alberta #ableg #abhorrent #canada #calgary #notwithstanding
youtu.be/vvLUtlZFPN4",notabot1.bsky.social,2025-11-09T03:14:37.840Z,at://did:plc:hxkbkupazferbtbb4lttki3n/app.bsky.feed.post/3m565cdi6o22b,2025-11-09T03:15:32.388541+00:00
Keep in mind the Liberals have never been a party of the left except moderately so under JT & it’s not surprising this remains unchanged with a PM that’s a former governor of the banks of Canada/England. He’s essentially PP without the culture wars bullshit & obnoxious personality.,thefarshore.bsky.social,2025-11-09T03:12:28.311Z,at://did:plc:xnr3hiikjsvrp7ashb6a524x/app.bsky.feed.post/3m5656hxci22f,2025-11-09T03:15:32.388543+00:00
Especially when Big Brother Australia and Big Brother Canada stayed up for years,ashsdreamboard.bsky.social,2025-11-09T03:12:19.449Z,at://did:plc:ewx7uxsofoloyi7fw742qmdg/app.bsky.feed.post/3m56567it7c2e,2025-11-09T03:15:32.388545+00:00
"Nice jasper piece in my stage 1 tumble! Comin' right along! 

Lakes District, BC, Canada

#northgirlrocks #rockhound #BCrock #jasper #ExploreNature #geologyrocks",northgirlrocks.bsky.social,2025-11-09T03:11:58.915Z,at://did:plc:bq7uyw2w6ygwle4bwaer6ltu/app.bsky.feed.post/3m5655lwgbs2q,2025-11-09T03:15:32.388547+00:00
"Toronto, Ontario, Canada. 
November 8 2025. 
#POTD #POTD2025",shawnbryan.bsky.social,2025-11-09T03:11:45.302Z,at://did:plc:vnraap6iznvujjzt2f2iidx4/app.bsky.feed.post/3m56556x2c22q,2025-11-09T03:15:32.388549+00:00
"We all know that Poilievre attacking PMs, MPs,RCMP, our Courts, as well as Charter Rights, spread division and hate across Canada.  Which, I feel, has made politics dangerous for MPs.  PMJT and his family took so much abuse, because of this 🐮💩🤠 = He lost his seat in Ontario, and should #RESIGN imo 🍁",constanceont.bsky.social,2025-11-09T03:11:23.060Z,at://did:plc:47m7ipom3rcpo5viqknlmjh2/app.bsky.feed.post/3m5654jpwts2f,2025-11-09T03:15:32.388551+00:00
"Welcome to the Kingdom of Irrelevance.

💙💛 Slava Ukraini! 💙💛
❤️💙 台灣榮耀! 💙❤️
🤍❤️ Ære til Grønland! 🤍❤️
❤️🤍❤️ Gloire au Canada! ❤️🤍❤️
💚🤍❤️ ¡Gloria a México! 💚🤍❤️
💚🤍🖤❤️ Free Palestine! 💚🤍🖤❤️

Countries insulted by the cosplay emperor: 49
🇪🇺 🇺🇦 🇨🇦 🇲🇽 🇵🇱 🇬🇧 🇬🇱 🇩🇰 🇷🇴 🇵🇦 🇮🇪 🇹🇼 🇨🇺 🇨🇳 🇦🇺 🇿🇦 🇯🇵 🇮🇳 🇵🇰 🇮🇷 🇧🇷 🇱🇸 🇮🇱 🇰🇷 🇹🇹 🇻🇪 🇨🇴",fibonaccieu.bsky.social,2025-11-09T03:11:08.153Z,at://did:plc:y7v3ohatw42wnod4wtls6e2t/app.bsky.feed.post/3m56543iza22f,2025-11-09T03:15:32.388553+00:00
"My flock has come to Jesus. Everyone working on my capstone project for school now understands

We are working on a project for Unity Health Toronto, not some other company that just happens to have one of those three words in it.

Canada is a country, not a state

$1 USD is not the same as $1 CAD",ihatehandls.bsky.social,2025-11-09T03:10:32.130Z,at://did:plc:gcz6orirbtj2vvvzvz3ziw2k/app.bsky.feed.post/3m5652z5ojc2u,2025-11-09T03:15:32.388555+00:00
"Wait, have you changed your position on the existence of Canada?",malaclypse.bsky.social,2025-11-09T03:09:44.585Z,at://did:plc:d5mxdf7hapmcqzygv4ux4sk4/app.bsky.feed.post/3m564zlspu22n,2025-11-09T03:15:32.388557+00:00
"Supporting the arts with Titas and welcoming Anne Plamondon Dance (Canada)

#Dallas #NTX",r0m30v01d.bsky.social,2025-11-09T03:09:31.723Z,at://did:plc:qpfphbphwdpowi2vwzvscobb/app.bsky.feed.post/3m564z7lkbk2x,2025-11-09T03:15:32.388559+00:00
"This current liberal government has destroyed #Canada …

… and by 2026 you won’t be able to tweet this.",mobinfiltrator.bsky.social,2025-11-09T03:08:48.423Z,at://did:plc:sxqdxk4r4uc3ctvodtocloh6/app.bsky.feed.post/3m564xwas5k27,2025-11-09T03:15:32.388561+00:00
"Reckless Ford now plans to throw away $9 million on another pie-in-the-sky project that popped into his head. Even if this were feasible, there are better, less costly ways to improve traffic flow. We really can't afford Ford!

www.cbc.ca/news/canada/...",beesandtrees.bsky.social,2025-11-09T03:08:46.628Z,at://did:plc:647cnapoul5tkkcpjmhr23xk/app.bsky.feed.post/3m564xuk27225,2025-11-09T03:15:32.388562+00:00
"www.thenews.com.pk/latest/13547...
*From 10/31 ... I don't believe this, but I must admit I was surprised to learn #PrinceHarry had shared he was going to be in Canada with the Palace according ... to his press release. Harry did say that his father had to be the focus ... I believe KC3 is terminal.",democraticwomenba.bsky.social,2025-11-09T03:08:14.322Z,at://did:plc:m4wexvtq6kxczxzknnyqf2e3/app.bsky.feed.post/3m564wvq7d22g,2025-11-09T03:15:32.388564+00:00
It was a beautiful fall day here today. I'm down 50 lb and starting to grow the beard again. Hello from Canada.,endurefort.bsky.social,2025-11-09T03:07:40.264Z,at://did:plc:hcjirdz6q7ucr6kwgknqdmik/app.bsky.feed.post/3m564vvbe5s2b,2025-11-09T03:15:32.388566+00:00
"Do you know what was in C-5 or bills C-2, C-8, C-9 & C-12? Do you care that Carney is codifying legislation similar to Trump's? Do you know much of Carney's CSS investment is going to  Cenovus, ConocoPhillips, Canada Resources Corp., Imperial Oil Limited, MEG Energy, Suncor Energy Inc.?",wifejackson.bsky.social,2025-11-09T03:07:08.169Z,at://did:plc:3ar4x6qhrrgplhz7yforree7/app.bsky.feed.post/3m564uwnctc26,2025-11-09T03:15:32.388568+00:00
It’s cuz he knows you’re a dick and an embarrassment to Canada,pavemint65.bsky.social,2025-11-09T03:06:58.577Z,at://did:plc:2vgttzn4y5kqnkvz2kpbcxnv/app.bsky.feed.post/3m564uniko22w,2025-11-09T03:15:32.388569+00:00
"CBC Canada: Riders score late TD to down Lions, punch ticket to Grey Cup",aricierss.bsky.social,2025-11-09T03:06:08.283Z,at://did:plc:2rker5jsweiukz55nxst6hjk/app.bsky.feed.post/3m564t5nk242g,2025-11-09T03:15:32.388571+00:00
"Canada’s debt-to-GDP ratio remains moderate among advanced economies. Is Canada's debt-to-GDP ratio high?
Canada has the lowest net debt-to-GDP ratio in the G7.  International Monetary Fund, October 2025 Fiscal Monitor. Canada is not collapsing. It is evolving.",rcam.bsky.social,2025-11-09T03:04:22.841Z,at://did:plc:pvk7jbzm6fqvtaw2fle3zirl/app.bsky.feed.post/3m564pyxwok2d,2025-11-09T03:15:32.388573+00:00
"Is Macklin Celebrini Becoming a Lock For Team Canada?

https://www.rawchili.com/nhl/292291/

San Jose Sharks forward Macklin Celebrini is the NHL’s leading scorer as of Saturday, Nov. 8th. The Sharks…",rawnhl.bsky.social,2025-11-09T03:03:58+00:00,at://did:plc:nlu4psqeoqzp2a37vkg4btxw/app.bsky.feed.post/3m564pdmvmj2o,2025-11-09T03:15:32.388575+00:00
Whomsoever pulls the hockey-stick from yonder rink-boards is rightwise born King of all Canada,rewhan.bsky.social,2025-11-09T03:03:42.871Z,at://did:plc:67uysfj77xhs4emooo6xcips/app.bsky.feed.post/3m564osu4is2r,2025-11-09T03:15:32.388577+00:00
"Lmao after visiting Canada, all my sponsored ads are like ""Move to Canada!""
I would if it weren't cold 😭",alienrat.bsky.social,2025-11-09T03:03:35.602Z,at://did:plc:2c2xrwuyja2rjvrsiuztohot/app.bsky.feed.post/3m564olwbuk2h,2025-11-09T03:15:32.388579+00:00
"@grantritchey.bsky.social I take back what I said about teeth not being important. 

www.cbc.ca/news/canada/...",clayjones.bsky.social,2025-11-09T03:02:33.918Z,at://did:plc:npfnucecubgyney65kfdqk4b/app.bsky.feed.post/3m564mr3uks2q,2025-11-09T03:15:32.388580+00:00
"I would like to remind everyone that should anything happen to our beloved leader, JD Vance would become President.  Should he rightfully be removed from office, next up is the Speaker of the House.  A man who has publicly stated his son can see if he watches porn.
Hi, Canada?",xrobertcmx.bsky.social,2025-11-09T03:02:27.419Z,at://did:plc:dmfku54n6n5jblhey6xrkhvl/app.bsky.feed.post/3m564mkvivs2w,2025-11-09T03:15:32.388582+00:00
"And it’s the other way in Canada, they take only Mastercard and debit.",ayushmanojaswi.bsky.social,2025-11-09T03:02:22.142Z,at://did:plc:yru35zhevppp3mqwx2pnqrl4/app.bsky.feed.post/3m564mfugmc2y,2025-11-09T03:15:32.388584+00:00
"Are you a healthcare worker considering moving to + working in Canada?

We will help you at no cost.

Here is a list of the Infusions that are online currently:
* Vancouver Island, BC
* Peace Region, Northern BC
* Kelowna region, BC
* Nova Scotia

engageq.notion.site/infusionhosts",jodieturner.bsky.social,2025-11-09T03:02:16.282Z,at://did:plc:l3hp4ivt2szjtbo55ldk7f7b/app.bsky.feed.post/3m564mabynk2b,2025-11-09T03:15:32.388586+00:00
"Eau Claire in Calgary, Alberta, Canada

#Canada",canada-cambot.bsky.social,2025-11-09T03:01:25Z,at://did:plc:kdmhcb4wmrqzqg6hn2ps55t4/app.bsky.feed.post/3m564ksfeo626,2025-11-09T03:15:32.388588+00:00
"about the recent damage: www.cbc.ca/news/canada/...

background: www.cbc.ca/news/canada/...",rich.lafferty.ca,2025-11-09T03:00:47.158Z,at://did:plc:jldsdoe5mqnqgqcgqdrs44av/app.bsky.feed.post/3m564jlbsqs2n,2025-11-09T03:15:32.388589+00:00
"Be part of a knitting circle of hope! 🧶

YMHC invites volunteers to join Heart-to-Heart Knitting Circles. Together, we craft symbols of compassion for students across Canada.

To Send or Request Hearts: ymhc.ngo/hearts

#HearttoHeart #HearttoHeartCampaign #SewingHope #HandmadeHearts #HeartsForHope",ymhc.ngo,2025-11-09T03:00:46.936Z,at://did:plc:6fi66zf3lndfxnzluajjymdz/app.bsky.feed.post/3m564jl3pzz2c,2025-11-09T03:15:32.388591+00:00
"🌟OPEN ACCESS🌟 Hydraulic fracturing and induced seismicity have been the focus of much work within the Western Canada Sedimentary Basin. A new #SRL paper characterizes induced seismicity associated with the South Montney Play. ⚒️

pubs.geoscienceworld.org/ssa/srl/arti...",seismosocam.bsky.social,2025-11-09T03:00:46.157Z,at://did:plc:whciqqnfgulo7bqlyfukyi37/app.bsky.feed.post/3m564jkdukp2o,2025-11-09T03:15:32.388593+00:00
The problem with Top Chef Canada is that they always seem to speed through their seasons because they only showcase like 10 contestants every season. I would rather they air a season every 2 years so they could showcase more contestants.,kaysaysnay.bsky.social,2025-11-09T03:00:41.238Z,at://did:plc:gu3ntso6lhyqoraayueupxgl/app.bsky.feed.post/3m564jfn3kc24,2025-11-09T03:15:32.388594+00:00
"And that Canada Life building to the right is impressive for its time as well. 

Montreal is poised to become once again the preeminent Canadian city, if DoFo has his way and the new maire doesn’t screw it up",wallybuan0.bsky.social,2025-11-09T03:00:23.022Z,at://did:plc:t66sjpa5jym3lmp4f6e5zw5t/app.bsky.feed.post/3m564iub7hk2k,2025-11-09T03:15:32.388596+00:00
"apple.news/AV8qWqGyDSwi...

Well Germany is making sure they will be well protected. Keir, Macon, Canada need to make sure we match what the Germans are spending.",justasnoop.bsky.social,2025-11-09T02:59:42.215Z,at://did:plc:s44c5azrzp75xwsqy3765lrq/app.bsky.feed.post/3m564hndtvk2u,2025-11-09T03:15:32.388598+00:00
"As we say in Canada 🇨🇦 
#StayCalmAndCarneyOn",canadasky1.bsky.social,2025-11-09T02:59:22.708Z,at://did:plc:z44kxtb22xngtqz5dpwmgh4t/app.bsky.feed.post/3m564h2r3oc2m,2025-11-09T03:15:32.388600+00:00
"can you eeeeeven imagine Canada in Con hands with that idiot at the wheel. No military prep. No trade or security deals. No nothing but Maga ball licking as he spends our money and removes services.

terrifying",jekllnnhide.bsky.social,2025-11-09T02:58:50.614Z,at://did:plc:l23dewwndsjir3j4jqfmpup3/app.bsky.feed.post/3m564g454cc2m,2025-11-09T03:15:32.388601+00:00
"Riders score late TD to down Lions, punch ticket to Grey Cup

The Saskatchewan defence forced back-to-back two-and-out possessions to give their offence an opportunity to win the game.

#cbc #cbc-top-stories #Canada ",scrubfire84.bsky.social,2025-11-09T02:58:23.355039+00:00,at://did:plc:bnk5d72upa2mfzwglo6ynbs3/app.bsky.feed.post/3m564fc6tbn2e,2025-11-09T03:15:32.388603+00:00
"If you're only watching the news - when every tv news outlet is owned by billionaires that are handing Trump money...Good Lord.

Follow more Dems on social media. Seek out articles from places like the UK, Canada, France. 

Your inability to seek out info is not the Dems' fault.",reneepatrice.bsky.social,2025-11-09T02:58:04.659Z,at://did:plc:a7ofzvegmcfqa2nf2syarju6/app.bsky.feed.post/3m564eqcoek2i,2025-11-09T03:15:32.388605+00:00
And it's the reverse in Canada (they only take Mastercard),thevballdude.bsky.social,2025-11-09T02:57:53.117Z,at://did:plc:a2z7th4g5vk3ivowek34uzi4/app.bsky.feed.post/3m564efchuc2a,2025-11-09T03:15:32.388607+00:00
The mid century mural action in Montreal is unparalleled in Canada.,shawnmicallef.bsky.social,2025-11-09T02:57:32.903Z,at://did:plc:zivafxyd4qecgvqg3bozligg/app.bsky.feed.post/3m564drzqj22s,2025-11-09T03:15:32.388608+00:00
"Arco Hotel. Vancouver, Canada, 1979
Greg Girard",charlespiroth.bsky.social,2025-11-09T02:57:31.715Z,at://did:plc:qatx2fvwppss5d3qye6tpvcu/app.bsky.feed.post/3m564dqvnac2h,2025-11-09T03:15:32.388610+00:00
"Lots of things are and have been legal and wrong. Others, illegal and right.

The question isn't about legality, CBC. It's about solidarity.

An attack on the rights of some is an attack on us all.

#UCP does not have your best interests at heart.

www.cbc.ca/news/canada/...",mscherissa.bsky.social,2025-11-09T02:57:18.197Z,at://did:plc:dj2pewjmegr34jt4wmhizor5/app.bsky.feed.post/3m564ddytbk2x,2025-11-09T03:15:32.388612+00:00
Maybe on display in Canada? ROAD TRIP!!!,mbbrownsf.bsky.social,2025-11-09T02:56:39.435Z,at://did:plc:sudatkvunnzd52nb2howy57m/app.bsky.feed.post/3m564c6zvr22s,2025-11-09T03:15:32.388614+00:00
"Ottawa - 2025-11-08

4/4",ogilvie-chris.bsky.social,2025-11-09T02:56:38.048Z,at://did:plc:eeqfwtyeaugbrjeiqyxjoyil/app.bsky.feed.post/3m564chrzms2r,2025-11-09T03:15:32.388615+00:00
"Mark Carney was talking about attracting foreign investment to Canada and listed reasons Canada is a good place to invest. A reporter pointed out that the U.S. has those things, too. What sets Canada apart? Carney responded, ""Well, we have rule of law.""￼",parickards.bsky.social,2025-11-09T02:56:33.237Z,at://did:plc:iirasrzpiyuqirvi46ycksej/app.bsky.feed.post/3m564bz4q2c23,2025-11-09T03:15:32.388617+00:00
Where did Canada come in on this?,scotgirl72.bsky.social,2025-11-09T02:56:24.581Z,at://did:plc:scxwz6vjiewx7qnp44vepq4m/app.bsky.feed.post/3m564bqukwc2f,2025-11-09T03:15:32.388619+00:00
#canada #quebec #autumn #fall #roadtrip #travel #photography,bubble84.bsky.social,2025-11-09T02:56:06.400Z,at://did:plc:6d4ndg4ga6tyuqrtkz5whhlc/app.bsky.feed.post/3m564b7jp2s2o,2025-11-09T03:15:32.388620+00:00
"Pretty sure Washington, Oregon, and California would agree to be the 11th Province if Canada was willing",htx-ddkt.bsky.social,2025-11-09T02:56:00.945Z,at://did:plc:7mmtqwumvslgp5lxrnf46roc/app.bsky.feed.post/3m564b2d7w225,2025-11-09T03:15:32.388622+00:00
in Canada they do this and also if both people are on disability their benefits get cut in half (even though solo benefits don't even cover rent and politicians keeping it that way openly tell people to get roommates),katerinabucket.bsky.social,2025-11-09T02:55:55.402Z,at://did:plc:mmuke6bh4ylwp4xxsps4od4v/app.bsky.feed.post/3m564av22tc22,2025-11-09T03:15:32.388624+00:00
Wait they're giving out free pickles in Canada? I gotta go!,purble.bsky.social,2025-11-09T02:55:54.163Z,at://did:plc:rohbzcu342e345hpjomoehje/app.bsky.feed.post/3m564atuauk22,2025-11-09T03:15:32.388626+00:00
The Colorado Avalanche visit the Edmonton Oilers as the two teams match up for the first time this season. Catch the action during Hockey Night in Canada on Sportsnet and Sportsnet+ starting at 10 p.m. ET / 8 p.m. MT. https://oilerhockey.com/article/30855,hockeytalks.com,2025-11-09T02:55:08Z,at://did:plc:qvh3thrldgjax2jvbu3x55oe/app.bsky.feed.post/3m5647imbow2m,2025-11-09T03:15:32.388627+00:00
"The Empress rewards obedience… and punishes hesitation

#findom #moneykink #bdsm #fetish #yyc #simp #mommy #Canada #discord #finsub #gamersub #kink #femdom #humanatm #yeg #empress #bbw #femsub #MILF #canadianfindom #realnsfw #femelite https://throne.com/calistathorne/wishlist",empresscalista.bsky.social,2025-11-09T02:55:05.309Z,at://did:plc:vxcbk4naudmesuvyvrreryfo/app.bsky.feed.post/3m5647goljo2n,2025-11-09T03:15:32.388629+00:00
EARLY SIGNS YOU ARE IN CANADA: Tim Hortons; airport muzak is Barenaked Ladies; several guys in shorts and T shirts in 2C weather,lizbatty.bsky.social,2025-11-09T02:53:36.379Z,at://did:plc:jug3i23zmnliuukmisdgh3yt/app.bsky.feed.post/3m5644qhk3k2o,2025-11-09T03:15:32.388631+00:00
"www.thewhig.com/2016/11/10/t...

Canada played a major role in the liberation of the Netherlands, including the Battle of the Scheldt and house-to-house fighting. 

“I think the Scheldt estuary battle was probably the most important Canadian victory of the war,"" Prof. David Bercuson said.",geoffypjohnston.bsky.social,2025-11-09T02:53:30.986Z,at://did:plc:obyzo6hyqewengpnyadptag5/app.bsky.feed.post/3m5644lcvjs2v,2025-11-09T03:15:32.388633+00:00
I'm glad for those who can leave US authoritarianism for Canada. But I'm alarmed about the brain drain that has happened here because of fascism. US already has physician / healthcare worker shortages; workers moving elsewhere will make that worse. Care delayed because of shortages is care denied.,nancyfriel.bsky.social,2025-11-09T02:53:01.385Z,at://did:plc:zwarh4hs3dysnikhzqe6a3mt/app.bsky.feed.post/3m5643p3jdc2r,2025-11-09T03:15:32.388634+00:00
"Today is Indigenous Veterans Day.

We honour the courage, sacrifice and service of First Nations, Inuit and Métis Veterans who have served Canada in times of war, conflict and peace.

Their contributions deserve recognition, remembrance and respect. Their stories are an important part of our
1/2",anneleblanc2.bsky.social,2025-11-09T02:52:46.785Z,at://did:plc:hfop2ehkiewzyoyd2fdium7e/app.bsky.feed.post/3m5643b72oc2t,2025-11-09T03:15:32.388636+00:00
"🌤️ MONTREAL (Canada):
- 6-day forecast
- Updated 09.11.2025 - 00:14 UTC
- Source: open-meteo.com / Météo-France",forecasts.bsky.social,2025-11-09T02:52:35.129761+00:00,at://did:plc:7fzhuspbuipx55zufutkblbc/app.bsky.feed.post/3m5642w5dst2s,2025-11-09T03:15:32.388638+00:00
"In Ontario, Canada, people who make less than 25 000/year pay no taxes into public health care, at the other end, those who make $200600 or more/year pay the maximum amount of $900/year. People who pay thousands/month is just an unknown concept. Pain should not=profit.",jlm-writes.bsky.social,2025-11-09T02:52:02.298Z,at://did:plc:w35ueluyqu6da5udkqlmzyju/app.bsky.feed.post/3m563zwusqc22,2025-11-09T03:15:32.388640+00:00
"“The Arctic-wide (lands and seas north of 60°N) average temperature in October was the highest on record (since 1950) based on ERA5 reanalysis, 0.18°C above the previous highest set in 2020. The western Russia high Arctic and parts of Arctic Canada were especially mild…”",reheissergaspard.bsky.social,2025-11-09T02:51:48.053Z,at://did:plc:vfmtystszucn7zth6i7rgxcz/app.bsky.feed.post/3m563zj5m2c2m,2025-11-09T03:15:32.388647+00:00
"He appears to have inherited his grandpa's bordello baroque taste in decoration...as well
www.cbc.ca/news/canada/...",flicksfan.bsky.social,2025-11-09T02:50:55.636Z,at://did:plc:duv5pxqwocymm7xvk62po2vd/app.bsky.feed.post/3m563xx5xl22d,2025-11-09T03:15:32.388648+00:00
Rewatching Steelers game - actually seeing first time as listened on radio when live. Great field position to start. First down throw (expected run!) and no catch by TE. (Throw it to MUTH!!!) 2nd 6 yds. 3d. hit around LOS. Punt.  SMH Did we ever get rid of Matt Canada? Horriblly designed plays.,prevfromburgh.bsky.social,2025-11-09T02:50:54.299Z,at://did:plc:asz4jgjpar7xnfwmdigwjk5o/app.bsky.feed.post/3m563xvv5vs26,2025-11-09T03:15:32.388650+00:00
"Canada Adds 67,000 Jobs in October: The unemployment rate dipped to 6.9%, beating economists’ expectations. This signals resilience in the labor market despite global uncertainty.",jeremybusiness.bsky.social,2025-11-09T02:50:37.004Z,at://did:plc:m3iriaw3kd5tj7gkyuapdg3r/app.bsky.feed.post/3m563xffdbs2h,2025-11-09T03:15:32.388652+00:00
Congratulations Radio-Canada!,canadasky1.bsky.social,2025-11-09T02:50:25.192Z,at://did:plc:z44kxtb22xngtqz5dpwmgh4t/app.bsky.feed.post/3m563x24u4s2m,2025-11-09T03:15:32.388653+00:00
Canada Geese... Helloooo,saldemar.bsky.social,2025-11-09T02:50:23.495Z,at://did:plc:fyo5unkjhwpgqr3lkv4fiujk/app.bsky.feed.post/3m563wyj2vk27,2025-11-09T03:15:32.388655+00:00
"Top Brands in Canada Revealed: The 2025 Harris Poll ranked the most reputable companies in Canada, highlighting the importance of trust and transparency in consumer loyalty.",jeremybusiness.bsky.social,2025-11-09T02:50:21.111Z,at://did:plc:m3iriaw3kd5tj7gkyuapdg3r/app.bsky.feed.post/3m563wwacrk2h,2025-11-09T03:15:32.388657+00:00
"Poilievre has said he wants US-style “castle doctrine” law in Canada. This is what happens with that: dead innocent people.

Canada’s current laws allow reasonable, commensurate force to protect one’s home, family and assets. Let’s leave it that way.

www.bbc.com/news/article...",comoxtips.bsky.social,2025-11-09T02:50:17.834Z,at://did:plc:tumbb26qsvmhjionjezsz3ed/app.bsky.feed.post/3m563wt4fj22l,2025-11-09T03:15:32.388659+00:00
Radio-Canada remporte cinq prix Judith-Jasmin,mediasca.skyfleet.blue,2025-11-09T02:48:34.662Z,at://did:plc:swhavnqrtvhstcm275j242my/app.bsky.feed.post/3m563tqxkcm2c,2025-11-09T03:15:32.388660+00:00
"excuse me, canada. toronto’s colours. sorrey.",garlicbuffalo.gobirds.biz,2025-11-09T02:48:07.804Z,at://did:plc:hgsscl4xhvx2jg2keyvmxfi2/app.bsky.feed.post/3m563sx45522u,2025-11-09T03:15:32.388662+00:00
It was on NHL Network in the US and TSN in Canada.,rmiriam.bsky.social,2025-11-09T02:47:57.672Z,at://did:plc:pan26ebzrxbzqwmwiy74ik5p/app.bsky.feed.post/3m563sngvms2h,2025-11-09T03:15:32.388664+00:00
Looks like the US military only has remaining Yes-Men who most certainly will obey 47 and not follow their oath to the US Constitution. The principled ones have already been purged. Hear that Canada and Blue States. The troops will arrive. Are you prepared? @mark-carney.bsky.social @governor.ca.gov,denewjohn.bsky.social,2025-11-09T02:47:57.093Z,at://did:plc:kumodadhydjavxbbabmfuxfz/app.bsky.feed.post/3m563smvf3c2s,2025-11-09T03:15:32.388666+00:00
"I'm no longer involved with staffing but a term can be from under 3 months up to 2 years. And short terms can be extended. After 6 months you get benefits, I believe. You apply for indeterminate positions which are more of a commitment from the Gov of Canada as your employer.",watsonkaren.bsky.social,2025-11-09T02:47:53.144Z,at://did:plc:bireudsn6lbomu2v3vrd2vyi/app.bsky.feed.post/3m563sj4qq22m,2025-11-09T03:15:32.388667+00:00
Has that ever happened in Canada?,iammenotu.bsky.social,2025-11-09T02:47:43.115Z,at://did:plc:xdf7u7mwrdvdkl4x3rxdtmgp/app.bsky.feed.post/3m563s7kors23,2025-11-09T03:15:32.388669+00:00
"Source

#Canada",canada-cambot.bsky.social,2025-11-09T02:47:01Z,at://did:plc:kdmhcb4wmrqzqg6hn2ps55t4/app.bsky.feed.post/3m563qzqykd27,2025-11-09T03:15:32.388671+00:00
"The patent expiration for Ozempic varies by country:
In Canada, the data protection expiry is January 4, 2026, and the main patent is listed as expiring March 20, 2026. 
In the U.S., the relevant patents suggest generic entry might occur around December 2031 for Ozempic.",donna007.bsky.social,2025-11-09T02:46:33.724Z,at://did:plc:lxzp74tjlzjbfaebfsmaadax/app.bsky.feed.post/3m563q5f2522o,2025-11-09T03:15:32.388672+00:00
"'When asked why she thought she could break the law, Rilkoff pointed to what she believes is a government conspiracy.

“So is a genocide. A genocide is breaking the law,” Rilkoff said. “Health Canada needs to be held accountable for all the injuries and deaths caused by the COVID-19 vaccine.”'",jansplanet.bsky.social,2025-11-09T02:46:33.595Z,at://did:plc:fuak6asmyzr6r34f6er6z4ju/app.bsky.feed.post/3m563q5b45s2a,2025-11-09T03:15:32.388674+00:00
Canada 🇨🇦 has very high score!! 👍,mkabir.bsky.social,2025-11-09T02:46:10.062Z,at://did:plc:6xpj2b7f2ftcpuzvv5kymhuv/app.bsky.feed.post/3m563pgsvqc2r,2025-11-09T03:15:32.388676+00:00
"Southwest Division, Beat: 424, 39 - Speeding/Racing at 6XX BLOCK CANADA DR reported on 11/8/2025, 8:43 PM CST, Incident# 25-1991522 #dpdi-div-sw #dpdi-beat-424",dallas-alerts.bsky.social,2025-11-09T02:45:58.354Z,at://did:plc:rus7u5pcqdscpzjjrkutlr7l/app.bsky.feed.post/3m563p3tnxc27,2025-11-09T03:15:32.388677+00:00
"I dunno if being/feeling blessed is the sole domain of deist belief. I had an emotional moment when my wife and I were on the Trans Canada hwy and happened upon one of many gorgeous lakes fed by glaciers last year. Wept for the beauty of it all, like it was a gift, just for me.",finnegans.bsky.social,2025-11-09T02:45:20.196Z,at://did:plc:dpkrzkf7xv357n4fuyjjhmcr/app.bsky.feed.post/3m563nxb5h22y,2025-11-09T03:15:32.388680+00:00
"Hence the introduction of assisted suicide in the UK , will spread soo enough to just for economic reasons as it is already I believe in Canada?",ouch-that-hurts.bsky.social,2025-11-09T02:44:55.483Z,at://did:plc:xponf5ydhonuawosiljkldwm/app.bsky.feed.post/3m563n7oxns2w,2025-11-09T03:15:32.388681+00:00
"Canada 5th, USA 54th. 
🇨🇦🥳",scottakenhead.bsky.social,2025-11-09T02:43:23.687Z,at://did:plc:3lmjaeqxuy6p74m56cus3kz5/app.bsky.feed.post/3m563ki5k5k2i,2025-11-09T03:15:32.388683+00:00
"🚨 RESULT 🚨

America 6️⃣ - 1️⃣ Canada 

SERIES : America leads 2️⃣ game to 0️⃣

#IIHF #HockeyCanada #RivalrySeries",sporttoronto.bsky.social,2025-11-09T02:43:07.698Z,at://did:plc:eyvm7str3yhpirijzimdhali/app.bsky.feed.post/3m563jyvwn22e,2025-11-09T03:15:32.388685+00:00
"As promised, I now give belated thanks to all those who sent KoFi to support me Friday + Saturday

@sashkavirniy.bsky.social Kevin From Canada
@kostadis.bsky.social Stephen
@prairiecatgardener.bsky.social
@larsarus.bsky.social @blynch616.bsky.social
@ihtme.bsky.social, 2 x Anon donors + Julie M",twmcltd.bsky.social,2025-11-09T02:42:17.211Z,at://did:plc:3fblwf3cqm26ffysek3x3zbe/app.bsky.feed.post/3m563iiqw522d,2025-11-09T03:15:32.388687+00:00
"#Honest #Government Ad | #MAGA is coming to #Canada @thejuicemedia.com 

#Trump #DementiaDon #MAGA #federal #nokings #Republican #evangelical #fascist #Nazi #Christian #nationalisr #theocracy #Christianity #insanity #cult #rise #resist #rebel

#Religion IS #Delusion

youtu.be/Lt6Hmp9ndkI?...",omnirealms.bsky.social,2025-11-09T02:41:56.927Z,at://did:plc:hxvviivln7oppzbozni7ur6r/app.bsky.feed.post/3m563hvfuks2o,2025-11-09T03:15:32.388689+00:00
"Canadian style universal healthcare sounds great until the Republicans stop paying government workers for months on end. Here in Canada, healthcare workers are government workers. Hospitals would have to shut down.",qole.bsky.social,2025-11-09T02:41:08.162Z,at://did:plc:jjy5yuqmy7srgarmce7tg5wt/app.bsky.feed.post/3m563ggvoik2i,2025-11-09T03:15:32.388691+00:00
I got a free COVID vaccine in California today. I was upfront about being a visitor from Canada so they marked me down as uninsured. It’s nice to be in a place that cares about public health,swcalgaryguy.bsky.social,2025-11-09T02:41:06.271Z,at://did:plc:shjjkln5ierv55qcqvrfo5hq/app.bsky.feed.post/3m563gf3ys22i,2025-11-09T03:15:32.388693+00:00
Mamdani is going to implement Shania Law. It's already here in Canada. Men who feel like a woman will get free healthcare,jessehawken.bsky.social,2025-11-09T02:40:40.423Z,at://did:plc:cbhnuflsctq2s7mu4iqcuauq/app.bsky.feed.post/3m563fmh5ms2z,2025-11-09T03:15:32.388695+00:00
"Fingers crossed. Then maybe we can have another bi election for our BattleRiver-Crowfoot riding. 
Maybe the dipshits here may get their asses off their hospital chairs and beds. 

#NeverCONservatives #NeverPoilievre #WomenAgainstPoilievre #Abpoli #Canada #TeamCanada #CPC",proud-2b-canadian.bsky.social,2025-11-09T02:39:35.403Z,at://did:plc:hzi54bgjehr4yphgm5oko4qv/app.bsky.feed.post/3m563dogukk2s,2025-11-09T03:15:32.388696+00:00
"Most of us didn’t need this guy to tell us this. Signed, Canada",captainconstance.bsky.social,2025-11-09T02:37:48.448Z,at://did:plc:fbq6trwgzt6gj5isku65vnxh/app.bsky.feed.post/3m563aigucs2n,2025-11-09T03:15:32.388698+00:00
"In Canada she would be prosecuted for hate speech.

en.wikipedia.org/wiki/Hate_sp...",suezw.bsky.social,2025-11-09T02:37:21.289Z,at://did:plc:u3yz5hikgxsl7onovbc3u5oi/app.bsky.feed.post/3m5637ok2tc25,2025-11-09T03:15:32.388700+00:00
"Another TheJuiceMedia ad 👇 from gov of Canada 

youtu.be/Lt6Hmp9ndkI?...",tinybeaches.bsky.social,2025-11-09T02:36:38.936Z,at://did:plc:mkeumrxhwjus26h7o4ilp2gr/app.bsky.feed.post/3m5636g5jis2f,2025-11-09T03:15:32.388702+00:00
Radio-Canada Info:  Radio-Canada remporte cinq prix Judith-Jasmin ,aricierss.bsky.social,2025-11-09T02:36:01.999Z,at://did:plc:2rker5jsweiukz55nxst6hjk/app.bsky.feed.post/3m5635cxc6o2b,2025-11-09T03:15:32.388704+00:00
Radio-Canada Info:  Nouvelles mesures de sécurité pour les Canadiens qui voyagent en Europe ,aricierss.bsky.social,2025-11-09T02:35:59.079Z,at://did:plc:2rker5jsweiukz55nxst6hjk/app.bsky.feed.post/3m5635aai2z2e,2025-11-09T03:15:32.388706+00:00
U.S. walloped Canada 6-1. Want more details? We’ve got you covered 👇🏻,nrarmour.bsky.social,2025-11-09T02:33:52.342Z,at://did:plc:w4ldll4djkh36vk2bsj37l2x/app.bsky.feed.post/3m562zhbjys2v,2025-11-09T03:15:32.388708+00:00
#CANADA: Hotline for victims of human trafficking - available 24/7 in 200 languages 1-833-900-1010,thepixelproject.bsky.social,2025-11-09T02:33:48.693426Z,at://did:plc:v6qdk5vnk7skne4wuug3dzyv/app.bsky.feed.post/3m562ze6agh2y,2025-11-09T03:15:32.388710+00:00
"Most of Canada's media is owned by American billionaires. Sign the petition at www.ourcommons.ca/petitions/en...

#canada #cdnpoli #CanadianPolitics #CanadianMedia
www.reddit.com/r/EhBuddyHos...",lyzahklei.bsky.social,2025-11-09T02:33:30.464Z,at://did:plc:djjwqxvqgth4aijtswjxdwlp/app.bsky.feed.post/3m562ysfts227,2025-11-09T03:15:32.388712+00:00
"Oh, but it does. Just look at Alberta. 

#NeverCONservatives #NeverPoilievre #WomenAgainstPoilievre #Abpoli #Canada #TeamCanada #CPC",proud-2b-canadian.bsky.social,2025-11-09T02:33:26.772Z,at://did:plc:hzi54bgjehr4yphgm5oko4qv/app.bsky.feed.post/3m562yov5ds2s,2025-11-09T03:15:32.388713+00:00
"Canada, Finland unveil jerseys for Olympic Winter Games Milano Cortina 2026

The men's Olympic hockey tournament will begin Feb. 11 with Team Slovakia playing Team Finland followed by Team Sweden against host Team Italy. The tournament will feature all 12 teams each playing three preliminary-round…",aihustlehq.bsky.social,2025-11-09T02:32:30Z,at://did:plc:p2mha2r6t7bdh7gnar66d5ld/app.bsky.feed.post/3m562x257fs2k,2025-11-09T03:15:32.388715+00:00
"hear hear
Carney's budget is complicated for a dimbulb career politician like Pierre Polievre to understand. Tax incentives to create capital investment from abroad is brilliant and Canada will become an (relatively speaking) economic powerhouse. Debt expense is 1/2 the cost it was under Harper/PP.",frank-lee.bsky.social,2025-11-09T02:31:57.303Z,at://did:plc:aq2ctzswkbyxo2rl24bjve3r/app.bsky.feed.post/3m562vzksas2z,2025-11-09T03:15:32.388717+00:00
"🛩️: AIRBUS CANADA LP BD-500-1A11 
🏦: JETBLUE AIRWAYS CORP 
🧳: JBU2355 ",skybotdc.bsky.social,2025-11-10T03:20:33.294138+00:00,at://did:plc:totwpmngibkwmuhrukro6ts2/app.bsky.feed.post/3m5ao3txz4o2l,2025-11-10T03:21:23.800951+00:00
"Masturbate with the best sex chats

https://sway.my/SexChats

#ass #porn #pussy #dating #onlyfans #fansly #thick #anal #naughty #nudes #boobs #fuck #sex #naked #photography #today #bigboobs #nsfw #tease #nsfwbluesky #goonsky #onlyfans #canada #nyc #wet #squirt #cum #body #skinny #horny #thick",erosome.bsky.social,2025-11-10T03:20:18.458839+00:00,at://did:plc:c2vrjz6bqaqtwh46qtg6ibsl/app.bsky.feed.post/3m5ao3gik6b2q,2025-11-10T03:21:23.800967+00:00
"Listen to Chris D'entremont. He speaks of the verbal abuse he got from the conservative leadership. 

  This never happened in Canada  til it started in the states.

  What happens there influences what happens here.

 That's why we are screaming.",earthopa.bsky.social,2025-11-10T03:19:49.205Z,at://did:plc:um3vs2agtflel6a34nvfuo6j/app.bsky.feed.post/3m5ao2juz322e,2025-11-10T03:21:23.800970+00:00
"Yeap. In fact, Portuguese (my mother language), Spanish (because I lived very close to Argentina and Uruguay), French (because, you know,  Canada 🇨🇦) and Italian (lot of immigrants in Brazil) share a lot of similarities. 

(Cont.)",abvasconcelos.bsky.social,2025-11-10T03:19:37.659Z,at://did:plc:o74modpmlcysneeiru2fcp2n/app.bsky.feed.post/3m5ao26unok2l,2025-11-10T03:21:23.800972+00:00
"Meet your next online gf

https://sway.my/OnlineGirlfriend

#ass #porn #pussy #dating #onlyfans #fansly #thick #anal #naughty #nudes #boobs #fuck #sex #naked #photography #today #bigboobs #nsfw #tease #nsfwbluesky #goonsky #onlyfans #canada #nyc #wet #squirt #cum #body #skinny #horny #thick",erosome.bsky.social,2025-11-10T03:19:14.285719+00:00,at://did:plc:c2vrjz6bqaqtwh46qtg6ibsl/app.bsky.feed.post/3m5anzjbwbf2r,2025-11-10T03:21:23.800974+00:00
"Just about the only things that the Conservative Party of Canada and it's satellite governments actually want to conserve? Not our institutions like Canada Post, CBC. Not our traditions of peaceful demonstration.

Just illness and conflict.  Those they're just fine with.",signalthirteen.zone,2025-11-10T03:18:15.968Z,at://did:plc:awvj4wnsqyyecbkizjxa7osa/app.bsky.feed.post/3m5anxqxncs2x,2025-11-10T03:21:23.800976+00:00
www.cbc.ca/news/canada/...,jozica.bsky.social,2025-11-10T03:18:12.771Z,at://did:plc:hqv6wnctf3ncijgrc57a52s2/app.bsky.feed.post/3m5anxnw47s2z,2025-11-10T03:21:23.800978+00:00
"Join Jerkmate and have the best sex chat

https://sway.my/jerkmate

#ass #porn #pussy #dating #onlyfans #fansly #thick #anal #naughty #nudes #boobs #fuck #sex #naked #photography #today #bigboobs #nsfw #tease #nsfwbluesky #goonsky #onlyfans #canada #nyc #wet #squirt #cum #body #skinny #horny #thick",erosome.bsky.social,2025-11-10T03:18:09.415247+00:00,at://did:plc:c2vrjz6bqaqtwh46qtg6ibsl/app.bsky.feed.post/3m5anxlglil2g,2025-11-10T03:21:23.800980+00:00
"Hearing people boo and swear at Donald Trump at today's Washington Commanders game was music to my ears. Hopefully the same thing will happen to Pierre ""Temu Trump"" Poilievre if he ever appears at a sporting event in Canada.",thescottvigne.bsky.social,2025-11-10T03:17:56.351Z,at://did:plc:i3ezdhkziee6dlkvdqfwp6hs/app.bsky.feed.post/3m5anx6bufs2t,2025-11-10T03:21:23.800982+00:00
"Here we are, ten years after the Paris Agreement was signed. Monday is Day 1 of COP30, held in Belém, Brazil, and we want to give you some easily accessible information and analysis amidst the chaotic mess of headlines that will be flying around. Thanks to 350.org Stay tuned. 350.org/canada/cop30...",janekilthei.bsky.social,2025-11-10T03:17:36.389Z,at://did:plc:qirepxwow3ttk4nycojzvnzj/app.bsky.feed.post/3m5anwl7rx22s,2025-11-10T03:21:23.800984+00:00
Parliamentary system works great in Canada and we have a king who is much nicer than your dictator,brickmach.bsky.social,2025-11-10T03:17:30.839Z,at://did:plc:twtwwhoszt2ofxfqqmuinfgi/app.bsky.feed.post/3m5anwfwfzk2g,2025-11-10T03:21:23.800986+00:00
"Source

#Canada",canada-cambot.bsky.social,2025-11-10T03:16:46Z,at://did:plc:kdmhcb4wmrqzqg6hn2ps55t4/app.bsky.feed.post/3m5anv5pz362x,2025-11-10T03:21:23.800988+00:00
"The reason why I bring this up: Discord centrists.

They were SO CLOSE 👌 to figuring it out that it's the wealthy at fault (since Muh BlackRock was brought up, but due to how centrists operate, they mistook it for something else). 

But nope, Blame Canada!",bento-bongos.bsky.social,2025-11-10T03:16:39.628Z,at://did:plc:uo6rvzgjkogchuiya4pupktb/app.bsky.feed.post/3m5anuv3lbs2u,2025-11-10T03:21:23.800990+00:00
"Five years ago, November 10 2020 #Toronto was a balmy 21.6 C.
Today? High of 1 C and snowing all day.",davidelfstrom.bsky.social,2025-11-10T03:16:39.317Z,at://did:plc:3a43qvblimqkecprththymuj/app.bsky.feed.post/3m5anuus6is2t,2025-11-10T03:21:23.800991+00:00
"#Canada I’ve said it over and over, Poillievre has very, VERY mean, disgusting, gropey frat boy energy.",loulund.bsky.social,2025-11-10T03:16:17.846Z,at://did:plc:sp6y2p2vwr4jqb4pmwstvnxd/app.bsky.feed.post/3m5anuacurk26,2025-11-10T03:21:23.800993+00:00
"Watch free porn cams with hot models

https://sway.my/royalcams

#ass #porn #pussy #dating #onlyfans #fansly #thick #anal #naughty #nudes #boobs #fuck #sex #naked #photography #today #bigboobs #nsfw #tease #nsfwbluesky #goonsky #onlyfans #canada #nyc #wet #squirt #cum #body #skinny #horny #thick",erosome.bsky.social,2025-11-10T03:15:58.476360+00:00,at://did:plc:c2vrjz6bqaqtwh46qtg6ibsl/app.bsky.feed.post/3m5antokefr2i,2025-11-10T03:21:23.800995+00:00
"Banff National Park, Alberta, Canada 🇨🇦",lucagalletti.bsky.social,2025-11-10T03:15:52.848Z,at://did:plc:bfsv7y5se2pppzza3qbmilsh/app.bsky.feed.post/3m5antihyo22p,2025-11-10T03:21:23.800997+00:00
Public health organizations in Canada need to get their shit together. Kids without mandatory vaccinations need to be kept out of school and a major public awareness campaign should be mounted.,nemanjabb.bsky.social,2025-11-10T03:15:22.288Z,at://did:plc:uar4e64fdaayordtu4srsikw/app.bsky.feed.post/3m5anslddws24,2025-11-10T03:21:23.800999+00:00
"Sometimes selfcare over not knowing if you are ever going to be able to renew your US passport cause of blatant transphobia is lots of uni, picking up 1/2 duck at Chinatown BBQ on the way home & giving your taxi driver a big tip cause he just got his PR status in Canada & at least he's safe.",scorpionturtle.bsky.social,2025-11-10T03:14:57.226Z,at://did:plc:rjcpbdflpdhdbzf33khvwqzi/app.bsky.feed.post/3m5anrtiisk2a,2025-11-10T03:21:23.801001+00:00
"Free porn and sex cams

https://sway.my/jerkmate

#ass #porn #pussy #dating #onlyfans #fansly #thick #anal #naughty #nudes #boobs #fuck #sex #naked #photography #today #bigboobs #nsfw #tease #nsfwbluesky #goonsky #onlyfans #canada #nyc #wet #squirt #cum #body #skinny #horny #thick",erosome.bsky.social,2025-11-10T03:13:45.471714+00:00,at://did:plc:c2vrjz6bqaqtwh46qtg6ibsl/app.bsky.feed.post/3m5anpppjuz2u,2025-11-10T03:21:23.801003+00:00
Not to outdo that beautiful match in the snow in Canada.... but once upon a time a much better version of my club won their first ever match in the snow against the Loons. www.youtube.com/watch?v=lBH8...,nickintheatl.bsky.social,2025-11-10T03:13:40.941Z,at://did:plc:shzivjjl3gddsmexlo6uasn4/app.bsky.feed.post/3m5anpkoib22h,2025-11-10T03:21:23.801005+00:00
"Technically, Santa lives in Canada. 😉 He has the postal code H0H0H0.",alan1513.bsky.social,2025-11-10T03:13:39.457Z,at://did:plc:4orgej7dr654kssxdzoqhuyw/app.bsky.feed.post/3m5anpjb7222q,2025-11-10T03:21:23.801007+00:00
"Live cams and free porn

https://sway.my/jerkmate

#ass #porn #pussy #dating #onlyfans #fansly #thick #anal #naughty #nudes #boobs #fuck #sex #naked #photography #today #bigboobs #nsfw #tease #nsfwbluesky #goonsky #onlyfans #canada #nyc #wet #squirt #cum #body #skinny #horny #thick",erosome.bsky.social,2025-11-10T03:12:38.339690+00:00,at://did:plc:c2vrjz6bqaqtwh46qtg6ibsl/app.bsky.feed.post/3m5annpp6vd22,2025-11-10T03:21:23.801009+00:00
"All eyes here, #Canada! Contest time!

Your Dream Tires Are Calling! 🚗 Tire Giveaway Alert! #contest #sweepstakes #giveaway

📅 Ends: November 17, 2025
✅ Entry Limit: Single
➡️ Enter Now: https://contestreminder.com/contest-107984/

🚨 Open to Canadian Residents",contestreminder.com,2025-11-10T03:12:28Z,at://did:plc:x7zxmjbmttzq62b62alkn67q/app.bsky.feed.post/3m5anngmkzr22,2025-11-10T03:21:23.801013+00:00
Back to back in Canada and already breaking some ankles #goavsgo,ordinaryclock.bsky.social,2025-11-10T03:12:27.604Z,at://did:plc:hhr2zamo2id4l7tlpmmiwsz6/app.bsky.feed.post/3m5anneqg3s2s,2025-11-10T03:21:23.801015+00:00
"In Canada, how's about a federal rent cap and land pricing controls? In America, how's about forcing stores to show you their profit margins, so you know if they're gouging you? In Britain, how's about retaking control of your infrastructure? Let's work together and reject all legalistic excuses.",newludditemovement.bsky.social,2025-11-10T03:12:26.990Z,at://did:plc:dwdiwc7bor3ufhnyjjmor4ca/app.bsky.feed.post/3m5anne5phk2f,2025-11-10T03:21:23.801017+00:00
"Smoke another one neighbours!
Department of Justice Canada share.google/1I0EDBgzNP3M...

share.google/scd98IcIWcSC...",lightbeloved18db.bsky.social,2025-11-10T03:11:38.060Z,at://did:plc:qczlskepau2wjdvu3udzoy5z/app.bsky.feed.post/3m5anlvisys2n,2025-11-10T03:21:23.801019+00:00
"Masturbate with the best sex chats

https://sway.my/SexChats

#ass #porn #pussy #dating #onlyfans #fansly #thick #anal #naughty #nudes #boobs #fuck #sex #naked #photography #today #bigboobs #nsfw #tease #nsfwbluesky #goonsky #onlyfans #canada #nyc #wet #squirt #cum #body #skinny #horny #thick",erosome.bsky.social,2025-11-10T03:11:31.867549+00:00,at://did:plc:c2vrjz6bqaqtwh46qtg6ibsl/app.bsky.feed.post/3m5anlqc43d2q,2025-11-10T03:21:23.801020+00:00
"Canada expected to lose long-standing measles-elimination status on Monday, by @kkirkup.bsky.social   www.theglobeandmail.com/politics/art... via @theglobeandmail.com",picardonhealth.bsky.social,2025-11-10T03:11:15.358Z,at://did:plc:slwpvr5uwq7dqv4nur35dlji/app.bsky.feed.post/3m5anl7trbc2g,2025-11-10T03:21:23.801022+00:00
Canada ?,lesteph31.bsky.social,2025-11-10T03:10:50.998Z,at://did:plc:qaluhhwbxzxtl2mj2lrxavva/app.bsky.feed.post/3m5ankimacc2u,2025-11-10T03:21:23.801024+00:00
"Meet your next online gf

https://sway.my/OnlineGirlfriend

#ass #porn #pussy #dating #onlyfans #fansly #thick #anal #naughty #nudes #boobs #fuck #sex #naked #photography #today #bigboobs #nsfw #tease #nsfwbluesky #goonsky #onlyfans #canada #nyc #wet #squirt #cum #body #skinny #horny #thick",erosome.bsky.social,2025-11-10T03:10:25.046247+00:00,at://did:plc:c2vrjz6bqaqtwh46qtg6ibsl/app.bsky.feed.post/3m5anjqky3y2i,2025-11-10T03:21:23.801026+00:00
www.tumblr.com/ripeteeth/79...,livingflame.bsky.social,2025-11-10T03:10:16.617Z,at://did:plc:jczfaruumuin7475x4cm2qs4/app.bsky.feed.post/3m5anjht3zs2m,2025-11-10T03:21:23.801028+00:00
"Join Jerkmate and have the best sex chat

https://sway.my/jerkmate

#ass #porn #pussy #dating #onlyfans #fansly #thick #anal #naughty #nudes #boobs #fuck #sex #naked #photography #today #bigboobs #nsfw #tease #nsfwbluesky #goonsky #onlyfans #canada #nyc #wet #squirt #cum #body #skinny #horny #thick",erosome.bsky.social,2025-11-10T03:09:20.706161+00:00,at://did:plc:c2vrjz6bqaqtwh46qtg6ibsl/app.bsky.feed.post/3m5anht7f4a2w,2025-11-10T03:21:23.801029+00:00
Oh you too? It snowed in my part of Canada as well,jayethegaye.bsky.social,2025-11-10T03:09:09.610Z,at://did:plc:akxe6mtn2bzblsnvpotyz2vz/app.bsky.feed.post/3m5anhhw5kk2j,2025-11-10T03:21:23.801031+00:00
Hi Catherine we are fine.  Glad to hear from you. Megan and Ben have moved back to Victoria after living in Ontario for 10 years. Kevin and his girlfriend live in our garage.  Shane plans on retirement next year and than we would like to do a camping trip across Canada.,marytannock.bsky.social,2025-11-10T03:08:56.890Z,at://did:plc:fiinexffi4of2pzwmyetthrf/app.bsky.feed.post/3m5anh3rwpc2b,2025-11-10T03:21:23.801033+00:00
"I was in Canada so mercifully there were no medical bills outside the costs of prescription meds. 

Had this been in the US my medical debt would have been in the hundreds of thousands of dollars. 

Yet I still barely survived it. 

Why? Because being sick is expensive.",broadwaybabyto.bsky.social,2025-11-10T03:08:22.147Z,at://did:plc:g7xd2fa6n7e7yqyvh6c3iexy/app.bsky.feed.post/3m5ang2oehc22,2025-11-10T03:21:23.801035+00:00
"I go to Canada, UK, WHO, etc Nothing from USA can be trusted anymore they are worse than Russia right now",caytiekt.bsky.social,2025-11-10T03:07:45.686Z,at://did:plc:osryzecg3mtwsfm3rl7ojndk/app.bsky.feed.post/3m5anexuxkc2e,2025-11-10T03:21:23.801037+00:00
"It’s not just in Canada. A right wing movement is doing exactly what Putin wants. To destroy the democracies of the world.

youtu.be/NwgFeOJH6tk?...",itunesbrian.bsky.social,2025-11-10T03:07:30.255Z,at://did:plc:roljzd3dpxmzvmumpepvucq6/app.bsky.feed.post/3m5anej627k26,2025-11-10T03:21:23.801038+00:00
"Watch free porn cams with hot models

https://sway.my/royalcams

#ass #porn #pussy #dating #onlyfans #fansly #thick #anal #naughty #nudes #boobs #fuck #sex #naked #photography #today #bigboobs #nsfw #tease #nsfwbluesky #goonsky #onlyfans #canada #nyc #wet #squirt #cum #body #skinny #horny #thick",erosome.bsky.social,2025-11-10T03:07:07.316830+00:00,at://did:plc:c2vrjz6bqaqtwh46qtg6ibsl/app.bsky.feed.post/3m5andtyvhd22,2025-11-10T03:21:23.801040+00:00
Found a cool burger place in Japan! We don't have this in Canada so I'm excited!,raikon.bsky.social,2025-11-10T03:07:04.785Z,at://did:plc:gb7hztlk6uzlvdumu7ucjc3j/app.bsky.feed.post/3m5andqv7ss2u,2025-11-10T03:21:23.801042+00:00
"Never jerk off alone again

https://sway.my/jerkmate

#ass #porn #pussy #dating #onlyfans #fansly #thick #anal #naughty #nudes #boobs #fuck #sex #naked #photography #today #bigboobs #nsfw #tease #nsfwbluesky #goonsky #onlyfans #canada #nyc #wet #squirt #cum #body #skinny #horny #thick",erosome.bsky.social,2025-11-10T03:06:01.130131+00:00,at://did:plc:c2vrjz6bqaqtwh46qtg6ibsl/app.bsky.feed.post/3m5anbuuoxt22,2025-11-10T03:21:23.801044+00:00
"Southwest Division, Beat: 422, DASV-Dist Active Shooter Veh at POINTER ST / CANADA DR reported on 11/9/2025, 9:03 PM CST, Incident# 25-1998976 #dpdi-div-sw #dpdi-beat-422",dallas-alerts.bsky.social,2025-11-10T03:05:57.414Z,at://did:plc:rus7u5pcqdscpzjjrkutlr7l/app.bsky.feed.post/3m5anbqt7q32i,2025-11-10T03:21:23.801046+00:00
Yep.  I love my road trips into Canada.,alissa914.bsky.social,2025-11-10T03:05:43.260Z,at://did:plc:p36ixblpxud6txzobpkrtlpa/app.bsky.feed.post/3m5anbd4svs2k,2025-11-10T03:21:23.801048+00:00
"Since I know a lot of people are also worried about how to feed their pets, this site can help locate pet food assistance, financially friendly veterinary services & more, in the US and Canada. www.pethelpfinder.org",onthedrift.bsky.social,2025-11-10T03:05:40.406Z,at://did:plc:26l47egxeqpkbdrjg24wesvp/app.bsky.feed.post/3m5anbafqrk2k,2025-11-10T03:21:23.801049+00:00
"Free porn and sex cams

https://sway.my/jerkmate

#ass #porn #pussy #dating #onlyfans #fansly #thick #anal #naughty #nudes #boobs #fuck #sex #naked #photography #today #bigboobs #nsfw #tease #nsfwbluesky #goonsky #onlyfans #canada #nyc #wet #squirt #cum #body #skinny #horny #thick",erosome.bsky.social,2025-11-10T03:04:55.259396+00:00,at://did:plc:c2vrjz6bqaqtwh46qtg6ibsl/app.bsky.feed.post/3m5an7w2lqg2d,2025-11-10T03:21:23.801051+00:00
"In Canada, if a budget doesn't pass it triggers an election. 👍",drkarenpinder.bsky.social,2025-11-10T03:04:34.135Z,at://did:plc:kgxobshwavnaa6osa3esv7of/app.bsky.feed.post/3m5an7b7dy22o,2025-11-10T03:21:23.801053+00:00
"#Canada really is a beautiful country. Your dollar goes rather far, or euro or pound or kroner. All 4 seasons: mountains or really flat.",chadrubel.bsky.social,2025-11-10T03:04:14.779Z,at://did:plc:5g4guj77iz47qf5xca6xmbca/app.bsky.feed.post/3m5an6oqnn22z,2025-11-10T03:21:23.801055+00:00
"The world is becoming more uncertain and it's time for Canada to invest big in ourselves.

The good news is, no G7 country is better positioned to do so. We have low debt to GDP...",coreyhogan.ca,2025-11-10T03:03:58.683Z,at://did:plc:h56y5u5aeddrqpljvplgsbf2/app.bsky.feed.post/3m5an67fks22o,2025-11-10T03:21:23.801057+00:00
"Live cams and free porn

https://sway.my/jerkmate

#ass #porn #pussy #dating #onlyfans #fansly #thick #anal #naughty #nudes #boobs #fuck #sex #naked #photography #today #bigboobs #nsfw #tease #nsfwbluesky #goonsky #onlyfans #canada #nyc #wet #squirt #cum #body #skinny #horny #thick",erosome.bsky.social,2025-11-10T03:03:48.442794+00:00,at://did:plc:c2vrjz6bqaqtwh46qtg6ibsl/app.bsky.feed.post/3m5an5wg5pt2g,2025-11-10T03:21:23.801059+00:00
"Masturbate with the best sex chats

https://sway.my/SexChats

#ass #porn #pussy #dating #onlyfans #fansly #thick #anal #naughty #nudes #boobs #fuck #sex #naked #photography #today #bigboobs #nsfw #tease #nsfwbluesky #goonsky #onlyfans #canada #nyc #wet #squirt #cum #body #skinny #horny #thick",erosome.bsky.social,2025-11-10T03:02:41.875508+00:00,at://did:plc:c2vrjz6bqaqtwh46qtg6ibsl/app.bsky.feed.post/3m5an3wu7nh26,2025-11-10T03:21:23.801061+00:00
What do you think the next center-left party will be called? Taking a page out of Canada with the New Democrat Party?,charminggrump.bsky.social,2025-11-10T03:02:38.834Z,at://did:plc:djthzhrbojfck3s3trhbwr5o/app.bsky.feed.post/3m5an3tamek2r,2025-11-10T03:21:23.801062+00:00
This is why I'm Otherkin. I'm less than a wolf to society and worthy only being feared and killed. So that's how I identify. My Ukrainian ancestors descend from the progenitors of werewolf beliefs. Canada put us in camps in WWI. Enslaved and killed us. Like wolves. They would do it all over again...,wolf-n-bone.bsky.social,2025-11-10T03:02:26.862Z,at://did:plc:dlckjqnae6gbnuogv5qjjdql/app.bsky.feed.post/3m5an3htbws2s,2025-11-10T03:21:23.801064+00:00
"Source

#Canada",canada-cambot.bsky.social,2025-11-10T03:01:41Z,at://did:plc:kdmhcb4wmrqzqg6hn2ps55t4/app.bsky.feed.post/3m5an27wprr26,2025-11-10T03:21:23.801066+00:00
"Meet your next online gf

https://sway.my/OnlineGirlfriend

#ass #porn #pussy #dating #onlyfans #fansly #thick #anal #naughty #nudes #boobs #fuck #sex #naked #photography #today #bigboobs #nsfw #tease #nsfwbluesky #goonsky #onlyfans #canada #nyc #wet #squirt #cum #body #skinny #horny #thick",erosome.bsky.social,2025-11-10T03:01:35.755986+00:00,at://did:plc:c2vrjz6bqaqtwh46qtg6ibsl/app.bsky.feed.post/3m5amzxs3p322,2025-11-10T03:21:23.801068+00:00
"America smh... Gonna have me swearing an oath of allegiance to the King of Canada. 
Oh, who am I kidding... I could never.",athrughadh.bsky.social,2025-11-10T03:01:07.456Z,at://did:plc:gsam2wgzlic2irid5uxbbiqt/app.bsky.feed.post/3m5amz43x2s2n,2025-11-10T03:21:23.801070+00:00
"As U.S. wine sales in Canada plummet, local wineries look to capitalize on market gap",ctvnewswinnipeg.bsky.social,2025-11-10T03:00:30Z,at://did:plc:ntt4ddjj5y5iqlkuqi6vatk3/app.bsky.feed.post/3m5amxytuc42f,2025-11-10T03:21:23.801072+00:00
"Join Jerkmate and have the best sex chat

https://sway.my/jerkmate

#ass #porn #pussy #dating #onlyfans #fansly #thick #anal #naughty #nudes #boobs #fuck #sex #naked #photography #today #bigboobs #nsfw #tease #nsfwbluesky #goonsky #onlyfans #canada #nyc #wet #squirt #cum #body #skinny #horny #thick",erosome.bsky.social,2025-11-10T03:00:27.601263+00:00,at://did:plc:c2vrjz6bqaqtwh46qtg6ibsl/app.bsky.feed.post/3m5amxws72l22,2025-11-10T03:21:23.801073+00:00
#Canada #BC,anthrog1rl.bsky.social,2025-11-10T03:00:12.718Z,at://did:plc:qfhxxirg3hnyl4blnfaoub2q/app.bsky.feed.post/3m5amxhvixk2b,2025-11-10T03:21:23.801075+00:00
"Gulutzan says Jamie Benn will travel with the team to Canada this week. Duchene will not. 

Don’t believe Benn is close to playing yet, but his being able to fly is a good step.",tiffin.bsky.social,2025-11-10T03:00:08.404Z,at://did:plc:by7ug4hcuwstyzu3rtzvos5d/app.bsky.feed.post/3m5amxdru3226,2025-11-10T03:21:23.801077+00:00
Curious. Why do you have to declare anything at all? Why do voters register for a party? Whose business is it and wouldn't it be impossible to gerrymander if no one made a declaration of political alignment? Asking from Canada.,wlcamb.bsky.social,2025-11-10T02:58:57.827Z,at://did:plc:oi37xvkhz7g4px7xn3q63fsu/app.bsky.feed.post/3m5amvahz7s2h,2025-11-10T03:21:23.801079+00:00
"Watch free porn cams with hot models

https://sway.my/royalcams

#ass #porn #pussy #dating #onlyfans #fansly #thick #anal #naughty #nudes #boobs #fuck #sex #naked #photography #today #bigboobs #nsfw #tease #nsfwbluesky #goonsky #onlyfans #canada #nyc #wet #squirt #cum #body #skinny #horny #thick",erosome.bsky.social,2025-11-10T02:58:16.443942+00:00,at://did:plc:c2vrjz6bqaqtwh46qtg6ibsl/app.bsky.feed.post/3m5amtzpvxi2o,2025-11-10T03:21:23.801080+00:00
I love ❤️ Canada 🇨🇦 so much.,twinrocksor.bsky.social,2025-11-10T02:58:01.084Z,at://did:plc:73y2c4vcqcojjaycbb7axnco/app.bsky.feed.post/3m5amtkee5225,2025-11-10T03:21:23.801082+00:00
"Never jerk off alone again

https://sway.my/jerkmate

#ass #porn #pussy #dating #onlyfans #fansly #thick #anal #naughty #nudes #boobs #fuck #sex #naked #photography #today #bigboobs #nsfw #tease #nsfwbluesky #goonsky #onlyfans #canada #nyc #wet #squirt #cum #body #skinny #horny #thick",erosome.bsky.social,2025-11-10T02:57:11.318854+00:00,at://did:plc:c2vrjz6bqaqtwh46qtg6ibsl/app.bsky.feed.post/3m5ams3mnzk2g,2025-11-10T03:21:23.801084+00:00
"Free porn and sex cams

https://sway.my/jerkmate

#ass #porn #pussy #dating #onlyfans #fansly #thick #anal #naughty #nudes #boobs #fuck #sex #naked #photography #today #bigboobs #nsfw #tease #nsfwbluesky #goonsky #onlyfans #canada #nyc #wet #squirt #cum #body #skinny #horny #thick",erosome.bsky.social,2025-11-10T02:56:05.952989+00:00,at://did:plc:c2vrjz6bqaqtwh46qtg6ibsl/app.bsky.feed.post/3m5amq5bed52r,2025-11-10T03:21:23.801086+00:00
"Only in Canada, you say? 
Pity. 😅🇨🇦",lookupkipp.bsky.social,2025-11-10T02:55:22.742Z,at://did:plc:jkvfig2yvnfwfxolc7pvdljh/app.bsky.feed.post/3m5amote5bk2h,2025-11-10T03:21:23.801087+00:00
"I'm not seeing what the rational is to saying dems should keep shutdown going, I've observed this from Canada, your not dealing with rational repubs, they have lost the plot, they have succeeded in destroying dem support for 60 vote threshold, its useless if only one repubs can use it because ....",marmaladekid.bsky.social,2025-11-10T02:55:19.377Z,at://did:plc:4pahj7gipin4rsqmtgqppzjx/app.bsky.feed.post/3m5amoq5h5c2k,2025-11-10T03:21:23.801089+00:00
20210620_234710 #pet #cat #tabbycat #montreal #canada @frimoussethecat (o.o),frimoussethecat.bsky.social,2025-11-10T02:54:08.112Z,at://did:plc:tzyt6cv6ksacs7p457xfl56f/app.bsky.feed.post/3m5ammm6nfc24,2025-11-10T03:21:23.801091+00:00
"FIFA players are already worried about playing in the 🇺🇸. 
Now this game has them wondering if they can stand the conditions playing in Canada.",thewittykitty.bsky.social,2025-11-10T02:53:58.124Z,at://did:plc:hfxxw75w4sikprhofjhbgzao/app.bsky.feed.post/3m5ammcof2s23,2025-11-10T03:21:23.801093+00:00
"CANADA: May correctly calls out Poilievre for stealing from the Trump/Project 2025 playbook again.

Oh, and it’s ANOTHER good day to remind everyone that Poilievre STILL hasn’t done the normal security check, still hasn’t received the standard security clearance that EVERYONE in his position gets.",brenttoderian.bsky.social,2025-11-10T02:52:58.735Z,at://did:plc:ny5w2k6brb2kdubxnevke6li/app.bsky.feed.post/3m5amkjzfgs24,2025-11-10T03:21:23.801094+00:00
"Meet your next online gf

https://sway.my/OnlineGirlfriend

#ass #porn #pussy #dating #onlyfans #fansly #thick #anal #naughty #nudes #boobs #fuck #sex #naked #photography #today #bigboobs #nsfw #tease #nsfwbluesky #goonsky #onlyfans #canada #nyc #wet #squirt #cum #body #skinny #horny #thick",erosome.bsky.social,2025-11-10T02:52:50.617401+00:00,at://did:plc:c2vrjz6bqaqtwh46qtg6ibsl/app.bsky.feed.post/3m5amkcy7mb2q,2025-11-10T03:21:23.801096+00:00
Absolutely why here in Canada we have donation limits to candidates i believe its 1300 dollars individually and 3700 by corporations keeps from being able to buy a presidency,brickmach.bsky.social,2025-11-10T02:52:17.668Z,at://did:plc:twtwwhoszt2ofxfqqmuinfgi/app.bsky.feed.post/3m5amjcu3xs2g,2025-11-10T03:21:23.801098+00:00
"Join Jerkmate and have the best sex chat

https://sway.my/jerkmate

#ass #porn #pussy #dating #onlyfans #fansly #thick #anal #naughty #nudes #boobs #fuck #sex #naked #photography #today #bigboobs #nsfw #tease #nsfwbluesky #goonsky #onlyfans #canada #nyc #wet #squirt #cum #body #skinny #horny #thick",erosome.bsky.social,2025-11-10T02:51:45.989576+00:00,at://did:plc:c2vrjz6bqaqtwh46qtg6ibsl/app.bsky.feed.post/3m5amifecym2d,2025-11-10T03:21:23.801111+00:00
Poutine January 6th. I don’t care about the chosen pedophiles to humiliate myself like the government does. #canada,cluednblu.bsky.social,2025-11-10T02:51:45.203Z,at://did:plc:qtuqbhez2enchjtrrzkfxmhc/app.bsky.feed.post/3m5amidvets2h,2025-11-10T03:21:23.801113+00:00
Can we sell Maine to Canada?,ralphtheewiggum.bsky.social,2025-11-10T02:51:22.154Z,at://did:plc:hthajae66jzx52hckvbevryg/app.bsky.feed.post/3m5amhnvy2k2k,2025-11-10T03:21:23.801115+00:00
"Does Finland pay for Health care, directly? Not by taxation? In Canada its taxation, no premiums.",globalinteresr.bsky.social,2025-11-10T02:50:01.486Z,at://did:plc:mgt4ep5qjuhzydtuofyuangq/app.bsky.feed.post/3m5amfay6pk2z,2025-11-10T03:21:23.801119+00:00
#Canada #CanPoli #BC #Hockey,anthrog1rl.bsky.social,2025-11-10T02:49:45.680Z,at://did:plc:qfhxxirg3hnyl4blnfaoub2q/app.bsky.feed.post/3m5amervt622b,2025-11-10T03:21:23.801120+00:00
"Watch free porn cams with hot models

https://sway.my/royalcams

#ass #porn #pussy #dating #onlyfans #fansly #thick #anal #naughty #nudes #boobs #fuck #sex #naked #photography #today #bigboobs #nsfw #tease #nsfwbluesky #goonsky #onlyfans #canada #nyc #wet #squirt #cum #body #skinny #horny #thick",erosome.bsky.social,2025-11-10T02:49:37.872713+00:00,at://did:plc:c2vrjz6bqaqtwh46qtg6ibsl/app.bsky.feed.post/3m5amel5sin2v,2025-11-10T03:21:23.801122+00:00
We're very aware of that in Canada.,luciecatnip.bsky.social,2025-11-10T02:49:24.329Z,at://did:plc:w7yhpanniwt2sweiorkvec7j/app.bsky.feed.post/3m5ame5k7m22m,2025-11-10T03:21:23.801124+00:00
What are you going to do? Twerk on me that wall to get the power back in your court? Good luck with that  Gaddafi the 2nd. #markcarney #canada #trillionair #antiseptic,cluednblu.bsky.social,2025-11-10T02:48:55.684Z,at://did:plc:qtuqbhez2enchjtrrzkfxmhc/app.bsky.feed.post/3m5amdca2x22h,2025-11-10T03:21:23.801126+00:00
"Tighten your seat belts folks. Here we go. 

www.cbc.ca/news/canada/...",heartforward.bsky.social,2025-11-10T02:48:54.146Z,at://did:plc:hrbia2oa3r5jzdjd6e5avfq7/app.bsky.feed.post/3m5amdar3zc25,2025-11-10T03:21:23.801128+00:00
"New PDOcast with @thomasdrance.bsky.social:

This week's Sunday Special. Went through all of the considerations for Team Canada and Team USA at this year's Olympics, and what our rosters would look like right now based on what we've seen this season.

bit.ly/485T5OX",dimfilipovic.bsky.social,2025-11-10T02:48:46.099Z,at://did:plc:kuqn4m4afm5j3nxjzc6z5d25/app.bsky.feed.post/3m5amcz3kls22,2025-11-10T03:21:23.801129+00:00
You’re just gonna have to marry us one at a time and smuggle us into Canada. 🤣,merrillbarr.com,2025-11-10T02:48:40.064Z,at://did:plc:s4hpvwbklq4wvedq3qqcgp6e/app.bsky.feed.post/3m5amctde2s2l,2025-11-10T03:21:23.801131+00:00
"Red Box, by Philip Guston
American, born Canada, 1913–1980
1977

More info: https://www.artic.edu/artworks/90581",art-institute.bsky.social,2025-11-10T02:48:38.964Z,at://did:plc:bn7mvtmtkvq77lomnlxlkolp/app.bsky.feed.post/3m5amcszp2v2i,2025-11-10T03:21:23.801133+00:00
"Love beautiful, snowy ❄️ autumn walks in Canada. 🇨🇦 ⛄️ 

#Ottawa",katherinedines.bsky.social,2025-11-10T02:48:36.015Z,at://did:plc:u37uxnv5j6ujqso3q6zdyamd/app.bsky.feed.post/3m5amcphsws27,2025-11-10T03:21:23.801135+00:00
"Never jerk off alone again

https://sway.my/jerkmate

#ass #porn #pussy #dating #onlyfans #fansly #thick #anal #naughty #nudes #boobs #fuck #sex #naked #photography #today #bigboobs #nsfw #tease #nsfwbluesky #goonsky #onlyfans #canada #nyc #wet #squirt #cum #body #skinny #horny #thick",erosome.bsky.social,2025-11-10T02:48:32.455892+00:00,at://did:plc:c2vrjz6bqaqtwh46qtg6ibsl/app.bsky.feed.post/3m5amcmrjbp26,2025-11-10T03:21:23.801137+00:00
"More waste of Canada, taxpayers, money.I've never seen this government squander so much of our money.Stop it",psy123ca.bsky.social,2025-11-10T02:48:09.902Z,at://did:plc:zg2xdvyddnfdrj7brebxn74i/app.bsky.feed.post/3m5ambwkvxk2x,2025-11-10T03:21:23.801139+00:00
Buddy @chuckschumer.com if you were in Canada you would have to be hiding in a bunker after what you’re doing to them.,lalegault.bsky.social,2025-11-10T02:48:07.862Z,at://did:plc:mwagtmvsxuqlgte5iqk3fndm/app.bsky.feed.post/3m5ambumoqs2k,2025-11-10T03:21:23.801141+00:00
"Canada would be better without the likes of Poilievre and Scheer. Their tactics are so out of line with most Canadians' idea of what our politics looks like.

#CdnPoli 
#Poilievre",robinpensnonsense.bsky.social,2025-11-10T02:48:00.330Z,at://did:plc:xqypfpkeviltzo4ebc2shcxu/app.bsky.feed.post/3m5ambngsck2a,2025-11-10T03:21:23.801143+00:00
"This is a real event. Canada 🇨🇦 doesn’t have a border wall, we cannot stop a climate change event to occur, that will affect americans. Please be aware that this is deep cold temps. That it looks like a flaccid penis is the only funny part.",canadiancougar.bsky.social,2025-11-10T02:47:34.505Z,at://did:plc:xgmr2w4o2g7n3ikzihkfr574/app.bsky.feed.post/3m5amauszd22s,2025-11-10T03:21:23.801145+00:00
Watch the americans invade canada and take it over step three,psy123ca.bsky.social,2025-11-10T02:47:28.644Z,at://did:plc:zg2xdvyddnfdrj7brebxn74i/app.bsky.feed.post/3m5amap7rxs2x,2025-11-10T03:21:23.801146+00:00
"Free porn and sex cams

https://sway.my/jerkmate

#ass #porn #pussy #dating #onlyfans #fansly #thick #anal #naughty #nudes #boobs #fuck #sex #naked #photography #today #bigboobs #nsfw #tease #nsfwbluesky #goonsky #onlyfans #canada #nyc #wet #squirt #cum #body #skinny #horny #thick",erosome.bsky.social,2025-11-10T02:47:26.327065+00:00,at://did:plc:c2vrjz6bqaqtwh46qtg6ibsl/app.bsky.feed.post/3m5amanpmbo2u,2025-11-10T03:21:23.801148+00:00
"Source

#Canada",canada-cambot.bsky.social,2025-11-10T02:47:13Z,at://did:plc:kdmhcb4wmrqzqg6hn2ps55t4/app.bsky.feed.post/3m5amad47po2x,2025-11-10T03:21:23.801150+00:00
"Live cams and free porn

https://sway.my/jerkmate

#ass #porn #pussy #dating #onlyfans #fansly #thick #anal #naughty #nudes #boobs #fuck #sex #naked #photography #today #bigboobs #nsfw #tease #nsfwbluesky #goonsky #onlyfans #canada #nyc #wet #squirt #cum #body #skinny #horny #thick",erosome.bsky.social,2025-11-10T02:46:22.994762+00:00,at://did:plc:c2vrjz6bqaqtwh46qtg6ibsl/app.bsky.feed.post/3m5am6rcvpn2v,2025-11-10T03:21:23.801152+00:00
"Masturbate with the best sex chats

https://sway.my/SexChats

#ass #porn #pussy #dating #onlyfans #fansly #thick #anal #naughty #nudes #boobs #fuck #sex #naked #photography #today #bigboobs #nsfw #tease #nsfwbluesky #goonsky #onlyfans #canada #nyc #wet #squirt #cum #body #skinny #horny #thick",erosome.bsky.social,2025-11-10T02:45:16.975473+00:00,at://did:plc:c2vrjz6bqaqtwh46qtg6ibsl/app.bsky.feed.post/3m5am4se7mx26,2025-11-10T03:21:23.801154+00:00
"I was thinking how glad the Karens and Chads should be that they live next to Canada, and not Russia.",sanmarcos.bsky.social,2025-11-10T02:45:04.140Z,at://did:plc:7sbthgynlfyozgrqoyd7gv4o/app.bsky.feed.post/3m5am4ffvr22d,2025-11-10T03:21:23.801155+00:00
"Meet your next online gf

https://sway.my/OnlineGirlfriend

#ass #porn #pussy #dating #onlyfans #fansly #thick #anal #naughty #nudes #boobs #fuck #sex #naked #photography #today #bigboobs #nsfw #tease #nsfwbluesky #goonsky #onlyfans #canada #nyc #wet #squirt #cum #body #skinny #horny #thick",erosome.bsky.social,2025-11-10T02:44:12.743514+00:00,at://did:plc:c2vrjz6bqaqtwh46qtg6ibsl/app.bsky.feed.post/3m5am2v3pk62u,2025-11-10T03:21:23.801158+00:00
"So you can do a bicycle kick goal, huh?

That’s nice.

Can you do one in a snowstorm?

#CPL #Canada",brenttoderian.bsky.social,2025-11-10T02:43:29.744Z,at://did:plc:ny5w2k6brb2kdubxnevke6li/app.bsky.feed.post/3m5alzlf56s24,2025-11-10T03:21:23.801159+00:00
give NH away to Canada,somearelakes.bsky.social,2025-11-10T02:43:28.143Z,at://did:plc:vboqpphed4f3dsi3p3rhmdf2/app.bsky.feed.post/3m5alzjubpk2w,2025-11-10T03:21:23.801161+00:00
"We had such an amazing day! Right in our backyard is a field… that has since turned into our very own backyard skating rink! 
#canada #iceskating #family #skating #winter",advderic.bsky.social,2025-11-11T03:15:16.129Z,at://did:plc:h7rt6ite5m6ns4lgknfbfo73/app.bsky.feed.post/3m5d6bcw6bc27,2025-11-11T03:15:33.998164+00:00
Albertastan was a significant player in Canada losing its measles elimination status.,heather-feather.bsky.social,2025-11-11T03:14:56.698Z,at://did:plc:axxtn2v6bivclt2dnqoqdfqz/app.bsky.feed.post/3m5d6aqf6ok23,2025-11-11T03:15:33.998180+00:00
"Smoke over western Canada 🚀 🌟

#Space #StellarVisions",stellarvisions.bsky.social,2025-11-11T03:14:44.187073+00:00,at://did:plc:wn7dsvycahqj7qmi7vpc2wwb/app.bsky.feed.post/3m5d6afupkg2d,2025-11-11T03:15:33.998183+00:00
In Canada we negotiate with the pharmaceutical companies and cap prices. In the U.S. the companies have mostly just set prices as high as they can get. Trump could use the information of our deals to threaten drug companies to up our prices and lower ours since they are the bigger market.,lucyrunningred.bsky.social,2025-11-11T03:14:18.223Z,at://did:plc:lhamz4a53glhogicrbg3qrry/app.bsky.feed.post/3m5d67lozgs2q,2025-11-11T03:15:33.998186+00:00
i lowk thought canada always had snow,cero--miedo.bsky.social,2025-11-11T03:14:08.584Z,at://did:plc:d23oihyqgyccosp7o3vdp4og/app.bsky.feed.post/3m5d67ciue22o,2025-11-11T03:15:33.998188+00:00
Any attempt to invade Canada could be a triggering point that breaks the camels back.,americanleshy.bsky.social,2025-11-11T03:13:40.368Z,at://did:plc:63lredegmvxgt62aqulkblcm/app.bsky.feed.post/3m5d66hlro225,2025-11-11T03:15:33.998190+00:00
 🇨🇦 #cdnpoli  #CanadaStrong #ElbowsUp #Smartmoves #Canada 🍁 #PMMarkCarney youtu.be/rWZcl-PFqpY?...,letshearit.bsky.social,2025-11-11T03:13:32.998Z,at://did:plc:rtczszdhggqmi237zc7syz56/app.bsky.feed.post/3m5d66akufk2w,2025-11-11T03:15:33.998192+00:00
"Meet your next online gf

https://sway.my/LiveCam

#ass #porn #pussy #dating #onlyfans #fansly #thick #anal #naughty #nudes #boobs #fuck #sex #naked #photography #today #bigboobs #nsfw #tease #nsfwbluesky #goonsky #onlyfans #canada #nyc #wet #squirt #cum #body #skinny #horny #thick",erosome.bsky.social,2025-11-11T03:13:30.436850+00:00,at://did:plc:c2vrjz6bqaqtwh46qtg6ibsl/app.bsky.feed.post/3m5d6673fdh2v,2025-11-11T03:15:33.998193+00:00
It’s 8.5 % in Ontario Canada and I haven’t had a job since June,bibliophile99.bsky.social,2025-11-11T03:13:06.730Z,at://did:plc:lyvztfv2xp5su33ype2ddqgk/app.bsky.feed.post/3m5d65hja2k2e,2025-11-11T03:15:33.998195+00:00
How can US citizens migrate to Canada? Asking for a friend.,minoly.bsky.social,2025-11-11T03:12:45.514Z,at://did:plc:mmbpvfadphfuk4ck73zilvul/app.bsky.feed.post/3m5d64tbrck2z,2025-11-11T03:15:33.998198+00:00
"Canada needs to secure our own food supply, to be truly independent. More support for farmers to expand to year-round growing, such as with hydroponic greenhouses. 🍁🪴
#ElbowsUp #CanadaStrong",chillhuahua.bsky.social,2025-11-11T03:12:41.192Z,at://did:plc:r7vcqd3xoplc3nnwylg5rpiz/app.bsky.feed.post/3m5d64p5vlc2e,2025-11-11T03:15:33.998199+00:00
"We so need a brave leaker, who will then spend the rest of Trump’s term in Canada.  Tall order but I fear it’s the only way.",manzanman.bsky.social,2025-11-11T03:12:38.324Z,at://did:plc:3elnifq2npr3iwnblgymizby/app.bsky.feed.post/3m5d64mgcts24,2025-11-11T03:15:33.998201+00:00
"Join Jerkmate and have the best sex chat

https://sway.my/jerkmate

#ass #porn #pussy #dating #onlyfans #fansly #thick #anal #naughty #nudes #boobs #fuck #sex #naked #photography #today #bigboobs #nsfw #tease #nsfwbluesky #goonsky #onlyfans #canada #nyc #wet #squirt #cum #body #skinny #horny #thick",erosome.bsky.social,2025-11-11T03:12:26.203379+00:00,at://did:plc:c2vrjz6bqaqtwh46qtg6ibsl/app.bsky.feed.post/3m5d64btnzb2i,2025-11-11T03:15:33.998203+00:00
"Canada and the Provinces have Freedom of Information laws. 
Taxpayers deserve to see what they paid for.",dn-ny-mtl.bsky.social,2025-11-11T03:11:56.751Z,at://did:plc:xqnwvy5iwjwz4kefhl2xvreo/app.bsky.feed.post/3m5d63erm7k2b,2025-11-11T03:15:33.998205+00:00
"The issue is Canadians are not vaccinated. That has nothing to do with RFK nor does it have anything to do with the United States. Canada has a large anti-science movement, especially in alberta where they experimented removing flouride from water before trumps 1st term.",esunaproxy.bsky.social,2025-11-11T03:11:55.850Z,at://did:plc:4paxwvde6bj5niruogek2ql4/app.bsky.feed.post/3m5d63dw4dc2p,2025-11-11T03:15:33.998207+00:00
"Most everything's cheaper in Canada, most of the people are a lot nicer, and your wife would not have to deal with the mountains of cutthroat insurance company paperwork. Canada needs medical staff too.",wordlightdotnet.bsky.social,2025-11-11T03:11:53.012Z,at://did:plc:cjg77oaiiyb32mw26wbxslm3/app.bsky.feed.post/3m5d63b7its2p,2025-11-11T03:15:33.998209+00:00
"Reminds me of when Air Canada started putting their support chat through AI and once it started giving people refunds, they tried to go ""We can't be held responsible for what our AI model promises people"" and I'm pretty sure they reversed course on AI once they were forced to be held responsible.",d9sinc.bsky.social,2025-11-11T03:11:42.482Z,at://did:plc:fs3k24nxxhp6clfxv2x3nt33/app.bsky.feed.post/3m5d62x65nc2d,2025-11-11T03:15:33.998211+00:00
"Yeah, understandable. I’m not a fan of mixing work with childcare, though I suppose some people have to do it. 
I’m curious - does Canada offer free or low cost childcare?",gojavelina.bsky.social,2025-11-11T03:11:29.750Z,at://did:plc:f44iqa24dququavte7j2wqm4/app.bsky.feed.post/3m5d62kzm2s2o,2025-11-11T03:15:33.998213+00:00
"Canadians know that we are not reducing our #emissions and that shipping more #fossilfuel abroad is not the way to go.

Develop #geothermal #energy for #canada.  Develop a pan #Canada #electrical grid.  Process #RareEarths 

#cdnpoli #cdnpolitics #LNG 

www.theglobeandmail.com/business/art...",tabmcleod.bsky.social,2025-11-11T03:11:20.007Z,at://did:plc:ae3s6ie2znxqm75akdxl3qp5/app.bsky.feed.post/3m5d62bqbfk2q,2025-11-11T03:15:33.998215+00:00
Canada doesn’t have snow yet?,zacmac.bsky.social,2025-11-11T03:11:10.693Z,at://did:plc:7lbtnvezrxvmzdpyqvqnginf/app.bsky.feed.post/3m5d5zyu2oc2a,2025-11-11T03:15:33.998216+00:00
" New York Islanders at New Jersey Devils | FULL Overtime Highlights – November 10, 2025 https://www. rawchili.com/4660211/ # Canada # hockey # HockeyHighlights # NewJerseyDevils # NewYorkIslanders # NewYorkIslanders # NHL # NhlHighlights # sports # Sportsnet 

Interest | Match | Feed",bluesky.awakari.com,2025-11-11T03:10:28Z,at://did:plc:i53e6y3liw2oaw4s6e6odw5m/app.bsky.feed.post/3m5d5yqgn6z2z,2025-11-11T03:15:33.998218+00:00
Does this mean Sanofi Canada will begin domestic manufacture of Novavax? Of course we won’t have to BUY it as your government will do the right thing and make it available to all Canadians who can’t tolerate mRNA vaccines. People need alternatives to Pfizer and Moderna.,kimtart.bsky.social,2025-11-11T03:10:22.503Z,at://did:plc:dd5wnj2god4o5mh6vbqessyy/app.bsky.feed.post/3m5d5ykvh422j,2025-11-11T03:15:33.998220+00:00
the Christmas Adventurers Club is going to be so upset by this,heathenking.bsky.social,2025-11-11T03:10:09.327Z,at://did:plc:oqhrmh6xctuakxdii6uh43nh/app.bsky.feed.post/3m5d5y6dgts2h,2025-11-11T03:15:33.998221+00:00
"From Montreal, Canada: Daisuke Sasaki VS Ryusuke Taguchi in a Last Man Standing match. -- MELTZER: ★★★★¼",wrestlingbookerbot.bsky.social,2025-11-11T03:10:07.86880600Z,at://did:plc:5wj6ybduszn326bqprfw4yto/app.bsky.feed.post/3m5d5ygw25m2g,2025-11-11T03:15:33.998223+00:00
"LOVE THIS IDEA! 
Canada-focused social media platform Gander Social has raised over $1 million through the first phase of its equity crowdfunding campaign. betakit.com/gander-socia... #cdnpoli",canadiancurated.bsky.social,2025-11-11T03:09:52.513Z,at://did:plc:bqvcoxdpr4lp3qmq5cng2w4i/app.bsky.feed.post/3m5d5xoceus2m,2025-11-11T03:15:33.998225+00:00
"........ WOAH that's crazy!

That doesn't explain why one country has lost elimination status and the other hasn't. RFK wasn't even the health secretary of the United States for the whole year for which Canada has to have continuous transmitting of measles to lose status.",esunaproxy.bsky.social,2025-11-11T03:09:28.131Z,at://did:plc:4paxwvde6bj5niruogek2ql4/app.bsky.feed.post/3m5d5wx23ik2p,2025-11-11T03:15:33.998227+00:00
" New York Islanders at New Jersey Devils | FULL Overtime Highlights – November 10, 2025 https://www. rawchili.com/4660211/ # Canada # hockey # HockeyHighlights # NewJerseyDevils # NewYorkIslanders # NewYorkIslanders # NHL # NhlHighlights # sports # Sportsnet 

Interest | Match | Feed",bluesky.awakari.com,2025-11-11T03:09:18Z,at://did:plc:i53e6y3liw2oaw4s6e6odw5m/app.bsky.feed.post/3m5d5wo7z5a2r,2025-11-11T03:15:33.998228+00:00
www.cbc.ca/news/canada/...,midnightfunk.bsky.social,2025-11-11T03:09:17.772Z,at://did:plc:kmev23s4o6455b7hecfglybh/app.bsky.feed.post/3m5d5wn5xbs24,2025-11-11T03:15:33.998230+00:00
"Never jerk off alone again

https://sway.my/jerkmate

#ass #porn #pussy #dating #onlyfans #fansly #thick #anal #naughty #nudes #boobs #fuck #sex #naked #photography #today #bigboobs #nsfw #tease #nsfwbluesky #goonsky #onlyfans #canada #nyc #wet #squirt #cum #body #skinny #horny #thick",erosome.bsky.social,2025-11-11T03:09:07.488970+00:00,at://did:plc:c2vrjz6bqaqtwh46qtg6ibsl/app.bsky.feed.post/3m5d5wedw342q,2025-11-11T03:15:33.998232+00:00
,ralphpoppy.bsky.social,2025-11-11T03:08:38.399Z,at://did:plc:353e4vjqtoc36tdyudkjaflj/app.bsky.feed.post/3m5d5vhmlwc2c,2025-11-11T03:15:33.998234+00:00
"I hear there’s snow in Canada 🇨🇦 
@mrcanada64.bsky.social",gravyboat1.bsky.social,2025-11-11T03:08:27.598Z,at://did:plc:dmllxcqjjmqcdeg4lixo4k6v/app.bsky.feed.post/3m5d5v5d2ys2j,2025-11-11T03:15:33.998236+00:00
"Free porn and sex cams

https://sway.my/jerkmate

#ass #porn #pussy #dating #onlyfans #fansly #thick #anal #naughty #nudes #boobs #fuck #sex #naked #photography #today #bigboobs #nsfw #tease #nsfwbluesky #goonsky #onlyfans #canada #nyc #wet #squirt #cum #body #skinny #horny #thick",erosome.bsky.social,2025-11-11T03:08:01.921238+00:00,at://did:plc:c2vrjz6bqaqtwh46qtg6ibsl/app.bsky.feed.post/3m5d5ufsekh2v,2025-11-11T03:15:33.998238+00:00
Each day my desire to pack up and move to Canada grows higher and higher.,lootingkyle.com,2025-11-11T03:07:16.707Z,at://did:plc:yi7mowbgblmcw4s7d7ilqzk4/app.bsky.feed.post/3m5d5szpfp22j,2025-11-11T03:15:33.998240+00:00
"Live cams and free porn

https://sway.my/jerkmate

#ass #porn #pussy #dating #onlyfans #fansly #thick #anal #naughty #nudes #boobs #fuck #sex #naked #photography #today #bigboobs #nsfw #tease #nsfwbluesky #goonsky #onlyfans #canada #nyc #wet #squirt #cum #body #skinny #horny #thick",erosome.bsky.social,2025-11-11T03:06:57.370808+00:00,at://did:plc:c2vrjz6bqaqtwh46qtg6ibsl/app.bsky.feed.post/3m5d5sia77s2w,2025-11-11T03:15:33.998242+00:00
"Never bring a fact to a narrative fight.

Our public health services have lost the narrative.

https://www.cbc.ca/news/canada/calgary/alberta-measles-status-eliminations-9.6973822",harold.mastodon.social.ap.brid.gy,2025-11-11T03:06:18.000Z,at://did:plc:vra4zxnkszgpiic23dwltxny/app.bsky.feed.post/3m5d5rtmqdfl2,2025-11-11T03:15:33.998244+00:00
"From 'Audrey Loves Paris""
Poster based in Canada",mikey52.bsky.social,2025-11-11T03:05:47.920Z,at://did:plc:fi46oowlkhtb4f6naqypwlzc/app.bsky.feed.post/3m5d5qezvls22,2025-11-11T03:15:33.998246+00:00
"November 11 is a date commemorated by many people for many different reasons. In England and many of its former colonies, including Canada, [3/3]",gorekhaa.bsky.social,2025-11-11T03:05:42.322Z,at://did:plc:xo2qz65twudxqzk6cl5m277s/app.bsky.feed.post/3m5d5ridggx2n,2025-11-11T03:15:33.998247+00:00
"From 'Audrey Loves Paris""
Poster based in Canada",mikey52.bsky.social,2025-11-11T03:05:22.241Z,at://did:plc:fi46oowlkhtb4f6naqypwlzc/app.bsky.feed.post/3m5d5pmk7hs22,2025-11-11T03:15:33.998249+00:00
“whatever club he’s invited to join has been devalued by the invitation”,samthielman.com,2025-11-11T03:05:04.336Z,at://did:plc:qjzrpzlcmir3bkss4b5nh6ox/app.bsky.feed.post/3m5d5p3hwys2k,2025-11-11T03:15:33.998251+00:00
"Breaking Ranks: Inside Israel's War, will hopefully shows Democratic Israel is committing crimes against humanity.
I hope the documentary differentiates zionists from innocent Jews.
I hope it show the IDF murderers returning to Canada and rewarded by CIJA and @liberalparty.bsky.social",truthntransparency.bsky.social,2025-11-11T03:04:59.098Z,at://did:plc:zs6lgajyk2l5uymulxktna2q/app.bsky.feed.post/3m5d5owhuwk2m,2025-11-11T03:15:33.998253+00:00
"Canada is the best.  Sane people.  Smart people. Kind people.  
America is your jealous petulant stupid sister.",lotuslady19.bsky.social,2025-11-11T03:04:57.152Z,at://did:plc:gcvb7rulmcsxdlcx7z6jnl44/app.bsky.feed.post/3m5d5oumhks25,2025-11-11T03:15:33.998254+00:00
"Meet your next online gf

https://sway.my/LiveCam

#ass #porn #pussy #dating #onlyfans #fansly #thick #anal #naughty #nudes #boobs #fuck #sex #naked #photography #today #bigboobs #nsfw #tease #nsfwbluesky #goonsky #onlyfans #canada #nyc #wet #squirt #cum #body #skinny #horny #thick",erosome.bsky.social,2025-11-11T03:04:44.975490+00:00,at://did:plc:c2vrjz6bqaqtwh46qtg6ibsl/app.bsky.feed.post/3m5d5ojxxij2g,2025-11-11T03:15:33.998256+00:00
"When I was a student in Canada I had no trouble getting an MRI my doctor ordered. Of course that was in Montreal, if you live in East bumblefuck Manitoba I imagine there are fewer machines & therefore longer waits.",bagelry.bsky.social,2025-11-11T03:04:31.471Z,at://did:plc:xnxmeeiccpbdhjdpglbdjum6/app.bsky.feed.post/3m5d5o44qhk27,2025-11-11T03:15:33.998258+00:00
Canada had LOTS of help from the morons south of their border. Sorry about that.,mimadocken.bsky.social,2025-11-11T03:04:23.831Z,at://did:plc:k2jzkntcwcnyiw3icagvnus3/app.bsky.feed.post/3m5d5nutmis2s,2025-11-11T03:15:33.998260+00:00
RFK isn't in Canada,esunaproxy.bsky.social,2025-11-11T03:03:50.732Z,at://did:plc:4paxwvde6bj5niruogek2ql4/app.bsky.feed.post/3m5d5mvbibs24,2025-11-11T03:15:33.998261+00:00
"Join Jerkmate and have the best sex chat

https://sway.my/jerkmate

#ass #porn #pussy #dating #onlyfans #fansly #thick #anal #naughty #nudes #boobs #fuck #sex #naked #photography #today #bigboobs #nsfw #tease #nsfwbluesky #goonsky #onlyfans #canada #nyc #wet #squirt #cum #body #skinny #horny #thick",erosome.bsky.social,2025-11-11T03:03:41.329840+00:00,at://did:plc:c2vrjz6bqaqtwh46qtg6ibsl/app.bsky.feed.post/3m5d5mnbl4j22,2025-11-11T03:15:33.998263+00:00
"Canada has lost its measles-free status.

Ideology wins out over science and we all lose.

www.cbc.ca/news/canada/...",hishamzerriffi.bsky.social,2025-11-11T03:02:19.526Z,at://did:plc:hnynajpysr47rnyf5mvlxrsz/app.bsky.feed.post/3m5d5k6c4vk2g,2025-11-11T03:15:33.998265+00:00
"I’ve never been complete fan of USA although I live here. A woman I went out with is from BC. I asked if since we slept together I could be honorary Canadian? Plus I have some French Canadian ancestry. Prob not enough to root for Canada, but America is a fucked country at this point.",yournakedbodyisart.bsky.social,2025-11-11T03:02:12.725Z,at://did:plc:hx4cy2j376earab5voxbp3xk/app.bsky.feed.post/3m5d5jxskd223,2025-11-11T03:15:33.998267+00:00
"
#Canada   #measles   #vaccination",toppnews.bsky.social,2025-11-11T03:02:09.438333+00:00,at://did:plc:mhqnbglrgmwiuz3kgexbi7uf/app.bsky.feed.post/3m5d5juyqou2b,2025-11-11T03:15:33.998268+00:00
"Bit of a basic info rundown for #1.

Yuna is Japanese, born in Osaka before her Mother moved to Canada with her and her sister.

Yuna is a twin, not identical.

She was turned into a vampire before her second birthday",sesauvie.bsky.social,2025-11-11T03:01:57.308Z,at://did:plc:uh3er2bf3hfu53fpruhsxri2/app.bsky.feed.post/3m5d5jj44mc2x,2025-11-11T03:15:33.998270+00:00
MAGA North in Western Canada is growing.  We have too many Conservatives,walterverse.bsky.social,2025-11-11T03:01:46.446Z,at://did:plc:aup43vyegw7pvuu7fq6a5dfc/app.bsky.feed.post/3m5d5j6qlac22,2025-11-11T03:15:33.998272+00:00
"Spent the last hour (basically since waking up) trying to find a service that's going to be streaming Oklahoma @ UCLA here in Canada. 

It appears no service will give me Reagan Beers and Aaliyah Chavez going up against Lauren Betts and Kiki Rice.

I am annoyed.",didichanoch.bsky.social,2025-11-11T03:01:30.821Z,at://did:plc:25zrllablzxyz73u5xcgdqb6/app.bsky.feed.post/3m5d5iptrgc2x,2025-11-11T03:15:33.998273+00:00
"We’re sorry, Canada. I think you should sue RFK, Jr. and Trump for this.",katesskatess.bsky.social,2025-11-11T03:01:01.557Z,at://did:plc:qoo7uaimz36ppafywxd4hqjb/app.bsky.feed.post/3m5d5htwpcc2q,2025-11-11T03:15:33.998275+00:00
"Aspen Airways Convair CV-580, N5814.  Originally delivered to National Airlines on November 12, 1953.  Aircraft crashed while fighting fires near Lytton, BC, Canada on July 31, 2010.  Photograph from my collection.  Original photographer unknown.",hatu13.bsky.social,2025-11-11T03:00:57.777Z,at://did:plc:kgvfdcgsi76xwe3cjfyhk4lp/app.bsky.feed.post/3m5d5hqdcw222,2025-11-11T03:15:33.998277+00:00
I can see Canada from my kitchen window.  Truth.,cedarsavage.bsky.social,2025-11-11T03:00:55.824Z,at://did:plc:euehqao5j4qfafq7ffjkkwnf/app.bsky.feed.post/3m5d5hohpos2q,2025-11-11T03:15:33.998279+00:00
"Source

#Canada",canada-cambot.bsky.social,2025-11-11T03:00:51Z,at://did:plc:kdmhcb4wmrqzqg6hn2ps55t4/app.bsky.feed.post/3m5d5hltvp32p,2025-11-11T03:15:33.998292+00:00
"Never jerk off alone again

https://sway.my/jerkmate

#ass #porn #pussy #dating #onlyfans #fansly #thick #anal #naughty #nudes #boobs #fuck #sex #naked #photography #today #bigboobs #nsfw #tease #nsfwbluesky #goonsky #onlyfans #canada #nyc #wet #squirt #cum #body #skinny #horny #thick",erosome.bsky.social,2025-11-11T03:00:24.958719+00:00,at://did:plc:c2vrjz6bqaqtwh46qtg6ibsl/app.bsky.feed.post/3m5d5gryxdm2q,2025-11-11T03:15:33.998294+00:00
"Radio-Canada Info:  De Bergie à LDT, une cuvée exceptionnelle d’immortels du sport québécois ",aricierss.bsky.social,2025-11-11T03:00:18.504Z,at://did:plc:2rker5jsweiukz55nxst6hjk/app.bsky.feed.post/3m5d5gkwyvh2b,2025-11-11T03:15:33.998295+00:00
They migrate. Don't want this in Canada.,caff3.bsky.social,2025-11-11T03:00:08.065Z,at://did:plc:oqrlb6ouek7aa3bthvddehv3/app.bsky.feed.post/3m5d5gawazc2r,2025-11-11T03:15:33.998297+00:00
"First snow in Montreal, Canada =^.^=
☃️ ❄️ ❄️❄️",lawrichai.bsky.social,2025-11-11T03:00:05.670Z,at://did:plc:owz7adguexi4iv3l32nffxge/app.bsky.feed.post/3m5d5g6ouu62w,2025-11-11T03:15:33.998299+00:00
It really does. Sometimes you can even search Australia or Canada or something like that too. Most of the time I find out where they live somehow lol.,jasonswritings.bsky.social,2025-11-11T02:59:44.624Z,at://did:plc:st75mstqwygzrd6723rac5xe/app.bsky.feed.post/3m5d5fkkugs2p,2025-11-11T03:15:33.998301+00:00
,ralphpoppy.bsky.social,2025-11-11T02:59:35.913Z,at://did:plc:353e4vjqtoc36tdyudkjaflj/app.bsky.feed.post/3m5d5fcbbg22c,2025-11-11T03:15:33.998302+00:00
"I’m deep in the editing weeds and let me tell you, making this fantasy world be based on Canada (flora, fauna, geography, weather, etc) was such a good idea. I enjoy writing it tremendously. 

I wonder if readers will even notice tho 😅 I mean, they gotta, right? There’s a fucking moose in there!",blammarie.bsky.social,2025-11-11T02:59:35.408Z,at://did:plc:a2v73o5clmf37n3iljhkpu67/app.bsky.feed.post/3m5d5fbrng22h,2025-11-11T03:15:33.998304+00:00
"Canada has lost measles elimination status which is a blow to all those in healthcare who helped it earn the designation 

Canada has had:

“5,138 measles cases this year and two deaths. Both were babies who were exposed to the measles virus in the womb and born prematurely”",an-leavy.bsky.social,2025-11-11T02:59:33.242Z,at://did:plc:ag4wck6i2ulx7lwkakouqs56/app.bsky.feed.post/3m5d5f7pk6k2e,2025-11-11T03:15:33.998306+00:00
"#AlphabetChallenge
#WeekTforTelevision

The Twilight Zone.",ogould.bsky.social,2025-11-11T02:59:29.179Z,at://did:plc:2mw6nkgnmsvqrmm4y337fz6f/app.bsky.feed.post/3m5d5f3trak23,2025-11-11T03:15:33.998308+00:00
"Free porn and sex cams

https://sway.my/jerkmate

#ass #porn #pussy #dating #onlyfans #fansly #thick #anal #naughty #nudes #boobs #fuck #sex #naked #photography #today #bigboobs #nsfw #tease #nsfwbluesky #goonsky #onlyfans #canada #nyc #wet #squirt #cum #body #skinny #horny #thick",erosome.bsky.social,2025-11-11T02:59:18.481067+00:00,at://did:plc:c2vrjz6bqaqtwh46qtg6ibsl/app.bsky.feed.post/3m5d5esm2ep26,2025-11-11T03:15:33.998309+00:00
"Live cams and free porn

https://sway.my/jerkmate

#ass #porn #pussy #dating #onlyfans #fansly #thick #anal #naughty #nudes #boobs #fuck #sex #naked #photography #today #bigboobs #nsfw #tease #nsfwbluesky #goonsky #onlyfans #canada #nyc #wet #squirt #cum #body #skinny #horny #thick",erosome.bsky.social,2025-11-11T02:58:11.539889+00:00,at://did:plc:c2vrjz6bqaqtwh46qtg6ibsl/app.bsky.feed.post/3m5d5csrj7d2q,2025-11-11T03:15:33.998311+00:00
"I agree about USA investments in mines here.
But the investment was in a mining company with a head office here but operations in others countries.
I guess Canada has favourable regulations for mining companies.",honestcanadian.bsky.social,2025-11-11T02:58:02.636Z,at://did:plc:vcly6jfsz4irtrnbkndmmfyi/app.bsky.feed.post/3m5d5cjcgrs2a,2025-11-11T03:15:33.998313+00:00
Are you ready to be a much muchier version of you? Come lend a paw to the largest furry convention in Western Canada!!! Come find your place here by applying at vancoufur.org/volunteer/ #VF2026,vancoufur.bsky.social,2025-11-11T02:58:01.645Z,at://did:plc:5tccqxugf2h7pocamiydvsth/app.bsky.feed.post/3m5d5cifsyy2t,2025-11-11T03:15:33.998315+00:00
I’m tryna get to the point of annual Canada vacations.,xzyliac.bsky.social,2025-11-11T02:58:01.584Z,at://did:plc:pra4deg7nwojeidvcgaqbqdg/app.bsky.feed.post/3m5d5ciceg22k,2025-11-11T03:15:33.998316+00:00
"Significantly Canada is procuring vessels/weapons which are expressly offensive in nature. To create a hostile force to impose western rule abroad.

Canada's new military buildup isn't defensive in nature. How could it be? When the only real threat to us is the country we buy almost all our weapons.",jekeep.bsky.social,2025-11-11T02:57:55.854Z,at://did:plc:oekhmba6umgeqaor7ltdo4tv/app.bsky.feed.post/3m5d5cctlnc2j,2025-11-11T03:15:33.998318+00:00
"Agree with you about bus fares for tweens and teens. How can the city of Ottawa charge them so much, and then introduce new taxes and accounting moves to finance a stadium refurb? OC Transpo charges like a premium product, while underperforming. Many other places in Canada do better. Election issue.",1canoe2paddles.bsky.social,2025-11-11T02:57:21.381Z,at://did:plc:db73wxsoqweketfv7t3ayql7/app.bsky.feed.post/3m5d5bbxgp22y,2025-11-11T03:15:33.998320+00:00
"Radio-Canada Info:  Warren Buffett se retire, mais va garder ses actions Berkshire Hathaway ",aricierss.bsky.social,2025-11-11T02:57:17.463Z,at://did:plc:2rker5jsweiukz55nxst6hjk/app.bsky.feed.post/3m5d5b6cdmm22,2025-11-11T03:15:33.998321+00:00
"Masturbate with the best sex chats

https://sway.my/LiveCam

#ass #porn #pussy #dating #onlyfans #fansly #thick #anal #naughty #nudes #boobs #fuck #sex #naked #photography #today #bigboobs #nsfw #tease #nsfwbluesky #goonsky #onlyfans #canada #nyc #wet #squirt #cum #body #skinny #horny #thick",erosome.bsky.social,2025-11-11T02:57:07.505113+00:00,at://did:plc:c2vrjz6bqaqtwh46qtg6ibsl/app.bsky.feed.post/3m5d5avovkf2o,2025-11-11T03:15:33.998323+00:00
Hoping the flight back to Canada went better than the one from it.,4ltr.com,2025-11-11T02:56:31.248Z,at://did:plc:4ryb4jhpg66lfbtjvwkbq4bw/app.bsky.feed.post/3m5d57s5ios2i,2025-11-11T03:15:33.998325+00:00
"Sustainable Agriculture. Reckless use of our resources has to end. Howard gave most of our water to Canada. The Basin is emergency water. www.ga.gov.au/scientific-t...
www.abc.net.au/news/rural/2...?
www.oecd.org/en/publicati...
www.worldbank.org/en/topic/cli...
www.worldwildlife.org/our-work/foo...",maranoagirl.bsky.social,2025-11-11T02:56:25.624Z,at://did:plc:onrvoufileljcel7uejydmgi/app.bsky.feed.post/3m5d57mrvi22c,2025-11-11T03:15:33.998327+00:00
"Look, I am far more concerned about the affordable care act not being available for my community than I am about tariffs on Canada, and I love Canada. Do not make the pain of the government shutdown worthless— do not sell us out.",renaekm.bsky.social,2025-11-11T02:56:13.769Z,at://did:plc:qgs4aqmz5n6nb2f3vcc7stke/app.bsky.feed.post/3m5d57bi3e22d,2025-11-11T03:15:33.998328+00:00
"Meet your next online gf

https://sway.my/LiveCam

#ass #porn #pussy #dating #onlyfans #fansly #thick #anal #naughty #nudes #boobs #fuck #sex #naked #photography #today #bigboobs #nsfw #tease #nsfwbluesky #goonsky #onlyfans #canada #nyc #wet #squirt #cum #body #skinny #horny #thick",erosome.bsky.social,2025-11-11T02:56:01.948461+00:00,at://did:plc:c2vrjz6bqaqtwh46qtg6ibsl/app.bsky.feed.post/3m5d56x62c72v,2025-11-11T03:15:33.998330+00:00
And threatened to annex/invade/loot Canada and Greenland - both of whom are just minding their own business. Not to mention bombing innocent Venezualan fishernen.,pottymoira.bsky.social,2025-11-11T02:55:52.203Z,at://did:plc:juvz6bnju6kwtd6rq7t5ifrb/app.bsky.feed.post/3m5d56mvwsk2e,2025-11-11T03:15:33.998332+00:00
"Canada too? 🤦🏻‍♂️
Germany also has anti-vaxxers, but they're actually only a very small part of the population. Corona was like a magnifying glass. It brought all the stupid people to the surface. Luckily, there are no supporters of this nonsense in our government. And I hope it stays that way.",nofacecouple.bsky.social,2025-11-11T02:55:45.271Z,at://did:plc:eqk6shxj3ku2qgj5yxkw67s7/app.bsky.feed.post/3m5d56gcfbk25,2025-11-11T03:15:33.998334+00:00
"Canada honours its contractual obligations…

Some are with US companies from before Chump regained control…

We will honour those contracts…and the sad reality is some things we need to procure cannot be gotten elsewhere..

Where it can be, we will…",struward.bsky.social,2025-11-11T02:55:44.713Z,at://did:plc:3toxaxrtlirygih4ui5mzylo/app.bsky.feed.post/3m5d56frfdc2l,2025-11-11T03:15:33.998336+00:00
"Join Jerkmate and have the best sex chat

https://sway.my/jerkmate

#ass #porn #pussy #dating #onlyfans #fansly #thick #anal #naughty #nudes #boobs #fuck #sex #naked #photography #today #bigboobs #nsfw #tease #nsfwbluesky #goonsky #onlyfans #canada #nyc #wet #squirt #cum #body #skinny #horny #thick",erosome.bsky.social,2025-11-11T02:54:57.821275+00:00,at://did:plc:c2vrjz6bqaqtwh46qtg6ibsl/app.bsky.feed.post/3m5d54zzmo52r,2025-11-11T03:15:33.998338+00:00
I wish I was in Canada.,kayportuguese.bsky.social,2025-11-11T02:54:56.444Z,at://did:plc:4h6uot32c7iotuyyq3xrslw7/app.bsky.feed.post/3m5d54xqcns2l,2025-11-11T03:15:33.998340+00:00
"I signed this petition to send a message: this budget sucks. #Canada

https://leadnow.ca/campaigns/budget25?source=direct_link&",theresareason.mstdn.ca.ap.brid.gy,2025-11-11T02:54:31.000Z,at://did:plc:eqsjjeaerdiusilfe372hfkl/app.bsky.feed.post/3m5d54d7ts2x2,2025-11-11T03:15:33.998342+00:00
this store doesn't even operate in canada,jellymiens.bsky.social,2025-11-11T02:53:46.499Z,at://did:plc:ptuhtardkxiyufulxl2yrrby/app.bsky.feed.post/3m5d52uzvus2b,2025-11-11T03:15:33.998344+00:00
Many Chinese people in Canada lost Canadians citizenship or were disenfranchised. Many served in the world war without credit or acknowledgement from the Canadian government. globalnews.ca/video/115191... #cdnpoli,brainiackim.bsky.social,2025-11-11T02:53:22.761Z,at://did:plc:h3y7rhw6ao6nk5mmuskplxco/app.bsky.feed.post/3m5d526fedc2d,2025-11-11T03:15:33.998345+00:00
Canada no longer measles-free as outbreaks spread,guardian-uk-rss.bsky.social,2025-11-11T02:53:11.579758Z,at://did:plc:hciqzcg2tksnxmhxn4vvvcss/app.bsky.feed.post/3m5d4zuujsj2l,2025-11-11T03:15:33.998347+00:00
"I never want this to be Canada. We must always fight any attempts at privatization and demand federal and provincial governments put more, not less, funding into healthcare. No one should be unable to afford healthcare ever!",emgeekay.bsky.social,2025-11-11T02:53:07.999Z,at://did:plc:rp6pclhm7sowwy2injtmhisp/app.bsky.feed.post/3m5d4zqcvc22d,2025-11-11T03:15:33.998349+00:00
"Like Potash from Canada that our farmers are desperate for

The world wants that potash & now the US farmers cost has permanently increased

So much winning",jayjohns69.bsky.social,2025-11-11T02:52:59.642Z,at://did:plc:2s6mzjr7gswubeqfl76ixyt2/app.bsky.feed.post/3m5d4zidu5s2o,2025-11-11T03:15:33.998351+00:00
"Watch free porn cams with hot models

https://sway.my/jerkmate

#ass #porn #pussy #dating #onlyfans #fansly #thick #anal #naughty #nudes #boobs #fuck #sex #naked #photography #today #bigboobs #nsfw #tease #nsfwbluesky #goonsky #onlyfans #canada #nyc #wet #squirt #cum #body #skinny #horny #thick",erosome.bsky.social,2025-11-11T02:52:47.471187+00:00,at://did:plc:c2vrjz6bqaqtwh46qtg6ibsl/app.bsky.feed.post/3m5d4z5kjon2r,2025-11-11T03:15:33.998353+00:00
"The dramatic rise of neo nazi groups in Canada is a direct result of Stephen Harper eliminating section 13 of the Human Rights Act. Over a decade later, the Liberals have yet to undo that damage. That makes them culpable for this as well.
www.cbc.ca/news/canada/...",jeremypetrisor.bsky.social,2025-11-11T02:52:42.396Z,at://did:plc:v2pucvr4trxstgjt5xh6lctn/app.bsky.feed.post/3m5d4yxvjf22e,2025-11-11T03:15:33.998355+00:00
"In fact it is Alberta and Ontario's problem that they have afflicted the rest of Canada with , and is theirs's to solve .

#Cdnpoli #Onpoli #Abpoli",pat112.bsky.social,2025-11-11T02:52:38.791Z,at://did:plc:deej5pakczvmljahhvrridlp/app.bsky.feed.post/3m5d4yuhhvk2g,2025-11-11T03:15:33.998356+00:00
"My Husband Told The Sheriff To Report Me To ICE

I was American only when it was convenient for him. He kept me undocumented, then used it against me

Lydia, emigrated from Canada to the United States with her 2 young children and married Keith, a U.S. citizen, in 2019
www.thecut.com/article/husb...",progressive-witch.bsky.social,2025-11-11T02:52:25.342Z,at://did:plc:vkh3khelsbuxjdapqpbi72qr/app.bsky.feed.post/3m5d4yhn5zc24,2025-11-11T03:15:33.998358+00:00
"The Seal Island #Lighthouse Preservation Society (SILPS) in #NovaScotia, #Canada, has renewed its campaign to rally support for the renovation of the endangered 1831 lighthouse.",pharology.bsky.social,2025-11-11T02:52:21.129Z,at://did:plc:frcbpxloz7g7w33x7hrfghq5/app.bsky.feed.post/3m5d4ydmkrs2e,2025-11-11T03:15:33.998360+00:00
"We know what a Trump trade deal looks like and it’s worse than you think

In a recent opinion piece in the Globe and Mail, columnist Andrew Coyne argued that when Canada must choose between a bad trade deal and no deal at all, the only good move is “not to play.”  We have now seen the details of…",megapickz.bsky.social,2025-11-11T02:52:21Z,at://did:plc:sa2zhpp5vgznbrdn3hxcvg6s/app.bsky.feed.post/3m5d4yfcc572r,2025-11-11T03:15:33.998362+00:00
The way i meet yet another swiss guy studying here (well he grew up in canada this time). Again another hottie and HE asked for my number. Prob straight tho://,alex-woods.bsky.social,2025-11-11T02:51:49.163Z,at://did:plc:kgjekc5676s2mcmi2thzqlmw/app.bsky.feed.post/3m5d4xf4yz226,2025-11-11T03:15:33.998364+00:00
"Never jerk off alone again

https://sway.my/jerkmate

#ass #porn #pussy #dating #onlyfans #fansly #thick #anal #naughty #nudes #boobs #fuck #sex #naked #photography #today #bigboobs #nsfw #tease #nsfwbluesky #goonsky #onlyfans #canada #nyc #wet #squirt #cum #body #skinny #horny #thick",erosome.bsky.social,2025-11-11T02:51:41.394583+00:00,at://did:plc:c2vrjz6bqaqtwh46qtg6ibsl/app.bsky.feed.post/3m5d4x6oimx26,2025-11-11T03:15:33.998366+00:00
"You are welcome, Canada.  

If you get Pertussis and bubonic plague, you can double your winnings.",jeffreythomson.bsky.social,2025-11-11T02:51:01.211Z,at://did:plc:mtdy2i2qre2iurvbpwzy7all/app.bsky.feed.post/3m5d4vxflvs2v,2025-11-11T03:15:33.998367+00:00
"Awesome, Canada. Just really, really great work. 🙄",morgengwn.bsky.social,2025-11-11T02:51:01.196Z,at://did:plc:kkxytwdxp7rdj6dba55u2aob/app.bsky.feed.post/3m5d4vxfb622b,2025-11-11T03:15:33.998369+00:00
Canada has a very different constitional system then the U.S.  We are discovering how bad the Presidential system is.,sherpacato.bsky.social,2025-11-11T02:50:50.643Z,at://did:plc:tuhdmanvbfigcagmwapcvvex/app.bsky.feed.post/3m5d4vnd3ls2v,2025-11-11T03:15:33.998371+00:00
"Meet your next online gf

https://sway.my/LiveCam

#ass #porn #pussy #dating #onlyfans #fansly #thick #anal #naughty #nudes #boobs #fuck #sex #naked #photography #today #bigboobs #nsfw #tease #nsfwbluesky #goonsky #onlyfans #canada #nyc #wet #squirt #cum #body #skinny #horny #thick",erosome.bsky.social,2025-11-12T03:14:01.066472+00:00,at://did:plc:c2vrjz6bqaqtwh46qtg6ibsl/app.bsky.feed.post/3m5foo2bqai26,2025-11-12T03:14:18.075510+00:00
"Join Jerkmate and have the best sex chat

https://sway.my/jerkmate

#ass #porn #pussy #dating #onlyfans #fansly #thick #anal #naughty #nudes #boobs #fuck #sex #naked #photography #today #bigboobs #nsfw #tease #nsfwbluesky #goonsky #onlyfans #canada #nyc #wet #squirt #cum #body #skinny #horny #thick",erosome.bsky.social,2025-11-12T03:12:53.759245+00:00,at://did:plc:c2vrjz6bqaqtwh46qtg6ibsl/app.bsky.feed.post/3m5fom23a3y26,2025-11-12T03:14:18.075529+00:00
dynamic canada…,djisreal.bsky.social,2025-11-12T03:12:51.829Z,at://did:plc:eyigrwzlept4sxsdc7sqfhx3/app.bsky.feed.post/3m5folwr7d224,2025-11-12T03:14:18.075533+00:00
"
#Canada   #immigration",toppnews.bsky.social,2025-11-12T03:12:39.548104+00:00,at://did:plc:mhqnbglrgmwiuz3kgexbi7uf/app.bsky.feed.post/3m5foll7eu22t,2025-11-12T03:14:18.075537+00:00
"Minister Anand meets with United Kingdom’s Secretary of State

https://www.newsbeep.com/uk/257936/

November 11, 2025 – Oakville, Ontario – Global Affairs Canada The Honourable Anita Anand, Minister of Foreign Affairs,…",uk-nb.bsky.social,2025-11-12T03:12:34+00:00,at://did:plc:6w7425hsc4mjjkte2mbsxdhw/app.bsky.feed.post/3m5foljleqg2n,2025-11-12T03:14:18.075541+00:00
"Lake Louise, Alberta, Canada.",valueofvoting.bsky.social,2025-11-12T03:12:29.723Z,at://did:plc:vjk66vn5r2b73y3tvkdbyyvk/app.bsky.feed.post/3m5folbpths2d,2025-11-12T03:14:18.075545+00:00
"Current mood: magpie in spring. 😤🐦

#australia #usa #canada #sydney #melbourne #uk #travel #love #queensland #photography #nature",lynnsyrup.bsky.social,2025-11-12T03:12:14.197Z,at://did:plc:xutotupvyr2iodwwr5pxae2w/app.bsky.feed.post/3m5foksuscc2n,2025-11-12T03:14:18.075547+00:00
"What Canada is doing to you?
 Buddy, this is simply the Law of Unintended Consequences coming a'calling for all the climate action you've been pretending doesn't exist.
Why do you think it looks like a finger pointing to to problem. Mar a lardo",resilientboomer.bsky.social,2025-11-12T03:12:06.070Z,at://did:plc:jfdznvnskp3rcyzic5egwb7k/app.bsky.feed.post/3m5fokl4sqs2l,2025-11-12T03:14:18.075550+00:00
"Do I need a #canada civics course refresher?
I thought our Constitution did not refer to Parties but rather Confidence
If the elected MP offers their position of Confidence is that “floor crossing”?",rochbourassa.bsky.social,2025-11-12T03:11:53.109Z,at://did:plc:vatvftpuqdhos7rc4jkg3pbs/app.bsky.feed.post/3m5fok6rakc2m,2025-11-12T03:14:18.075552+00:00
"Tofino, Vancouver Island, British Columbia, Canada 🇨🇦",lucagalletti.bsky.social,2025-11-12T03:11:27.166Z,at://did:plc:bfsv7y5se2pppzza3qbmilsh/app.bsky.feed.post/3m5fojfzjlk2h,2025-11-12T03:14:18.075554+00:00
"Is anyone actually happy about any of this? How does cutting tax programs “save” the @governmentofcanada.bsky.social money? Taxes are *how* our government “makes money”. Not to mention gutting our Climate & Social/Employment programs by *billions* that will harm us.

www.cbc.ca/news/canada/...",lyndsclark.bsky.social,2025-11-12T03:11:19.566Z,at://did:plc:3nptr4mfuojgwecsxcdolvqj/app.bsky.feed.post/3m5foj6rmos2y,2025-11-12T03:14:18.075556+00:00
Looks like I need to get to Canada asap 🥺,thetirednurse.bsky.social,2025-11-12T03:11:11.716Z,at://did:plc:pinli3hjf547jo6pucuro6is/app.bsky.feed.post/3m5foixbyps2s,2025-11-12T03:14:18.075558+00:00
"Possible Kp9 within the hour. Canada and Alaska, if that happens, you may hear the lights ""sing"".  Yep. Vibrates atmosphere so much, sky sings. Very rare. #NorthernLights",vegassteve702.bsky.social,2025-11-12T03:11:00.635Z,at://did:plc:tiypzsxt5uwyb2bs4pdim7hm/app.bsky.feed.post/3m5foimqa4s25,2025-11-12T03:14:18.075560+00:00
"Watch free porn cams with hot models

https://sway.my/jerkmate

#ass #porn #pussy #dating #onlyfans #fansly #thick #anal #naughty #nudes #boobs #fuck #sex #naked #photography #today #bigboobs #nsfw #tease #nsfwbluesky #goonsky #onlyfans #canada #nyc #wet #squirt #cum #body #skinny #horny #thick",erosome.bsky.social,2025-11-12T03:10:33.503643+00:00,at://did:plc:c2vrjz6bqaqtwh46qtg6ibsl/app.bsky.feed.post/3m5fohuc4ak2q,2025-11-12T03:14:18.075562+00:00
"This is exactly it in America, in Canada & in UK. What the fuck are people meant to do with this level of constant corruption & violence all the time non stop. And just watching people who can make a difference & help just throw gasoline on the fire.",angelamcewen.bsky.social,2025-11-12T03:09:59.355Z,at://did:plc:xyd6rnb2s3bztytz7yyg5w43/app.bsky.feed.post/3m5fogsbqns2r,2025-11-12T03:14:18.075564+00:00
"Never jerk off alone again

https://sway.my/jerkmate

#ass #porn #pussy #dating #onlyfans #fansly #thick #anal #naughty #nudes #boobs #fuck #sex #naked #photography #today #bigboobs #nsfw #tease #nsfwbluesky #goonsky #onlyfans #canada #nyc #wet #squirt #cum #body #skinny #horny #thick",erosome.bsky.social,2025-11-12T03:09:27.134458+00:00,at://did:plc:c2vrjz6bqaqtwh46qtg6ibsl/app.bsky.feed.post/3m5fofuyzm42g,2025-11-12T03:14:18.075569+00:00
Just a heads up we're having a bit of technical difficulties with our shipping plugin on the website....... we've managed to get it working again but there just isn't our usual freeship option within Canada (idk why apparently that's been the hardest thing to just Offer on our back-end),windywallflower.bsky.social,2025-11-12T03:08:52.842Z,at://did:plc:u2frdq6maujfqmlrxthnybyv/app.bsky.feed.post/3m5foestvlc2q,2025-11-12T03:14:18.075571+00:00
"Thanks Monica for the great groups of veterans this evening, #LestWeForget 💙 #usa❤️ #canada

On this Remembrance Day, let us honour their sacrifice:

“Remember those that went away never to return, and those that served who came home never to be the same again. Today we remember.” Lest we forget.",asytsema.bsky.social,2025-11-12T03:08:39.543Z,at://did:plc:vxrgewbtpz7qkupi5ufy77qq/app.bsky.feed.post/3m5foeg6b4c2u,2025-11-12T03:14:18.075574+00:00
"I unfortunately cannot do this myself as I do not and have never lived in Canada, but If you are a Canadian resident who has been denied art services on the Canada based Vgen platform because you are lgbt you may want to consider filing a formal complaint:

www.canada.ca/en/canadian-...",bacchusvtuber.bsky.social,2025-11-12T03:08:26.794Z,at://did:plc:hdiiwxynrxg5lshtp73n4a6d/app.bsky.feed.post/3m5fodzyz2k22,2025-11-12T03:14:18.075576+00:00
"Oh shit, one of the Traitors Canada S1 contestants was kicked out because he broke a rule. 

Most popular theory seems to be that he had snuck a phone in.",motoridersd.pug.ninja,2025-11-12T03:08:10.047Z,at://did:plc:5zyar2ktra2fprxj4nnhii4z/app.bsky.feed.post/3m5fodjzwks2l,2025-11-12T03:14:18.075578+00:00
"1917. In Canada, we lost an entire generation 1914 to 1918. Tuff watch but worth it.",hueydriver.bsky.social,2025-11-12T03:08:06.891Z,at://did:plc:dst37nmx4wzqeson5esnhtoe/app.bsky.feed.post/3m5fodgzmjs2t,2025-11-12T03:14:18.075580+00:00
"someone else mentioned school house rock as well, but the commonwealth history and language has different rules and views. i think there's also laws in canada about what american educational broadcasting is permitted, but i may be mistaken",doomprophet.bzky.team,2025-11-12T03:07:35.633Z,at://did:plc:yw5zm7fru2nupiogyrwe4tyl/app.bsky.feed.post/3m5focjapek2y,2025-11-12T03:14:18.075582+00:00
"Live cams and free porn

https://sway.my/jerkmate

#ass #porn #pussy #dating #onlyfans #fansly #thick #anal #naughty #nudes #boobs #fuck #sex #naked #photography #today #bigboobs #nsfw #tease #nsfwbluesky #goonsky #onlyfans #canada #nyc #wet #squirt #cum #body #skinny #horny #thick",erosome.bsky.social,2025-11-12T03:07:14.257635+00:00,at://did:plc:c2vrjz6bqaqtwh46qtg6ibsl/app.bsky.feed.post/3m5fobw25s22o,2025-11-12T03:14:18.075584+00:00
"Please read my profile of Jessica Guo, the first female to continuously hike the CDT and GDT in a single season, walking from the US-Mexico border into Canada!",victorianamkung.bsky.social,2025-11-12T03:06:40.129Z,at://did:plc:tgidpcszwhzns2ibm3e7wq6h/app.bsky.feed.post/3m5foaubuyk27,2025-11-12T03:14:18.075586+00:00
"Masturbate with the best sex chats

https://sway.my/LiveCam

#ass #porn #pussy #dating #onlyfans #fansly #thick #anal #naughty #nudes #boobs #fuck #sex #naked #photography #today #bigboobs #nsfw #tease #nsfwbluesky #goonsky #onlyfans #canada #nyc #wet #squirt #cum #body #skinny #horny #thick",erosome.bsky.social,2025-11-12T03:06:07.809502+00:00,at://did:plc:c2vrjz6bqaqtwh46qtg6ibsl/app.bsky.feed.post/3m5fo7ww6vu26,2025-11-12T03:14:18.075587+00:00
"Our conservative government in Alberta, Canada brought this legislation in. It is now being used against them, so they are refusing to give extra funds to Elections Alberta to process the petitions. There are quite a few currently in process. Will see how it plays out. operationtotalrecall.ca",nurseriffic.bsky.social,2025-11-12T03:05:20.676Z,at://did:plc:mymjiv2hyhtfjga7fen2z4hh/app.bsky.feed.post/3m5fo6ijb422o,2025-11-12T03:14:18.075589+00:00
"Come to Canada, where universal healthcare means never having to worry about your illnesses again. Or any other G20 country, even Argentina. At least almost never!!!!",stsuous.bsky.social,2025-11-12T03:05:12.582Z,at://did:plc:zqkez5quxz6ssv4me2woryrv/app.bsky.feed.post/3m5fo6as4vk2m,2025-11-12T03:14:18.075591+00:00
"Meet your next online gf

https://sway.my/LiveCam

#ass #porn #pussy #dating #onlyfans #fansly #thick #anal #naughty #nudes #boobs #fuck #sex #naked #photography #today #bigboobs #nsfw #tease #nsfwbluesky #goonsky #onlyfans #canada #nyc #wet #squirt #cum #body #skinny #horny #thick",erosome.bsky.social,2025-11-12T03:05:00.478384+00:00,at://did:plc:c2vrjz6bqaqtwh46qtg6ibsl/app.bsky.feed.post/3m5fo5wpf7k2q,2025-11-12T03:14:18.075593+00:00
"
#Canada   #ceasefire   #G7   #Gaza   #trade disputes   #Trump   #Convicted sex offender ⛬   #Ukraine   #SlavaUkraini 🔱 🌻 💪🏼   #United States   #war",toppnews.bsky.social,2025-11-12T03:04:57.588858+00:00,at://did:plc:mhqnbglrgmwiuz3kgexbi7uf/app.bsky.feed.post/3m5fo5sn7fg2r,2025-11-12T03:14:18.075595+00:00
"
#Canada   #France   #G7   #global security   #Military   #Regional instability   #US military",toppnews.bsky.social,2025-11-12T03:04:37.847647+00:00,at://did:plc:mhqnbglrgmwiuz3kgexbi7uf/app.bsky.feed.post/3m5fo57ss7w2l,2025-11-12T03:14:18.075597+00:00
Getting audited by Revenue Canada,savannahcat.bsky.social,2025-11-12T03:04:24.295Z,at://did:plc:jozq6o752fnxptveph4d3zs3/app.bsky.feed.post/3m5fo4sqink2f,2025-11-12T03:14:18.075598+00:00
"Join Jerkmate and have the best sex chat

https://sway.my/jerkmate

#ass #porn #pussy #dating #onlyfans #fansly #thick #anal #naughty #nudes #boobs #fuck #sex #naked #photography #today #bigboobs #nsfw #tease #nsfwbluesky #goonsky #onlyfans #canada #nyc #wet #squirt #cum #body #skinny #horny #thick",erosome.bsky.social,2025-11-12T03:03:54.080491+00:00,at://did:plc:c2vrjz6bqaqtwh46qtg6ibsl/app.bsky.feed.post/3m5fo3xfslq2r,2025-11-12T03:14:18.075600+00:00
"I mean the 5 best players in the NBA right now are:
Canada
Serbia
Serbia
Greece
France

Then you only get three more?!",youngweather.bsky.social,2025-11-12T03:03:34.621Z,at://did:plc:zvphv53l5ly2ezqfizuyg47x/app.bsky.feed.post/3m5fo3deluc2d,2025-11-12T03:14:18.075602+00:00
"Yeah that was it. Up until that point I was convinced that Canada was immune to American predilections (I was in my late 30's when I learned the history)

To clarify, my mom's folks were living in the Toronto region for millennia and they always spoke kindly of the bikers.",thejoekelly.bsky.social,2025-11-12T03:03:33.586Z,at://did:plc:oxpdbm5mhkuffceinveelnns/app.bsky.feed.post/3m5fo3cez4k2v,2025-11-12T03:14:18.075604+00:00
As seen in Canada 🇨🇦,semisophrosyne.bsky.social,2025-11-12T03:03:20.857Z,at://did:plc:oza4rvd3sdglvsmvnm7hhy56/app.bsky.feed.post/3m5fo2waji22g,2025-11-12T03:14:18.075606+00:00
"Remembrance Day Ceremonies At Place du Canada Montreal Tuesday November 11th 2025 During Snowstorm

Almost 18 minutes of UNedited RAW video.

#RemembranceDay #RemembranceDay2025 #CanadaRemembers #RememberThem #LestWeForget #MontrealMoments #MTLmoments ‪#ArmisticeDay
 
www.youtube.com/watch?v=2Yas...",robinedgar59.bsky.social,2025-11-12T03:03:20.127Z,at://did:plc:2p7sqa6qmhcjzxyonaiwtwo4/app.bsky.feed.post/3m5fo2vkalk2e,2025-11-12T03:14:18.075607+00:00
"Ottawa tinkers with veterans' disability benefits as former soldiers prepare for a fight

The federal budget proposes to change how veterans' disability pensions are indexed — something advocates say could cost individuals thousands of dollars in los...

#cbc #cbc-top-stories #Canada ",scrubfire84.bsky.social,2025-11-12T03:03:14.848452+00:00,at://did:plc:bnk5d72upa2mfzwglo6ynbs3/app.bsky.feed.post/3m5fo2qkvqm2r,2025-11-12T03:14:18.075609+00:00
"Argh, nothing but clouds over our spot in Toronto right now. 

(Screencap from Aurora Pro app on iOS.)",flyingtrilobite.com,2025-11-12T03:02:48.197Z,at://did:plc:4vjdrhro4bxoawbyjgixesij/app.bsky.feed.post/3m5fnzx4dkc2x,2025-11-12T03:14:18.075611+00:00
"Commentaire d'un immigrant de l'Inde, vu sur YT, le bonheur de travailler de 9h à 5h est sous-estimé au Canada....

Ça en dit quand même long sur les inégalités de notre monde.",mlleverob.bsky.social,2025-11-12T03:01:36.813Z,at://did:plc:lt5hap5t5ttsizb75q5mdgao/app.bsky.feed.post/3m5fnxszdz227,2025-11-12T03:14:18.075613+00:00
"Watch free porn cams with hot models

https://sway.my/jerkmate

#ass #porn #pussy #dating #onlyfans #fansly #thick #anal #naughty #nudes #boobs #fuck #sex #naked #photography #today #bigboobs #nsfw #tease #nsfwbluesky #goonsky #onlyfans #canada #nyc #wet #squirt #cum #body #skinny #horny #thick",erosome.bsky.social,2025-11-12T03:01:36.577136+00:00,at://did:plc:c2vrjz6bqaqtwh46qtg6ibsl/app.bsky.feed.post/3m5fnxuavue26,2025-11-12T03:14:18.075615+00:00
"Source

#Canada",canada-cambot.bsky.social,2025-11-12T03:01:16Z,at://did:plc:kdmhcb4wmrqzqg6hn2ps55t4/app.bsky.feed.post/3m5fnxbmplk22,2025-11-12T03:14:18.075616+00:00
Carney says Canada First because Canada can actually deliver!  youtu.be/nDAVCImwjxw?...,brianmckinley754.bsky.social,2025-11-12T03:01:02.830Z,at://did:plc:hybvfiyjma5cgfexjlrq2ciu/app.bsky.feed.post/3m5fnwsmchk2c,2025-11-12T03:14:18.075618+00:00
"Join hands across Canada with the YMHC Heart to Heart Campaign!

The Heart-to-Heart Campaign unites communities in supporting students' mental health. Every handmade heart strengthens this national movement.

To Send or Request Hearts: ymhc.me/hearts

#HearttoHeart #HearttoHeartCampaign #SewingHope",ymhc.ngo,2025-11-12T03:00:35.057Z,at://did:plc:6fi66zf3lndfxnzluajjymdz/app.bsky.feed.post/3m5fnvy6izu2v,2025-11-12T03:14:18.075620+00:00
"Bonjour, c'est l'ingénieur Benson du Canada. Voici mon numéro WhatsApp : +1 672 275 4264",ifidelis6.bsky.social,2025-11-12T03:00:29.444Z,at://did:plc:h3dvvvwemozmtq62ww7kyynj/app.bsky.feed.post/3m5fnvsrivk2l,2025-11-12T03:14:18.075622+00:00
"Never jerk off alone again

https://sway.my/jerkmate

#ass #porn #pussy #dating #onlyfans #fansly #thick #anal #naughty #nudes #boobs #fuck #sex #naked #photography #today #bigboobs #nsfw #tease #nsfwbluesky #goonsky #onlyfans #canada #nyc #wet #squirt #cum #body #skinny #horny #thick",erosome.bsky.social,2025-11-12T03:00:25.797117+00:00,at://did:plc:c2vrjz6bqaqtwh46qtg6ibsl/app.bsky.feed.post/3m5fnvqqo5c2q,2025-11-12T03:14:18.075624+00:00
"World Wildlife Fund Canada (WWF-Canada) has put the snowy owl front and centre for its 2025 Living Planet Report, which highlights a significant, worrisome decline for the species and other monitored vertebrae populations in the country from 1970 to 2022.
https://ow.ly/r8qf50Xqirb",weathernetwork.bsky.social,2025-11-12T03:00:22.016725424Z,at://did:plc:ijowi267hvsjdycy6xvdj63b/app.bsky.feed.post/3m5fnvmv6lq2q,2025-11-12T03:14:18.075626+00:00
"United States, Germany, Canada and France Lead Surge in Travel to Italy as Airlines and Hotels Gear Up for Milano Cortina 2026 Winter Games

https://www.europesays.com/2563228/

Home » Latest Travel News » United States, Germany, Canada and France Lead Surge in Travel to Italy…",europesays.bsky.social,2025-11-12T03:00:13+00:00,at://did:plc:msian4dqa2rqalf3biilnf3m/app.bsky.feed.post/3m5fnvgy7lu2x,2025-11-12T03:14:18.075628+00:00
"Now Playing on KB Radio   by KB Radio is CKKB London, Ontario Canada    https://www.kbradio.online  #kbradio #KB917 #indiemusic",kb-radio.bsky.social,2025-11-12T03:00:10+00:00,at://did:plc:y7vteewsgfphs36twd2cibvl/app.bsky.feed.post/3m5fnvb7he52g,2025-11-12T03:14:18.075629+00:00
"The Empress rewards obedience… and punishes hesitation

#findom #moneykink #bdsm #fetish #yyc #simp #mommy #Canada #discord #finsub #gamersub #kink #femdom #humanatm #yeg #empress #bbw #femsub #MILF #canadianfindom #realnsfw #femelite https://throne.com/calistathorne/wishlist",empresscalista.bsky.social,2025-11-12T03:00:08.978Z,at://did:plc:vxcbk4naudmesuvyvrreryfo/app.bsky.feed.post/3m5fnvaqfh62s,2025-11-12T03:14:18.075631+00:00
i just live in canada and wouldn't be able to wear these until like late spring,robotranny.soy,2025-11-12T03:00:00.460Z,at://did:plc:5a2icl43rtftn75x7pr7qagu/app.bsky.feed.post/3m5fnux4wb22d,2025-11-12T03:14:18.075633+00:00
"Just some info, as I see people trying to credit Mitt Romney and the Heritage Foundation for the ideas in the ACA. Ted Kennedy was making trips to Canada in the 70's to study the healthcare system.",anita72.bsky.social,2025-11-12T02:59:56.967Z,at://did:plc:thyvqihacq43gfarxyp4lboj/app.bsky.feed.post/3m5fnutsiyc2k,2025-11-12T03:14:18.075635+00:00
"Free porn and sex cams

https://sway.my/jerkmate

#ass #porn #pussy #dating #onlyfans #fansly #thick #anal #naughty #nudes #boobs #fuck #sex #naked #photography #today #bigboobs #nsfw #tease #nsfwbluesky #goonsky #onlyfans #canada #nyc #wet #squirt #cum #body #skinny #horny #thick",erosome.bsky.social,2025-11-12T02:59:19.566705+00:00,at://did:plc:c2vrjz6bqaqtwh46qtg6ibsl/app.bsky.feed.post/3m5fntrdii22q,2025-11-12T03:14:18.075637+00:00
Agreed!! (Including big brother canada back lol),ralyssa11.bsky.social,2025-11-12T02:59:18.082Z,at://did:plc:ni5nivhzahguapw4liry4u4f/app.bsky.feed.post/3m5fntopmjc24,2025-11-12T03:14:18.075639+00:00
"Dementia is not a pleasant place.

Canada 🇨🇦 strong",anthonykawalski.bsky.social,2025-11-12T02:59:17.345Z,at://did:plc:ekq4kx6uaesayb753rllqjcw/app.bsky.feed.post/3m5fntnz5rc24,2025-11-12T03:14:18.075641+00:00
"G4 geomagnetic storm hitting the US right now.  Apparently it's strong enough that they're getting #aurora activity in Texas.

And it's 100% overcast in my area.",ayotocorp.bsky.social,2025-11-12T02:58:26.691Z,at://did:plc:v25vijuuwa3exyzsblq43sem/app.bsky.feed.post/3m5fns5pcxs2k,2025-11-12T03:14:18.075643+00:00
"Live cams and free porn

https://sway.my/jerkmate

#ass #porn #pussy #dating #onlyfans #fansly #thick #anal #naughty #nudes #boobs #fuck #sex #naked #photography #today #bigboobs #nsfw #tease #nsfwbluesky #goonsky #onlyfans #canada #nyc #wet #squirt #cum #body #skinny #horny #thick",erosome.bsky.social,2025-11-12T02:58:12.997323+00:00,at://did:plc:c2vrjz6bqaqtwh46qtg6ibsl/app.bsky.feed.post/3m5fnrs3zl22o,2025-11-12T03:14:18.075644+00:00
I still don't know how many 711 stores I have been in but this was Canada? No wonder I never saw it.,unknownneo.bsky.social,2025-11-12T02:57:38.935Z,at://did:plc:t5ywry327z5yyypzig7baz4j/app.bsky.feed.post/3m5fnqq5vbk2n,2025-11-12T03:14:18.075646+00:00
"Found out today that the word ""parkade"" is just a Canadian term. It's what we call a parking garage. I know there are lots of Canadianisms (like ""double double"") but was surprised about ""parkade"".

Any other Canadian terms you've been surprised to learn are just used in Canada?",outsetgames.bsky.social,2025-11-12T02:57:15.280Z,at://did:plc:lphctdo6clzovq2urgectjg7/app.bsky.feed.post/3m5fnpzlyos2d,2025-11-12T03:14:18.075648+00:00
"Fitting northern lights for Remembrance Day in Canada.

https://www.ufofeed.com/168405/fitting-northern-lights-for-remembrance-day-in-canada/

Fitting northern lights for Remembrance Day in Canada. by Rogue-05",ufofeed.bsky.social,2025-11-12T02:57:10+00:00,at://did:plc:ybqkf2mtfbwx3qhga63mttja/app.bsky.feed.post/3m5fnpxglhc2q,2025-11-12T03:14:18.075650+00:00
"Masturbate with the best sex chats

https://sway.my/LiveCam

#ass #porn #pussy #dating #onlyfans #fansly #thick #anal #naughty #nudes #boobs #fuck #sex #naked #photography #today #bigboobs #nsfw #tease #nsfwbluesky #goonsky #onlyfans #canada #nyc #wet #squirt #cum #body #skinny #horny #thick",erosome.bsky.social,2025-11-12T02:57:06.397773+00:00,at://did:plc:c2vrjz6bqaqtwh46qtg6ibsl/app.bsky.feed.post/3m5fnpslhgz2d,2025-11-12T03:14:18.075651+00:00
Today's passive aggressive text from hubby.,redjane67.bsky.social,2025-11-12T02:56:20.731Z,at://did:plc:2dogdwj2tprs3jthmau2yjt3/app.bsky.feed.post/3m5fnoflizc2f,2025-11-12T03:14:18.075653+00:00
"« Le Canada n’est pas en voie de devenir un cancre climatique : il n’a jamais cessé de l’être. […] Malgré la rhétorique canadienne dans la dernière décennie, le Canada a continué à subventionner massivement l’industrie pétrolière et gazière à hauteur de milliards de dollars. »",manupatola.bsky.social,2025-11-12T02:56:05.981Z,at://did:plc:rw7k4mhfcfzsnpevbf6p5guz/app.bsky.feed.post/3m5fnnxj6uc23,2025-11-12T03:14:18.075655+00:00
"I spent $85 on a camping chair from Canada.
Got billed $55 for the Tariff from UPS.
I paid the tariff, not Canadian manufacturer, not the US government, not the shipper. Me.",impulse-buyer.bsky.social,2025-11-12T02:55:45.955Z,at://did:plc:txiunev42qvh2rxkumz7f3sw/app.bsky.feed.post/3m5fnnefzak2t,2025-11-12T03:14:18.075657+00:00
Gee sounds like Canada. You'd think being just a border apart the US would pick up on how Universal Healthcare benefits everyone.,pj-jones.bsky.social,2025-11-12T02:55:39.943Z,at://did:plc:qletxmr55lxofe6lfhvdyg3b/app.bsky.feed.post/3m5fnn6ok5k2u,2025-11-12T03:14:18.075658+00:00
"Canada, Japan, UK

I’m not saying USA will lose reserve currency status. I’m just saying that no one wants to put eggs all in one basket with a debtor who has inflated away its debt obligations multiple times and also has arbitrary trade sanctions",banking-01.bsky.social,2025-11-12T02:55:33.122Z,at://did:plc:6tmwyaqko6ivhgbv3r7hkk4x/app.bsky.feed.post/3m5fnmy6ezc2l,2025-11-12T03:14:18.075660+00:00
"i'm pretty sure this is a war crime in canada, and not the ""geneva checklist"" kind but the ""get the firing squad"" kind.",xylaria.vg,2025-11-12T02:54:45.594Z,at://did:plc:sh4bxqvvnpzcyp2lkjhcz3od/app.bsky.feed.post/3m5fnlktwxc26,2025-11-12T03:14:18.075662+00:00
"Aurora Rabbit enjoying the northern lights in Alberta, Canada tonight. Get your bestie to share these breathtaking moments together.

Available on the Plushie Dreadfuls store ⭐️",plushiedreadfuls.bsky.social,2025-11-12T02:54:18.161Z,at://did:plc:jymq7u67cwefz42mvt2gqche/app.bsky.feed.post/3m5fnkqotts2q,2025-11-12T03:14:18.075666+00:00
"The Traitors Canada has injected so many fun twists and turns into this season and we are only on Episode 4.
I'm loving the originality and the willingness to try something new.
This has been such a fun season so far.🙌

#TheTraitorsCanada",pooyaism.bsky.social,2025-11-12T02:54:02.171Z,at://did:plc:jdmygdapbt3hezksbyuglckm/app.bsky.feed.post/3m5fnkbgrok2t,2025-11-12T03:14:18.075667+00:00
"California have an economy comparable to that of India, and New York's is approximately the same as Canada!",footballlibrettist.bsky.social,2025-11-12T02:53:32.240Z,at://did:plc:zgwypjud5u4qss3dubzpphmi/app.bsky.feed.post/3m5fnjevf622g,2025-11-12T03:14:18.075669+00:00
"Even if we had a shutdown, we wouldn't have a president who would go out of the way to STARVE people to get their own way.

We wouldn't have had the tariff issue.

We wouldn't have alienated so many of our allies like Canada, Greenland, and much of Europe.

We wouldn't have a destroyed East Wing.",sarabandethemage.bsky.social,2025-11-12T02:53:12.736Z,at://did:plc:5o6qfn5uioxgg3fedn6rauuq/app.bsky.feed.post/3m5fnisc5cs2s,2025-11-12T03:14:18.075671+00:00
Benvenuti e godetevi la piacevole e bella vista in Drummondville · Quebec · Canada. Mappa di Sorveglianza. · #SurveillanceMap #Travel #World #Discover #Webcam,survmaporg.bsky.social,2025-11-12T02:52:58Z,at://did:plc:hynot7xojksl6qybeiflk2ib/app.bsky.feed.post/3m5fnif7b6r2u,2025-11-12T03:14:18.075673+00:00
I wonder if they sell it in Canada! I never had it before 🤔,seariathesiren.bsky.social,2025-11-12T02:52:49.245Z,at://did:plc:vve5ubibbcipbd6oq57yopco/app.bsky.feed.post/3m5fni3vav222,2025-11-12T03:14:18.075674+00:00
"Watch free porn cams with hot models

https://sway.my/jerkmate

#ass #porn #pussy #dating #onlyfans #fansly #thick #anal #naughty #nudes #boobs #fuck #sex #naked #photography #today #bigboobs #nsfw #tease #nsfwbluesky #goonsky #onlyfans #canada #nyc #wet #squirt #cum #body #skinny #horny #thick",erosome.bsky.social,2025-11-12T02:52:39.647868+00:00,at://did:plc:c2vrjz6bqaqtwh46qtg6ibsl/app.bsky.feed.post/3m5fnhtxk5z2r,2025-11-12T03:14:18.075676+00:00
"This is not a day of celebration, it is  Remembrance Day in Canada. It is a day of somber reflection and thanks to those who gave so much for the freedoms we enjoy today. This is my grandfathers gravesite in a small
village in Normandy, France.",masondrm.bsky.social,2025-11-12T02:51:57.819Z,at://did:plc:i3mu2vg365bw4scrcqgtuylb/app.bsky.feed.post/3m5fngktu6k2b,2025-11-12T03:14:18.075678+00:00
"The Canada we cherish was built by the courage of those who served. Every day, the Canadian Armed Forces defend our peace, freedom, and democracy.

In schools, legions, and communities across the country, we share the responsibility to protect the peace and values their courage built.",yasirnaqvicdn.bsky.social,2025-11-12T02:51:50.137Z,at://did:plc:eywakmz4dabroc2sehjcdjri/app.bsky.feed.post/3m5fngdjqxs23,2025-11-12T03:14:18.075680+00:00
"Never jerk off alone again

https://sway.my/jerkmate

#ass #porn #pussy #dating #onlyfans #fansly #thick #anal #naughty #nudes #boobs #fuck #sex #naked #photography #today #bigboobs #nsfw #tease #nsfwbluesky #goonsky #onlyfans #canada #nyc #wet #squirt #cum #body #skinny #horny #thick",erosome.bsky.social,2025-11-12T02:51:29.621866+00:00,at://did:plc:c2vrjz6bqaqtwh46qtg6ibsl/app.bsky.feed.post/3m5fnfrgkas2o,2025-11-12T03:14:18.075681+00:00
"In early 1941 the British decided they'd better get on with upgunning the Churchill with a 6-pounder. Fletcher (in ""Mr Churchill's Tank"") outlines how some were for a cast turret and some for welded but there were doubts about a welded turret.",alliedarmour.bsky.social,2025-11-12T02:51:20.812Z,at://did:plc:ymbobuiphzdcr44soczoiubu/app.bsky.feed.post/3m5fnfhkkic2i,2025-11-12T03:14:18.075683+00:00
"Le Canada que nous chérissons a été bâti par le courage des Canadien·ne·s qui ont servi. Nos Forces armées protègent notre paix et notre liberté.

Dans les écoles, les légions et les communautés, nous avons la responsabilité de protéger les valeurs que leur courage a bâties.",yasirnaqvicdn.bsky.social,2025-11-12T02:50:59.288Z,at://did:plc:eywakmz4dabroc2sehjcdjri/app.bsky.feed.post/3m5fneszzp223,2025-11-12T03:14:18.075685+00:00
Canada also.,chachalaroo.bsky.social,2025-11-12T02:50:57.182Z,at://did:plc:pvvu2l6y5dkbv3qt55puukcq/app.bsky.feed.post/3m5fneqzfdk23,2025-11-12T03:14:18.075687+00:00
"He then spent the next 25 years serving around the world (France, Germany, Sardinia, Spain, Israel, and Cyprus. He cleared unexploded mines, artillery shells and bombs, trained soldiers and airmen in how to use and maintain weapons. He sacrificed his very life to protect Canada.",missymouse905.bsky.social,2025-11-12T02:50:49.680Z,at://did:plc:erxb4ejvkm27lqnzihezbzjp/app.bsky.feed.post/3m5fnek5ytc2j,2025-11-12T03:14:18.075688+00:00
"Canada is embarking on another twist for the franchise, love to see it! #TheTraitorsCanada",kristinarcher.bsky.social,2025-11-12T02:49:54.897Z,at://did:plc:bv67ji6v7tcpuhr25is67utp/app.bsky.feed.post/3m5fncvml622o,2025-11-12T03:14:18.075690+00:00
"@mark-carney.bsky.social will we resist this change (at great expense to taxpayers for stranded assets and uncompetitiveness), or embrace the opportunity for Canada?",lise-town.bsky.social,2025-11-12T02:49:24.952Z,at://did:plc:672jdm7aaqite2uboibpl5pd/app.bsky.feed.post/3m5fnc73lus2y,2025-11-12T03:14:18.075692+00:00
"Canada, along with all of the Americas, have lost their Measles elimination status... it was announced yesterday.   tRUMP and RFK Jr need to be gone as well, as they are 2 of the  reasons...",mapleleafrocks.bsky.social,2025-11-12T02:49:16.215Z,at://did:plc:uizus4yuttm3z3hpjvkvy6j6/app.bsky.feed.post/3m5fnbqq4qs2y,2025-11-12T03:14:18.075694+00:00
Seems like only yesterday that anti-climate people in Canada were telling us how we have to dig up all the tar sands because our emissions are irrelevant compared to China.,monnomdeguerre.bsky.social,2025-11-12T02:49:06.871Z,at://did:plc:ktsxtt5ty5bknoo6tb23gjf5/app.bsky.feed.post/3m5fnbhsxqs2i,2025-11-12T03:14:18.075696+00:00
" Lithograph Not In This Lifetime Ottawa, Canada 8/21/17 #59/300  AXL  
",paradisecityfan.bsky.social,2025-11-12T02:49:06.496635Z,at://did:plc:vzbowgvsxopeaiizo2bnpci7/app.bsky.feed.post/3m5fnbjiuk72q,2025-11-12T03:14:18.075698+00:00
"Canada recently lost its measels elimination status due to knuckleheads like these...

Sad.",inhalo123.bsky.social,2025-11-12T02:49:05.046Z,at://did:plc:euasiws7p7fqyz3lipgv7pud/app.bsky.feed.post/3m5fnbg3akc2h,2025-11-12T03:14:18.075700+00:00
"Canada and France share a lasting friendship built on history and common values. With @jnbarrot.bsky.social , we discussed Arctic security, economic cooperation, and efforts to advance peace in the Middle East.",anitaoakvilleeast.bsky.social,2025-11-12T02:48:23.354Z,at://did:plc:u33od7k5yunjbq5o42ovla5f/app.bsky.feed.post/3m5fna6d7hs2h,2025-11-12T03:14:18.075701+00:00
"Took this one on Nov 5th. Wish I had a telescopic lens, coz holy shit 🌌💚",leals3.bsky.social,2025-11-12T02:48:17.679Z,at://did:plc:e4x6xox5mccwm2g5vidlbhvh/app.bsky.feed.post/3m5fna5drmc2n,2025-11-12T03:14:18.075703+00:00
"Manitoba, Canada, just now! 🤩 #AuroraBorealis (""at this time of year, at this time of day, in this part of the country, localised entirely within your kitchen?!"") Gone from never having seen them to twice in one week 🥹",leals3.bsky.social,2025-11-12T02:48:17.678Z,at://did:plc:e4x6xox5mccwm2g5vidlbhvh/app.bsky.feed.post/3m5fn7yz53k2n,2025-11-12T03:14:18.075705+00:00
"Masturbate with the best sex chats

https://sway.my/LiveCam

#ass #porn #pussy #dating #onlyfans #fansly #thick #anal #naughty #nudes #boobs #fuck #sex #naked #photography #today #bigboobs #nsfw #tease #nsfwbluesky #goonsky #onlyfans #canada #nyc #wet #squirt #cum #body #skinny #horny #thick",erosome.bsky.social,2025-11-12T02:48:03.371940+00:00,at://did:plc:c2vrjz6bqaqtwh46qtg6ibsl/app.bsky.feed.post/3m5fn7mpjrz2u,2025-11-12T03:14:18.075707+00:00
"We also need to look at other countries systems. Like Canada, when their government has a deadlock, they have a vote for new reps who'll do their damn jobs.",weedmumrotundus.bsky.social,2025-11-12T02:47:52.714Z,at://did:plc:ttgiw3qdh2knydh4b2bxtnvq/app.bsky.feed.post/3m5fn7b3ttc2l,2025-11-12T03:14:18.075709+00:00
"Ya, riches province in Canada ... onIy because we are too cheap to actually provide any services?",rinrat86.bsky.social,2025-11-12T02:47:34.231Z,at://did:plc:yrakdvsnr6e53qqwfucy7wo7/app.bsky.feed.post/3m5fn6phrzk2k,2025-11-12T03:14:18.075711+00:00
"""Everyone has the maple leaf tattooed on their hearts""-Minister for Industry Jolie  This is a generational change: Canada no longer builds for someone else's future.  Carry on Carney!  youtu.be/I3PmuBMlaww?...",brianmckinley754.bsky.social,2025-11-12T02:47:27.072Z,at://did:plc:hybvfiyjma5cgfexjlrq2ciu/app.bsky.feed.post/3m5fn6inds22c,2025-11-12T03:14:18.075713+00:00
"Le Canada et la France partagent une amitié durable fondée sur l’histoire et des valeurs communes. Avec @jnbarrot.bsky.social , nous avons discuté de sécurité dans l’Arctique, de coopération économique et des efforts pour la paix au Moyen-Orient.",anitaoakvilleeast.bsky.social,2025-11-12T02:47:25.573Z,at://did:plc:u33od7k5yunjbq5o42ovla5f/app.bsky.feed.post/3m5fn6ha2l22h,2025-11-12T03:14:18.075715+00:00
I recommend Daniel Dale. He's the fastest fact-checker in the US. Canada needs him back.,anita72.bsky.social,2025-11-12T02:47:09.343Z,at://did:plc:thyvqihacq43gfarxyp4lboj/app.bsky.feed.post/3m5fn5xqccs2c,2025-11-12T03:14:18.075717+00:00
"Source

#Canada",canada-cambot.bsky.social,2025-11-12T02:46:58Z,at://did:plc:kdmhcb4wmrqzqg6hn2ps55t4/app.bsky.feed.post/3m5fn5q36il27,2025-11-12T03:14:18.075718+00:00
"Meet your next online gf

https://sway.my/LiveCam

#ass #porn #pussy #dating #onlyfans #fansly #thick #anal #naughty #nudes #boobs #fuck #sex #naked #photography #today #bigboobs #nsfw #tease #nsfwbluesky #goonsky #onlyfans #canada #nyc #wet #squirt #cum #body #skinny #horny #thick",erosome.bsky.social,2025-11-12T02:46:57.027614+00:00,at://did:plc:c2vrjz6bqaqtwh46qtg6ibsl/app.bsky.feed.post/3m5fn5ngxos2o,2025-11-12T03:14:18.075720+00:00
"I like your style! Let us know. We joke about moving there at the dinner table. If Canada made it any easier to immigrate, we probably would. Or at least consider it. I think you need a job lined up at the very minimum.",anonemus13.bsky.social,2025-11-12T02:46:41.771Z,at://did:plc:e5cppkjnnoakenq5oasrdv6z/app.bsky.feed.post/3m5fn55gujs2z,2025-11-12T03:14:18.075722+00:00
"Join Jerkmate and have the best sex chat

https://sway.my/jerkmate

#ass #porn #pussy #dating #onlyfans #fansly #thick #anal #naughty #nudes #boobs #fuck #sex #naked #photography #today #bigboobs #nsfw #tease #nsfwbluesky #goonsky #onlyfans #canada #nyc #wet #squirt #cum #body #skinny #horny #thick",erosome.bsky.social,2025-11-12T02:45:50.649944+00:00,at://did:plc:c2vrjz6bqaqtwh46qtg6ibsl/app.bsky.feed.post/3m5fn3o54bq2r,2025-11-12T03:14:18.075735+00:00
"“Climate change creates 'poster child' for Canada's new wildlife report” — Yahoo News Canada

#EnvironmentalNews #ClimateChange #Climate",environmentalnews.bsky.social,2025-11-12T02:45:17.659330+00:00,at://did:plc:2vqugff4q4tm4q437vtwhu6v/app.bsky.feed.post/3m5fn2nb5yb2n,2025-11-12T03:14:18.075737+00:00
"Hey Calgary Climate Hub, stop trying to help DonOLD and his trade war on Canada. That is, unless you really want to see Canada as the 51st state. FYI, you may want to look at how America, under DonOLD is dealing with climate change.

Canada is a resource rich country, it exports product, or it dies.",uncle-anonymous.bsky.social,2025-11-13T03:16:27.995Z,at://did:plc:yyebyyrzlt46ztbjkazosieb/app.bsky.feed.post/3m5i7bceswk2r,2025-11-13T03:16:44.168623+00:00
"Watch my free cam shows here

https://sway.my/Anna

#ass #porn #pussy #dating #onlyfans #fansly #thick #anal #naughty #nudes #boobs #fuck #sex #naked #photography #today #bigboobs #nsfw #tease #nsfwbluesky #goonsky #onlyfans #canada #nyc #wet #squirt #cum #body #skinny #horny #thick",annayourgf.bsky.social,2025-11-13T03:15:54.044233+00:00,at://did:plc:znls5u2546qanexftoxul5xo/app.bsky.feed.post/3m5i7abvcfp2s,2025-11-13T03:16:44.168634+00:00
It looks like Canada is backing away from that ban.  It signed a big letter of understanding with China late last month.  I believe electric car imports were one of the things discussed.,abesmith5b.bsky.social,2025-11-13T03:15:46.804Z,at://did:plc:mcji767zv32h4cbwf2ybtbyw/app.bsky.feed.post/3m5i7a33rds2h,2025-11-13T03:16:44.168637+00:00
"Meet the cam model of your dreams and jerk off with her

https://sway.my/jerkmate

#ass #porn #pussy #dating #onlyfans #fansly #thick #anal #naughty #nudes #boobs #fuck #sex #naked #photography #today #bigboobs #nsfw #tease #nsfwbluesky #goonsky #horny #thick #onlyfans #canada #nyc #wet #squirt",naughtysexy.bsky.social,2025-11-13T03:15:38.772629+00:00,at://did:plc:oh2ebejz5ccu4gkysv7r3qes/app.bsky.feed.post/3m5i77temc22i,2025-11-13T03:16:44.168639+00:00
"Here in canada, the minimum wage is over $15.50 in most of the country.",ruthnotabot.bsky.social,2025-11-13T03:15:21.213Z,at://did:plc:xkp7zw4kyheo3azr6joahnn6/app.bsky.feed.post/3m5i77cos522q,2025-11-13T03:16:44.168641+00:00
"🚀 Trending Now on BlueSky (Last 15 minutes):

#AEWDynamite #TAR38 #ParkChat #AEW #art #NSFW #FrightClub #TCMParty #BloodAndGuts #photography #DreamScenario #WrestleSky #canada #oc #pussy 

Trends refresh every 15 minutes.",trendtags.bsky.social,2025-11-13T03:14:57.498360Z,at://did:plc:z22iojvb45xno3nblfy6fcwg/app.bsky.feed.post/3m5i76mdhm62c,2025-11-13T03:16:44.168643+00:00
"Come masturbate with me

https://sway.my/Anna

#ass #porn #pussy #dating #onlyfans #fansly #thick #anal #naughty #nudes #boobs #fuck #sex #naked #photography #today #bigboobs #nsfw #tease #nsfwbluesky #goonsky #onlyfans #canada #nyc #wet #squirt #cum #body #skinny #horny #thick",annayourgf.bsky.social,2025-11-13T03:14:50.731986+00:00,at://did:plc:znls5u2546qanexftoxul5xo/app.bsky.feed.post/3m5i76fjgos2o,2025-11-13T03:16:44.168645+00:00
"Best Free Cams and Porn Videos

https://sway.my/jerkmate

#ass #porn #pussy #dating #onlyfans #fansly #thick #anal #naughty #nudes #boobs #fuck #sex #naked #photography #today #bigboobs #nsfw #tease #nsfwbluesky #goonsky #onlyfans #canada #nyc #wet #squirt #cum #body #skinny #horny #thick",naughtysexy.bsky.social,2025-11-13T03:14:35.438606+00:00,at://did:plc:oh2ebejz5ccu4gkysv7r3qes/app.bsky.feed.post/3m5i75wwi4a24,2025-11-13T03:16:44.168647+00:00
"posting Boards of Canada everyday.

Staircase Whip (Old Tunes Vol. 2 tape)
youtu.be/eqpSdNe6tIo",tonx.coffee,2025-11-13T03:14:18.472Z,at://did:plc:q7zhbt3xnzfqrp46q2zd67zw/app.bsky.feed.post/3m5i75gwyxn2k,2025-11-13T03:16:44.168649+00:00
"Join Jerkmate and have the best sex chat

https://sway.my/jerkmate

#ass #porn #pussy #dating #onlyfans #fansly #thick #anal #naughty #nudes #boobs #fuck #sex #naked #photography #today #bigboobs #nsfw #tease #nsfwbluesky #goonsky #onlyfans #canada #nyc #wet #squirt #cum #body #skinny #horny #thick",erosome.bsky.social,2025-11-13T03:14:17.823574+00:00,at://did:plc:c2vrjz6bqaqtwh46qtg6ibsl/app.bsky.feed.post/3m5i75g7jlw2i,2025-11-13T03:16:44.168651+00:00
"I'm in BC, so most things I know of are on the entire opposite end of the country unfortunately lol

I did check and The C&L does indeed ship anywhere in Canada! They have a TON of manga/LN stuff (and anime DVDs too) in there including a whole bunch of out of print stuff ^^",adorabear.bsky.social,2025-11-13T03:14:05.301Z,at://did:plc:bdhtgxmgvzrnwwwqmjmedpwe/app.bsky.feed.post/3m5i752c7bk2e,2025-11-13T03:16:44.168653+00:00
"Let's have a sex chat for free

https://sway.my/Anna

#ass #porn #pussy #dating #onlyfans #fansly #thick #anal #naughty #nudes #boobs #fuck #sex #naked #photography #today #bigboobs #nsfw #tease #nsfwbluesky #goonsky #onlyfans #canada #nyc #wet #squirt #cum #body #skinny #horny #thick",annayourgf.bsky.social,2025-11-13T03:13:47.452484+00:00,at://did:plc:znls5u2546qanexftoxul5xo/app.bsky.feed.post/3m5i74j6bgx2y,2025-11-13T03:16:44.168655+00:00
Let’s remember who won the last war between Canada and the us.,circumnavigator.bsky.social,2025-11-13T03:13:41.309Z,at://did:plc:tzxtszmwf47pgau272n5wrkg/app.bsky.feed.post/3m5i74dfymc2c,2025-11-13T03:16:44.168657+00:00
What's his dad have to do with Jivani pushing white supremacy in Canada? Is there like a deep psychological thing you're looking to do here? Or do you think that someone who is only half-white cannot push white supremacy? (they can),nolore.bsky.social,2025-11-13T03:13:33.503Z,at://did:plc:zkpgnrqqrcqa7ysw6lhzn6r5/app.bsky.feed.post/3m5i743xqlk27,2025-11-13T03:16:44.168659+00:00
"Investing in public transit is a nation-building project. Canadians need a budget that addresses affordability and builds a stronger Canada, & that means funding public transit that connects our communities with opportunity.

Take action, contact your reps with our tool: www.ttcriders.ca/budget2025",ttcriders.bsky.social,2025-11-13T03:13:09.972Z,at://did:plc:i277b4naoyeorkwb6lhsmci7/app.bsky.feed.post/3m5i73fjpzk2q,2025-11-13T03:16:44.168661+00:00
"$3 billion in annual federal transit funding is in trouble, thanks to Carney's Federal Budget cuts. 

Slashing funding for public services like transit is not a way to build a ""Strong Canada"". Here's how you can take action right now before MPs vote on the budget ⬇️",ttcriders.bsky.social,2025-11-13T03:13:09.971Z,at://did:plc:i277b4naoyeorkwb6lhsmci7/app.bsky.feed.post/3m5i73fjm4k2q,2025-11-13T03:16:44.168663+00:00
"Wanna jerk off with me?

https://sway.my/Anna

#ass #porn #pussy #dating #onlyfans #fansly #thick #anal #naughty #nudes #boobs #fuck #sex #naked #photography #today #bigboobs #nsfw #tease #nsfwbluesky #goonsky #onlyfans #canada #nyc #wet #squirt #cum #body #skinny #horny #thick",annayourgf.bsky.social,2025-11-13T03:12:42.977628+00:00,at://did:plc:znls5u2546qanexftoxul5xo/app.bsky.feed.post/3m5i72lp52j24,2025-11-13T03:16:44.168665+00:00
"Meet the cam model of your dreams and jerk off with her

https://sway.my/LiveCam

#ass #porn #pussy #dating #onlyfans #fansly #thick #anal #naughty #nudes #boobs #fuck #sex #naked #photography #today #bigboobs #nsfw #tease #nsfwbluesky #goonsky #horny #thick #onlyfans #canada #nyc #wet #squirt #cum",naughtysexy.bsky.social,2025-11-13T03:12:25.858733+00:00,at://did:plc:oh2ebejz5ccu4gkysv7r3qes/app.bsky.feed.post/3m5i723b5wk2a,2025-11-13T03:16:44.168666+00:00
"Masturbate with the best sex chats

https://sway.my/LiveCam

#ass #porn #pussy #dating #onlyfans #fansly #thick #anal #naughty #nudes #boobs #fuck #sex #naked #photography #today #bigboobs #nsfw #tease #nsfwbluesky #goonsky #onlyfans #canada #nyc #wet #squirt #cum #body #skinny #horny #thick",erosome.bsky.social,2025-11-13T03:12:06.394955+00:00,at://did:plc:c2vrjz6bqaqtwh46qtg6ibsl/app.bsky.feed.post/3m5i6ziu6n52q,2025-11-13T03:16:44.168668+00:00
"When I run my vpn thru canada, the google results are all canadian. 😁",mistykitty3.bsky.social,2025-11-13T03:11:51.802Z,at://did:plc:fzczh5skw2ivqbpitgceokfq/app.bsky.feed.post/3m5i6z2y46k2b,2025-11-13T03:16:44.168670+00:00
"Watch my free cam shows here

https://sway.my/Anna

#ass #porn #pussy #dating #onlyfans #fansly #thick #anal #naughty #nudes #boobs #fuck #sex #naked #photography #today #bigboobs #nsfw #tease #nsfwbluesky #goonsky #onlyfans #canada #nyc #wet #squirt #cum #body #skinny #horny #thick",annayourgf.bsky.social,2025-11-13T03:11:40.222220+00:00,at://did:plc:znls5u2546qanexftoxul5xo/app.bsky.feed.post/3m5i6ypthod22,2025-11-13T03:16:44.168672+00:00
"Sounds like volunteering to me. Offer this guy a job.

www.cbc.ca/news/canada/...",kellychartier.bsky.social,2025-11-13T03:11:36.600Z,at://did:plc:jptj5sfckrrsh4jiwppn4wad/app.bsky.feed.post/3m5i6ymidec22,2025-11-13T03:16:44.168673+00:00
"Online Sex Dating with Videocalls FOR FREE

https://sway.my/LiveCam

#ass #porn #pussy #dating #onlyfans #fansly #thick #anal #naughty #nudes #boobs #fuck #sex #naked #photography #today #bigboobs #nsfw #tease #nsfwbluesky #goonsky #onlyfans #canada #nyc #wet #squirt #cum #body #skinny #horny #thick",naughtysexy.bsky.social,2025-11-13T03:11:22.091272+00:00,at://did:plc:oh2ebejz5ccu4gkysv7r3qes/app.bsky.feed.post/3m5i6y6kewi2l,2025-11-13T03:16:44.168675+00:00
"Watch free porn cams with hot models

https://sway.my/jerkmate

#ass #porn #pussy #dating #onlyfans #fansly #thick #anal #naughty #nudes #boobs #fuck #sex #naked #photography #today #bigboobs #nsfw #tease #nsfwbluesky #goonsky #onlyfans #canada #nyc #wet #squirt #cum #body #skinny #horny #thick",erosome.bsky.social,2025-11-13T03:10:59.963315+00:00,at://did:plc:c2vrjz6bqaqtwh46qtg6ibsl/app.bsky.feed.post/3m5i6xjix7w2i,2025-11-13T03:16:44.168677+00:00
"www.theglobeandmail.com/canada/artic...

says a lot about his emotional intelligence quotient of zero",scottlapstra.bsky.social,2025-11-13T03:10:59.778Z,at://did:plc:7n57sklcp3roperagcaarcoa/app.bsky.feed.post/3m5i6xjehik2u,2025-11-13T03:16:44.168679+00:00
"Six months in Quebec, Canada",rmedias.bsky.social,2025-11-13T03:10:55.308Z,at://did:plc:j6t6jbllpdtoez62pnmyahyz/app.bsky.feed.post/3m5i6xf3zbs2h,2025-11-13T03:16:44.168681+00:00
My dad with Hannah my Canada Lynx. They loved each other so much. My dad told me she was the best grandbaby I could have given him. I know she's in heaven with Dad by his side now. Hannah mourned so much when dad passed away.,empower11.bsky.social,2025-11-13T03:10:50.184Z,at://did:plc:ci67tdb3q7tv6cq4jfdhzufm/app.bsky.feed.post/3m5i6xa7u7k2e,2025-11-13T03:16:44.168683+00:00
"
Bluesky's Top 10 Trending Words (past 10min):
💨x37 - mox
💨x29 - moxley
💨x28 - claudio
💨x21 - fork
💨x20 - valve
💨x19 - megyn
💨x19 - flute
💨x19 - emails
💨x16 - boebert
💨x14 - massie
*🔓 = Unlocked Emergency Words (see img)

#йобанарусня 🇺🇦

(Something not right? Reply!)",nowbreezing.ntw.app,2025-11-13T03:10:45.719019+00:00,at://did:plc:mcb6n67plnrlx4lg35natk2b/app.bsky.feed.post/3m5i6x2t67s2x,2025-11-13T03:16:44.168684+00:00
"Come masturbate with me

https://sway.my/Anna

#ass #porn #pussy #dating #onlyfans #fansly #thick #anal #naughty #nudes #boobs #fuck #sex #naked #photography #today #bigboobs #nsfw #tease #nsfwbluesky #goonsky #onlyfans #canada #nyc #wet #squirt #cum #body #skinny #horny #thick",annayourgf.bsky.social,2025-11-13T03:10:37.777018+00:00,at://did:plc:znls5u2546qanexftoxul5xo/app.bsky.feed.post/3m5i6wuc6hp2s,2025-11-13T03:16:44.168686+00:00
"Sex Videos and Free Content

https://sway.my/LiveCam

#ass #porn #pussy #dating #onlyfans #fansly #thick #anal #naughty #nudes #boobs #fuck #sex #naked #photography #today #bigboobs #nsfw #tease #nsfwbluesky #goonsky #onlyfans #canada #nyc #wet #squirt #cum #body #skinny #horny #thick",naughtysexy.bsky.social,2025-11-13T03:10:16.969911+00:00,at://did:plc:oh2ebejz5ccu4gkysv7r3qes/app.bsky.feed.post/3m5i6wagswj2j,2025-11-13T03:16:44.168688+00:00
"Never jerk off alone again

https://sway.my/jerkmate

#ass #porn #pussy #dating #onlyfans #fansly #thick #anal #naughty #nudes #boobs #fuck #sex #naked #photography #today #bigboobs #nsfw #tease #nsfwbluesky #goonsky #onlyfans #canada #nyc #wet #squirt #cum #body #skinny #horny #thick",erosome.bsky.social,2025-11-13T03:09:55.109531+00:00,at://did:plc:c2vrjz6bqaqtwh46qtg6ibsl/app.bsky.feed.post/3m5i6vlny3t2w,2025-11-13T03:16:44.168690+00:00
"Let's have a sex chat for free

https://sway.my/Anna

#ass #porn #pussy #dating #onlyfans #fansly #thick #anal #naughty #nudes #boobs #fuck #sex #naked #photography #today #bigboobs #nsfw #tease #nsfwbluesky #goonsky #onlyfans #canada #nyc #wet #squirt #cum #body #skinny #horny #thick",annayourgf.bsky.social,2025-11-13T03:09:32.134114+00:00,at://did:plc:znls5u2546qanexftoxul5xo/app.bsky.feed.post/3m5i6uvovtv2g,2025-11-13T03:16:44.168691+00:00
"Best Free Cams and Porn Videos

https://sway.my/LiveCam

#ass #porn #pussy #dating #onlyfans #fansly #thick #anal #naughty #nudes #boobs #fuck #sex #naked #photography #today #bigboobs #nsfw #tease #nsfwbluesky #goonsky #onlyfans #canada #nyc #wet #squirt #cum #body #skinny #horny #thick",naughtysexy.bsky.social,2025-11-13T03:09:12.614282+00:00,at://did:plc:oh2ebejz5ccu4gkysv7r3qes/app.bsky.feed.post/3m5i6ud3xcq24,2025-11-13T03:16:44.168693+00:00
"Never jerk off alone again

https://sway.my/LiveSexCams

#ass #porn #pussy #dating #onlyfans #fansly #thick #anal #naughty #nudes #boobs #fuck #sex #naked #photography #today #bigboobs #nsfw #tease #nsfwbluesky #goonsky #onlyfans #canada #nyc #wet #squirt #cum #body #skinny #horny #thick",erosome.bsky.social,2025-11-13T03:08:50.100276+00:00,at://did:plc:c2vrjz6bqaqtwh46qtg6ibsl/app.bsky.feed.post/3m5i6tnnucx2g,2025-11-13T03:16:44.168695+00:00
"References in USA/Canada are a systemic embedded discriminatory oppressor tool used to control women, people of colour, young & old. If a manager is rebuffed by a ♀️ employee of his sexual indecent proposal, she knows he can blacklist her career. Same for a white manager over a Black/Asian employee",brainiackim.bsky.social,2025-11-13T03:08:46.352Z,at://did:plc:h3y7rhw6ao6nk5mmuskplxco/app.bsky.feed.post/3m5i6tk4los23,2025-11-13T03:16:44.168697+00:00
"Wanna jerk off with me?

https://sway.my/Anna

#ass #porn #pussy #dating #onlyfans #fansly #thick #anal #naughty #nudes #boobs #fuck #sex #naked #photography #today #bigboobs #nsfw #tease #nsfwbluesky #goonsky #onlyfans #canada #nyc #wet #squirt #cum #body #skinny #horny #thick",annayourgf.bsky.social,2025-11-13T03:08:28.883156+00:00,at://did:plc:znls5u2546qanexftoxul5xo/app.bsky.feed.post/3m5i6szefi52g,2025-11-13T03:16:44.168699+00:00
Great informatio. Yeah Canada! 🇨🇦,valueofvoting.bsky.social,2025-11-13T03:08:12.687Z,at://did:plc:vjk66vn5r2b73y3tvkdbyyvk/app.bsky.feed.post/3m5i6sjzoec2m,2025-11-13T03:16:44.168701+00:00
"Everywhere you look in Canada, there are no leaders of principle to be found.",emmettmacfarlane.com,2025-11-13T03:08:12.610Z,at://did:plc:w3miivoaldds6rqccvwjnvnc/app.bsky.feed.post/3m5i6sjwujc2e,2025-11-13T03:16:44.168703+00:00
Move to Canada eh! We got weed stores right beside the wobbly pop stores. It’s glorious #SatansCabbage #NaturesBrainTickler turns you in to white Mike when you least expect….🤔😜,evilpilgrim.bsky.social,2025-11-13T03:08:11.497Z,at://did:plc:mbd3bjpj36vpns35xfd6tbnv/app.bsky.feed.post/3m5i6siuwlc2n,2025-11-13T03:16:44.168704+00:00
"Meet the cam model of your dreams and jerk off with her

https://sway.my/jerkmate

#ass #porn #pussy #dating #onlyfans #fansly #thick #anal #naughty #nudes #boobs #fuck #sex #naked #photography #today #bigboobs #nsfw #tease #nsfwbluesky #goonsky #horny #thick #onlyfans #canada #nyc #wet #squirt",naughtysexy.bsky.social,2025-11-13T03:08:09.449604+00:00,at://did:plc:oh2ebejz5ccu4gkysv7r3qes/app.bsky.feed.post/3m5i6sgt2xo2o,2025-11-13T03:16:44.168706+00:00
"...that the direction being set by our PM has  global focus, not just Canada. Drones, defence alignment, climate, are all connected. The budget accounts for multifaceted agreements that span all of these things. O&LNG to Germany and Poland in exchange for security serves Canada by using gas to...",true-canuck.bsky.social,2025-11-13T03:07:51.485Z,at://did:plc:wyhqeygdbf4eocni2ucvf2jp/app.bsky.feed.post/3m5i6rvxqek2b,2025-11-13T03:16:44.168708+00:00
"Free porn and sex cams

https://sway.my/jerkmate

#ass #porn #pussy #dating #onlyfans #fansly #thick #anal #naughty #nudes #boobs #fuck #sex #naked #photography #today #bigboobs #nsfw #tease #nsfwbluesky #goonsky #onlyfans #canada #nyc #wet #squirt #cum #body #skinny #horny #thick",erosome.bsky.social,2025-11-13T03:07:44.918105+00:00,at://did:plc:c2vrjz6bqaqtwh46qtg6ibsl/app.bsky.feed.post/3m5i6rpiumd2d,2025-11-13T03:16:44.168710+00:00
Clumsy had a twenty year sales record!,jordantcarlson.bsky.social,2025-11-13T03:07:24.899Z,at://did:plc:lmomqch6unrwluceggn3vuac/app.bsky.feed.post/3m5i6r4hgcc26,2025-11-13T03:16:44.168711+00:00
"Watch my free cam shows here

https://sway.my/Anna

#ass #porn #pussy #dating #onlyfans #fansly #thick #anal #naughty #nudes #boobs #fuck #sex #naked #photography #today #bigboobs #nsfw #tease #nsfwbluesky #goonsky #onlyfans #canada #nyc #wet #squirt #cum #body #skinny #horny #thick",annayourgf.bsky.social,2025-11-13T03:07:24.275521+00:00,at://did:plc:znls5u2546qanexftoxul5xo/app.bsky.feed.post/3m5i6r3qgvf2t,2025-11-13T03:16:44.168713+00:00
"Best Free Cams and Porn Videos

https://sway.my/jerkmate

#ass #porn #pussy #dating #onlyfans #fansly #thick #anal #naughty #nudes #boobs #fuck #sex #naked #photography #today #bigboobs #nsfw #tease #nsfwbluesky #goonsky #onlyfans #canada #nyc #wet #squirt #cum #body #skinny #horny #thick",naughtysexy.bsky.social,2025-11-13T03:07:05.426449+00:00,at://did:plc:oh2ebejz5ccu4gkysv7r3qes/app.bsky.feed.post/3m5i6qjrm5x2f,2025-11-13T03:16:44.168715+00:00
im not going to either one tbh but if you come to Canada... 😈😈😈,caprine.bsky.social,2025-11-13T03:06:47.538Z,at://did:plc:f2i65rfqku6zfabzawcwyf2w/app.bsky.feed.post/3m5i6pysofc2u,2025-11-13T03:16:44.168717+00:00
"Yes. Propaganda is driving the political division in this nation. 80 years ago it destroyed Germany & 50,000,000 lives. 

The Lewis Powell memo lead us here. It is a policy memo, not a conspiracy. 

Propaganda makes us believe Canada & Mexico are our enemies & Russia just a misunderstood ally.",grolaw-me.bsky.social,2025-11-13T03:06:32.202Z,at://did:plc:o3rzpnlbxfhb6ylkujrfmocm/app.bsky.feed.post/3m5i6pk6uo22n,2025-11-13T03:16:44.168718+00:00
"Come masturbate with me

https://sway.my/Anna

#ass #porn #pussy #dating #onlyfans #fansly #thick #anal #naughty #nudes #boobs #fuck #sex #naked #photography #today #bigboobs #nsfw #tease #nsfwbluesky #goonsky #onlyfans #canada #nyc #wet #squirt #cum #body #skinny #horny #thick",annayourgf.bsky.social,2025-11-13T03:06:19.444040+00:00,at://did:plc:znls5u2546qanexftoxul5xo/app.bsky.feed.post/3m5i6p5szod24,2025-11-13T03:16:44.168720+00:00
"Live anal cams

https://sway.my/LiveCam

#ass #porn #pussy #dating #onlyfans #fansly #thick #anal #naughty #nudes #boobs #fuck #sex #naked #photography #today #bigboobs #nsfw #tease #nsfwbluesky #goonsky #onlyfans #canada #nyc #wet #squirt #cum #body #skinny #horny #thick",naughtysexy.bsky.social,2025-11-13T03:06:01.060872+00:00,at://did:plc:oh2ebejz5ccu4gkysv7r3qes/app.bsky.feed.post/3m5i6omf4c22a,2025-11-13T03:16:44.168722+00:00
"Join Jerkmate and have the best sex chat

https://sway.my/jerkmate

#ass #porn #pussy #dating #onlyfans #fansly #thick #anal #naughty #nudes #boobs #fuck #sex #naked #photography #today #bigboobs #nsfw #tease #nsfwbluesky #goonsky #onlyfans #canada #nyc #wet #squirt #cum #body #skinny #horny #thick",erosome.bsky.social,2025-11-13T03:05:32.573516+00:00,at://did:plc:c2vrjz6bqaqtwh46qtg6ibsl/app.bsky.feed.post/3m5i6nrbkv62u,2025-11-13T03:16:44.168724+00:00
"Let's have a sex chat for free

https://sway.my/Anna

#ass #porn #pussy #dating #onlyfans #fansly #thick #anal #naughty #nudes #boobs #fuck #sex #naked #photography #today #bigboobs #nsfw #tease #nsfwbluesky #goonsky #onlyfans #canada #nyc #wet #squirt #cum #body #skinny #horny #thick",annayourgf.bsky.social,2025-11-13T03:05:16.120371+00:00,at://did:plc:znls5u2546qanexftoxul5xo/app.bsky.feed.post/3m5i6nblxub24,2025-11-13T03:16:44.168725+00:00
in canada they round up or down to the nearest nickel depending which is closer,anth-elia.bsky.social,2025-11-13T03:05:14.401Z,at://did:plc:yxnjw645hzdctvho2spzyce2/app.bsky.feed.post/3m5i6n7yfbc2p,2025-11-13T03:16:44.168727+00:00
"Meet the cam model of your dreams and jerk off with her

https://sway.my/LiveCam

#ass #porn #pussy #dating #onlyfans #fansly #thick #anal #naughty #nudes #boobs #fuck #sex #naked #photography #today #bigboobs #nsfw #tease #nsfwbluesky #goonsky #horny #thick #onlyfans #canada #nyc #wet #squirt #cum",naughtysexy.bsky.social,2025-11-13T03:04:56.445620+00:00,at://did:plc:oh2ebejz5ccu4gkysv7r3qes/app.bsky.feed.post/3m5i6morexs2c,2025-11-13T03:16:44.168729+00:00
"Northern lights shine in Canada due to a large sun corona burst
globalnews.ca/news/1152249...",patboivin.bsky.social,2025-11-13T03:04:43.793Z,at://did:plc:k5owzp2dlmnfa3ovsuoyrnaf/app.bsky.feed.post/3m5i6mcscnc2e,2025-11-13T03:16:44.168731+00:00
"It is time to consider other options.
The US government can no longer be trusted.
Canada needs to make decisions that secure our country and economy, not pander to the asylum down south.
As Carney said at the beginning.
If the US no longer wants to lead, Canada will.
This is the next logical move.",ladywildfella.bsky.social,2025-11-13T03:04:36.958Z,at://did:plc:zaff6axi7ebuaqwfznas5y2g/app.bsky.feed.post/3m5i6m4bptk26,2025-11-13T03:16:44.168733+00:00
"I remember buying On The Beach. I got it in a record store in Lansing. Michigan, maybe 1977 and had to wait a few days until we got back home to Canada before I could play it. I had no real clue what it was about. I wore the grooves out of it. Here's a fine essay about this album.",jamesbrad.bsky.social,2025-11-13T03:04:35.677Z,at://did:plc:vdurssi2zehnfpzs6a5da6uc/app.bsky.feed.post/3m5i6m32oss22,2025-11-13T03:16:44.168735+00:00
"My headcanon: He told me he wouldn’t fly to Canada to buy me poutine, so I made him stand behind me.

He then told me it’s because he was cooking it for me :3",girbeagly.bsky.social,2025-11-13T03:04:18.978Z,at://did:plc:litq6lmniq3l4namvnm53ib3/app.bsky.feed.post/3m5i6ll4zak2g,2025-11-13T03:16:44.168736+00:00
"Wanna jerk off with me?

https://sway.my/Anna

#ass #porn #pussy #dating #onlyfans #fansly #thick #anal #naughty #nudes #boobs #fuck #sex #naked #photography #today #bigboobs #nsfw #tease #nsfwbluesky #goonsky #onlyfans #canada #nyc #wet #squirt #cum #body #skinny #horny #thick",annayourgf.bsky.social,2025-11-13T03:04:13.072612+00:00,at://did:plc:znls5u2546qanexftoxul5xo/app.bsky.feed.post/3m5i6lfff2s2x,2025-11-13T03:16:44.168738+00:00
"Canada thanks you President Humpty Trumpy.

#AmericanBrainDrain #UoT #Canada #Toronto #CanadaStrong
#CanadaLikesScienceAndFacts

www.theglobeandmail.com/canada/educa...",leeobrien.bsky.social,2025-11-13T03:04:12.804Z,at://did:plc:stf5hltvugxqmigc5vyxw56i/app.bsky.feed.post/3m5i6lfakxs2l,2025-11-13T03:16:44.168740+00:00
"Online Sex Dating with Videocalls FOR FREE

https://sway.my/LiveCam

#ass #porn #pussy #dating #onlyfans #fansly #thick #anal #naughty #nudes #boobs #fuck #sex #naked #photography #today #bigboobs #nsfw #tease #nsfwbluesky #goonsky #onlyfans #canada #nyc #wet #squirt #cum #body #skinny #horny #thick",naughtysexy.bsky.social,2025-11-13T03:03:53.129030+00:00,at://did:plc:oh2ebejz5ccu4gkysv7r3qes/app.bsky.feed.post/3m5i6ksew6e2i,2025-11-13T03:16:44.168745+00:00
"Watch my free cam shows here

https://sway.my/Anna

#ass #porn #pussy #dating #onlyfans #fansly #thick #anal #naughty #nudes #boobs #fuck #sex #naked #photography #today #bigboobs #nsfw #tease #nsfwbluesky #goonsky #onlyfans #canada #nyc #wet #squirt #cum #body #skinny #horny #thick",annayourgf.bsky.social,2025-11-13T03:03:06.135597+00:00,at://did:plc:znls5u2546qanexftoxul5xo/app.bsky.feed.post/3m5i6jfkwul24,2025-11-13T03:16:44.168746+00:00
"Sex Videos and Free Content

https://sway.my/LiveCam

#ass #porn #pussy #dating #onlyfans #fansly #thick #anal #naughty #nudes #boobs #fuck #sex #naked #photography #today #bigboobs #nsfw #tease #nsfwbluesky #goonsky #onlyfans #canada #nyc #wet #squirt #cum #body #skinny #horny #thick",naughtysexy.bsky.social,2025-11-13T03:02:49.416362+00:00,at://did:plc:oh2ebejz5ccu4gkysv7r3qes/app.bsky.feed.post/3m5i6ivmhnp2f,2025-11-13T03:16:44.168748+00:00
Canada really has the most spineless people possible in government,oplopanax.ca,2025-11-13T03:02:37.217Z,at://did:plc:kbhhbrzjvaru3h6iwt4f6eje/app.bsky.feed.post/3m5i6ik3jbc2p,2025-11-13T03:16:44.168750+00:00
"It changed all our lives, not just the poor bastards who went but their families and everyone connected with them.  My dad?  Who’d been a ball turret gunner in WWII?  He told my younger brothers & I to head for Canada pronto … always loved him for that.  Thanks for watching & following-",sm-park.bsky.social,2025-11-13T03:02:36.519Z,at://did:plc:ds5s73fluhv5pcs5maqx47is/app.bsky.feed.post/3m5i6ijg7ms2p,2025-11-13T03:16:44.168752+00:00
"Spruce Lake, Kenora District, Ontario, Canada",awopbopaloobop.bsky.social,2025-11-13T03:02:18.153Z,at://did:plc:os6i4px4cwmvxt4ygyhdoa77/app.bsky.feed.post/3m5i6hxwcn22s,2025-11-13T03:16:44.168754+00:00
"Watch free porn cams with hot models

https://sway.my/jerkmate

#ass #porn #pussy #dating #onlyfans #fansly #thick #anal #naughty #nudes #boobs #fuck #sex #naked #photography #today #bigboobs #nsfw #tease #nsfwbluesky #goonsky #onlyfans #canada #nyc #wet #squirt #cum #body #skinny #horny #thick",erosome.bsky.social,2025-11-13T03:02:13.970851+00:00,at://did:plc:c2vrjz6bqaqtwh46qtg6ibsl/app.bsky.feed.post/3m5i6htuvix2q,2025-11-13T03:16:44.168755+00:00
#ElbowsUp #Canada,centristhumanist.bsky.social,2025-11-13T03:02:10.976Z,at://did:plc:ako65x53epqewjh4ozu7wjs2/app.bsky.feed.post/3m5i6hr2x422h,2025-11-13T03:16:44.168757+00:00
"Source

#Canada",canada-cambot.bsky.social,2025-11-13T03:02:06Z,at://did:plc:kdmhcb4wmrqzqg6hn2ps55t4/app.bsky.feed.post/3m5i6homem62r,2025-11-13T03:16:44.168759+00:00
"Come masturbate with me

https://sway.my/Anna

#ass #porn #pussy #dating #onlyfans #fansly #thick #anal #naughty #nudes #boobs #fuck #sex #naked #photography #today #bigboobs #nsfw #tease #nsfwbluesky #goonsky #onlyfans #canada #nyc #wet #squirt #cum #body #skinny #horny #thick",annayourgf.bsky.social,2025-11-13T03:02:02.441711+00:00,at://did:plc:znls5u2546qanexftoxul5xo/app.bsky.feed.post/3m5i6hisx2r24,2025-11-13T03:16:44.168761+00:00
"#GlutenFree #pierogi 🇺🇦 with sauteed #onions and #garlic, sauteed red and white #cabbage, and Mediterranean style #yogurt.

Come cook with us...
youtube.com/@glutenfreeg...

#GlutenFreeGourmEh 🇨🇦

#DEELISH!
#delicious

#GlutenFree
#Celiac
#CeliacDisease
#Food
#Baking
#Desserts
#Wine
#Drinks
#Canada 🇨🇦",glutenfreegourmeh.bsky.social,2025-11-13T03:01:48.892Z,at://did:plc:a4exudf77cqvnsqf3lcgxkhf/app.bsky.feed.post/3m5i6h42mhc2g,2025-11-13T03:16:44.168763+00:00
Aviation weather for Montreal-Trudeau International airport (Canada) is “CYUL 130200Z 28003KT 4SM -SN BR OVC007 01/00 A2958 RMK ST8 SLP019” : See what it means on https://www.bigorre.org/aero/meteo/cyul/en #montrealtrudeauinternationalairport #airport #montreal #canada #cyul #yul #metar […],bigorre-org.mastodon.social.ap.brid.gy,2025-11-13T03:01:46.000Z,at://did:plc:xi27bsuwyb5zqemf3otlh3gq/app.bsky.feed.post/3m5i6hord5gd2,2025-11-13T03:16:44.168764+00:00
"Best Free Cams and Porn Videos

https://sway.my/LiveCam

#ass #porn #pussy #dating #onlyfans #fansly #thick #anal #naughty #nudes #boobs #fuck #sex #naked #photography #today #bigboobs #nsfw #tease #nsfwbluesky #goonsky #onlyfans #canada #nyc #wet #squirt #cum #body #skinny #horny #thick",naughtysexy.bsky.social,2025-11-13T03:01:43.669856+00:00,at://did:plc:oh2ebejz5ccu4gkysv7r3qes/app.bsky.feed.post/3m5i6gwvxnw25,2025-11-13T03:16:44.168766+00:00
"Terrible drink, great news

www.cp24.com/news/canada/...",waynespotting.bsky.social,2025-11-13T03:01:43.294Z,at://did:plc:mmy5lqmoeeloiu3dehdmjhnd/app.bsky.feed.post/3m5i6gwnv4c2w,2025-11-13T03:16:44.168768+00:00
The issue I have is the rabid right that are trying to entrench MAGA style politics and stupidity here in Canada. The sooner Poilievre is gone then hopefully the CPC quits the extreme antagonism.,cashmerecoco.bsky.social,2025-11-13T03:01:25.398Z,at://did:plc:z2nwmac5ghnram2s6f4htkus/app.bsky.feed.post/3m5i6gflsis2w,2025-11-13T03:16:44.168769+00:00
Music Videos Are Coming to Spotify in the U.S. and Canada,billboard.com,2025-11-13T03:01:23Z,at://did:plc:sobuuoeq2fx72o26vpoclgki/app.bsky.feed.post/3m5i6gdrot42x,2025-11-13T03:16:44.168771+00:00
"Never jerk off alone again

https://sway.my/jerkmate

#ass #porn #pussy #dating #onlyfans #fansly #thick #anal #naughty #nudes #boobs #fuck #sex #naked #photography #today #bigboobs #nsfw #tease #nsfwbluesky #goonsky #onlyfans #canada #nyc #wet #squirt #cum #body #skinny #horny #thick",erosome.bsky.social,2025-11-13T03:01:09.158379+00:00,at://did:plc:c2vrjz6bqaqtwh46qtg6ibsl/app.bsky.feed.post/3m5i6fw2uis26,2025-11-13T03:16:44.168773+00:00
"Let's have a sex chat for free

https://sway.my/Anna

#ass #porn #pussy #dating #onlyfans #fansly #thick #anal #naughty #nudes #boobs #fuck #sex #naked #photography #today #bigboobs #nsfw #tease #nsfwbluesky #goonsky #onlyfans #canada #nyc #wet #squirt #cum #body #skinny #horny #thick",annayourgf.bsky.social,2025-11-13T03:00:59.694461+00:00,at://did:plc:znls5u2546qanexftoxul5xo/app.bsky.feed.post/3m5i6fmye2k2x,2025-11-13T03:16:44.168775+00:00
If WW3 broke out irl right now I feel like Canada would be right in the middle of it pfft. But in my dream we were safe and I needed to get back here asap. No idea why I was in South Africa btw.,kaibacave.bsky.social,2025-11-13T03:00:59.406Z,at://did:plc:an5ypx7fdpawaqqnlwwkfosl/app.bsky.feed.post/3m5i6fmsjqc2h,2025-11-13T03:16:44.168777+00:00
" youtu.be/HoVw1RjsA7Q?...
.
#donkeykong3 #dkc3 #donkeykongcountry3 #dkc #donkeykongcountry #nintendo #snes #platformer #gaymer #lgbtq #canadian #canada #toronto #retro #retrogamer #nostalgia",superkerogaming.bsky.social,2025-11-13T03:00:49.987Z,at://did:plc:5omfh7opqdxr3kirtuk5klrk/app.bsky.feed.post/3m5i6fdt4hs24,2025-11-13T03:16:44.168779+00:00
"Canucks prospects: Braeden Cootes getting a long look from Team Canada

https://www.newsbeep.com/ca/279479/

Breadcrumb Trail Links SportsHockeyNHLVancouver Canucks Team Canada world junior general manager checked in on Seattle Thunderbirds centre as…",ca-nb.bsky.social,2025-11-13T03:00:48+00:00,at://did:plc:2gp3m6bnzqynpqq4nlwto5ar/app.bsky.feed.post/3m5i6ffon7h23,2025-11-13T03:16:44.168780+00:00
"Meet the cam model of your dreams and jerk off with her

https://sway.my/jerkmate

#ass #porn #pussy #dating #onlyfans #fansly #thick #anal #naughty #nudes #boobs #fuck #sex #naked #photography #today #bigboobs #nsfw #tease #nsfwbluesky #goonsky #horny #thick #onlyfans #canada #nyc #wet #squirt",naughtysexy.bsky.social,2025-11-13T03:00:39.561808+00:00,at://did:plc:oh2ebejz5ccu4gkysv7r3qes/app.bsky.feed.post/3m5i6ezrsqz2c,2025-11-13T03:16:44.168782+00:00
"Canada’s ski resorts are gearing up for winter — here’s what to expect

https://www.newsbeep.com/ca/279483/

Breadcrumb Trail Links Travel GuideTravelTravel Canada Hoping to hit the slopes? These are the opening dates, events and…",ca-nb.bsky.social,2025-11-13T03:00:38+00:00,at://did:plc:2gp3m6bnzqynpqq4nlwto5ar/app.bsky.feed.post/3m5i6f3qwgt2h,2025-11-13T03:16:44.168784+00:00
These are the worst kinds of people IMO. Now I understand why I haven’t seen a single Canada Goose where I live in Colorado for the past five months or so,bird-nerdco.bsky.social,2025-11-13T03:00:36.886Z,at://did:plc:6ktgtzozuh26grqn4hwcgza5/app.bsky.feed.post/3m5i6exdcjk2i,2025-11-13T03:16:44.168786+00:00
I had a dream last night that World War 3 officially started but for some reason I was in South Africa and was freaking out because there were no plane tickets available to get back to Canada which in my mind was safe from the war…,kaibacave.bsky.social,2025-11-13T03:00:08.011Z,at://did:plc:an5ypx7fdpawaqqnlwwkfosl/app.bsky.feed.post/3m5i6e3s3ck2h,2025-11-13T03:16:44.168787+00:00
"Director of UBCO Gallery presented with prestigious Canadian art prize

She received the top prize of $100,000 and her work is on display at the National Gallery of Canada.

Read more  ⬇️

www.kelownanow.com/watercooler/...",kelownanow.com,2025-11-13T03:00:06.409Z,at://did:plc:czk5eio6jjlbzf4b4somj5v4/app.bsky.feed.post/3m5i6e2kl4f2z,2025-11-13T03:16:44.168789+00:00
I wish it was easier for an American to emigrate to Canada and buy a house. I'd be gone yesterday...,writermusician.bsky.social,2025-11-13T03:00:05.491Z,at://did:plc:7kuwyoxdaeubmffhwsiiszej/app.bsky.feed.post/3m5i6dzf6ek2v,2025-11-13T03:16:44.168791+00:00
"Never jerk off alone again

https://sway.my/LiveSexCams

#ass #porn #pussy #dating #onlyfans #fansly #thick #anal #naughty #nudes #boobs #fuck #sex #naked #photography #today #bigboobs #nsfw #tease #nsfwbluesky #goonsky #onlyfans #canada #nyc #wet #squirt #cum #body #skinny #horny #thick",erosome.bsky.social,2025-11-13T03:00:05.156106+00:00,at://did:plc:c2vrjz6bqaqtwh46qtg6ibsl/app.bsky.feed.post/3m5i6dyzmju26,2025-11-13T03:16:44.168793+00:00
"ah… yes… things continued developing along those lines. marten hooked up with the redhead, then they both moved to canada and now they work for a jellyfish (or possibly a nanobot swarm that physically resembles a jellyfish).",dryad.technology,2025-11-13T02:59:53.325Z,at://did:plc:2aebn3xk5t63net43eeepire/app.bsky.feed.post/3m5i6dnrwic2v,2025-11-13T03:16:44.168795+00:00
"Best Free Cams and Porn Videos

https://sway.my/jerkmate

#ass #porn #pussy #dating #onlyfans #fansly #thick #anal #naughty #nudes #boobs #fuck #sex #naked #photography #today #bigboobs #nsfw #tease #nsfwbluesky #goonsky #onlyfans #canada #nyc #wet #squirt #cum #body #skinny #horny #thick",naughtysexy.bsky.social,2025-11-13T02:59:36.801965+00:00,at://did:plc:oh2ebejz5ccu4gkysv7r3qes/app.bsky.feed.post/3m5i6d5wfuc2i,2025-11-13T03:16:44.168796+00:00
"From Sun Peaks, Canada last night",ibujen.bsky.social,2025-11-13T02:58:59.471Z,at://did:plc:rubuxqh2u6swvdhmqllu7ge6/app.bsky.feed.post/3m5i6c2gpi22v,2025-11-13T03:16:44.168798+00:00
"Free porn and sex cams

https://sway.my/jerkmate

#ass #porn #pussy #dating #onlyfans #fansly #thick #anal #naughty #nudes #boobs #fuck #sex #naked #photography #today #bigboobs #nsfw #tease #nsfwbluesky #goonsky #onlyfans #canada #nyc #wet #squirt #cum #body #skinny #horny #thick",erosome.bsky.social,2025-11-13T02:58:59.296014+00:00,at://did:plc:c2vrjz6bqaqtwh46qtg6ibsl/app.bsky.feed.post/3m5i6c27u4b22,2025-11-13T03:16:44.168800+00:00
"Watch my free cam shows here

https://sway.my/Anna

#ass #porn #pussy #dating #onlyfans #fansly #thick #anal #naughty #nudes #boobs #fuck #sex #naked #photography #today #bigboobs #nsfw #tease #nsfwbluesky #goonsky #onlyfans #canada #nyc #wet #squirt #cum #body #skinny #horny #thick",annayourgf.bsky.social,2025-11-13T02:58:50.480220+00:00,at://did:plc:znls5u2546qanexftoxul5xo/app.bsky.feed.post/3m5i6brquxw2s,2025-11-13T03:16:44.168802+00:00
"hamilton man stole a bus out of the downtown terminal today with passengers on board and drove along the bus route picking up and dropping off passengers

www.cbc.ca/news/canada/...",auguststreet.ca,2025-11-13T02:58:45.895Z,at://did:plc:gqlenpe5rv7b6qrphzv7qzf6/app.bsky.feed.post/3m5i6bni3vk2q,2025-11-13T03:16:44.168803+00:00
"Live anal cams

https://sway.my/LiveCam

#ass #porn #pussy #dating #onlyfans #fansly #thick #anal #naughty #nudes #boobs #fuck #sex #naked #photography #today #bigboobs #nsfw #tease #nsfwbluesky #goonsky #onlyfans #canada #nyc #wet #squirt #cum #body #skinny #horny #thick",naughtysexy.bsky.social,2025-11-13T02:58:33.511256+00:00,at://did:plc:oh2ebejz5ccu4gkysv7r3qes/app.bsky.feed.post/3m5i6bbl44z2j,2025-11-13T03:16:44.168805+00:00
"So what I'm hearing is that this guy can drive a bus at a time when transit companies across Canada are having difficulties hiring and retaining drivers. 

I'm thinking there's a solution here that suits everyone.",ghostflaneur.bsky.social,2025-11-13T02:58:24.142Z,at://did:plc:5jvhvnxe2lthajgk3zlsbvaj/app.bsky.feed.post/3m5i6ayqaqc2n,2025-11-13T03:16:44.168807+00:00
"Jaishankar attends G7 FMM Outreach Session, puts forth India’s perspective

External Affairs Minister S Jaishankar participated in the G7 Foreign Ministers' Meeting (FMM) Outreach Session on Energy Security and Critical Minerals in Canada, and put forth India's perspective, Jaishankar, in a social…",dotnewstv.bsky.social,2025-11-13T02:58:24Z,at://did:plc:4tqgc266iota42kgdelv3pr7/app.bsky.feed.post/3m5i6b26nnm2t,2025-11-13T03:16:44.168809+00:00
Canada wasn't exactly kind to the First Nations or to the Afghani civilian population. Disingenuous at best.,justfergal.bsky.social,2025-11-13T02:58:22.021Z,at://did:plc:bsbt67pbbkuaeuvnn63g2m6r/app.bsky.feed.post/3m5i6awpjh22t,2025-11-13T03:16:44.168811+00:00
"Come masturbate with me

https://sway.my/Anna

#ass #porn #pussy #dating #onlyfans #fansly #thick #anal #naughty #nudes #boobs #fuck #sex #naked #photography #today #bigboobs #nsfw #tease #nsfwbluesky #goonsky #onlyfans #canada #nyc #wet #squirt #cum #body #skinny #horny #thick",annayourgf.bsky.social,2025-11-13T02:57:47.178383+00:00,at://did:plc:znls5u2546qanexftoxul5xo/app.bsky.feed.post/3m5i67vflap2w,2025-11-13T03:16:44.168813+00:00
"Canada, I salute you!  🫡",oldtruthseeker.bsky.social,2025-11-13T02:57:41.964Z,at://did:plc:h5iqpfcguapjgvonrvesghba/app.bsky.feed.post/3m5i67qj3fg2l,2025-11-13T03:16:44.168815+00:00
"Meet the cam model of your dreams and jerk off with her

https://sway.my/LiveCam

#ass #porn #pussy #dating #onlyfans #fansly #thick #anal #naughty #nudes #boobs #fuck #sex #naked #photography #today #bigboobs #nsfw #tease #nsfwbluesky #goonsky #horny #thick #onlyfans #canada #nyc #wet #squirt #cum",naughtysexy.bsky.social,2025-11-13T02:57:30.184708+00:00,at://did:plc:oh2ebejz5ccu4gkysv7r3qes/app.bsky.feed.post/3m5i67f67xx24,2025-11-13T03:16:44.168816+00:00
Senior Tableau Developer - Mississauga Ontario Canada Job educativ.net/jobs/job/48598...,educativ.bsky.social,2025-11-13T22:14:20.929-05:00,at://did:plc:voa5jj4mjj2u76o7cp6qanjz/app.bsky.feed.post/3m5kpmgqluy26,2025-11-14T03:15:03.118088+00:00
I think #Winnipeggers have had enough of the nonsense of vulnerable road users face every day because of how our streets are designed and a justice system that turns the eye at people behind the wheel. #Winnipeg www.cbc.ca/news/canada/...,adamjwpg.bsky.social,2025-11-14T03:14:11.914Z,at://did:plc:4o5243ddqkkyhbb5lqbvez6c/app.bsky.feed.post/3m5kpm62qck2w,2025-11-14T03:15:03.118103+00:00
,ralphpoppy.bsky.social,2025-11-14T03:14:07.967Z,at://did:plc:353e4vjqtoc36tdyudkjaflj/app.bsky.feed.post/3m5kpm2cjms2t,2025-11-14T03:15:03.118106+00:00
"Other countires provide healthcare to all their citizens. 

If Canada & Europe can do it, so can America.",sweetcornbread.bsky.social,2025-11-14T03:13:54.164Z,at://did:plc:mtvy3vps24kxgerrdmwpjtpq/app.bsky.feed.post/3m5kpln53cc2f,2025-11-14T03:15:03.118109+00:00
"Your condescension is unbecoming. Canada cannot materially change the rate climate change.  The impactful efforts we can make are around promoting renewables, not throwing up roadblocks to o&g production. When renewables are a superior product, o&g will go away.",hevkev.bsky.social,2025-11-14T03:13:16.665Z,at://did:plc:yt6eruoz7gea374pqrsm5gz3/app.bsky.feed.post/3m5kpkjena22b,2025-11-14T03:15:03.118111+00:00
"Since censorship is a concern in the U.S., I would genuinely like to know what's happening in Canada ATM. Especially since the blueberry strike. Is your economy doing ok? #Canada #Canadians #Economy",rajsroom.bsky.social,2025-11-14T03:12:57.073Z,at://did:plc:xxvzfupulwiqnbpjzpalzhx7/app.bsky.feed.post/3m5kpjwowbk2x,2025-11-14T03:15:03.118113+00:00
Another incident where someone has acted out of ignorance and arrogance.  Perhaps the offender should live in Eastern Canada where cougars have essentially been extirpated.,henneypenny2020.bsky.social,2025-11-14T03:12:09.901Z,at://did:plc:kqfoylz55w5jobr2je5to76r/app.bsky.feed.post/3m5kpijp6yc2i,2025-11-14T03:15:03.118115+00:00
"I'm getting nervous up here in Canada, trump may nuke us to distract from the Epstein files...",canadiancal.bsky.social,2025-11-14T04:11:00.271Z,at://did:plc:5v3vwh2sy7y6ahyw6gxvwkgl/app.bsky.feed.post/3m5ksrqjjws2y,2025-11-14T03:15:03.118116+00:00
"A National Post Truth Heading 
""Jewish group calls raising Palestinian flag at Toronto City Hall 'reckless' as other events planned in Canada"" 

The Israeli flag was raised on May 1  A OK.

What else would Racist  Genocide supporter Israeli Agents say ?   

Take me to the ICJ ?

#Cdnpoli #Palestine",pat112.bsky.social,2025-11-14T03:11:44.488Z,at://did:plc:deej5pakczvmljahhvrridlp/app.bsky.feed.post/3m5kphrhmms25,2025-11-14T03:15:03.118118+00:00
"Hey Gills, I don't mind paying my fair share of property taxes owning a small older home in Elmwood, But I think its high time that we look at how get get these property tax rates and should go to a progressive property tax rate. #Winnipeg. www.cbc.ca/news/canada/...",adamjwpg.bsky.social,2025-11-14T03:11:26.041Z,at://did:plc:4o5243ddqkkyhbb5lqbvez6c/app.bsky.feed.post/3m5kph7upwk2w,2025-11-14T03:15:03.118120+00:00
Study highlights health system’s treatment of Black women | Toronto Star www.thestar.com/news/canada/...,malindasmith.bsky.social,2025-11-14T03:10:54.493Z,at://did:plc:owepfzbqg3ptfgji3nhau3tq/app.bsky.feed.post/3m5kpgbrwec2e,2025-11-14T03:15:03.118122+00:00
"CBC NEWS-Sophia Harris

Respondents' top three reasons for avoiding the country were a resolve to stand up for Canada, America’s current political climate, and concerns about heightened security at the border during Trump’s immigration crackdown.",philipsommer.bsky.social,2025-11-14T03:10:43.878Z,at://did:plc:2cvy6cgxqxteqkgc2xv5zfha/app.bsky.feed.post/3m5kpfxo42k2b,2025-11-14T03:15:03.118124+00:00
"Ireland U-17 vs Canada U-17 FIFA World Cup: Live on RTÉ 2 with Joanne Cantwell, Alan Cawley and Ronan Finn #Ireland U-17 #Canada U-17",icdb.tv,2025-11-14T03:10:35+00:00,at://did:plc:dk47d4q3hxmvrteh3elo5fuh/app.bsky.feed.post/3m5kpfqacfi2q,2025-11-14T03:15:03.118126+00:00
"#DirtyEnergyCarney

Make Wildfires, & floods worse and more frequent 

Carney unveils major projects he wants fast-tracked, including new mines, LNG and hydro development

PM says projects getting the green light will help Canada become an energy superpower

www.cbc.ca/news/politic... #cdnpoli",pqpolitics.bsky.social,2025-11-14T03:10:26.947Z,at://did:plc:t4qjao6o2xfwavfc5ewwvosg/app.bsky.feed.post/3m5kpfhjayk27,2025-11-14T03:15:03.118131+00:00
"79-year-old Canadian grandmother shares the secrets behind her stunning fitness transformation |

https://www.newsbeep.com/au/283069/

Joan MacDonald, a 79-year-old grandmother from Ontario, Canada, has become a global symbol of transformation and healthy ageing.…",au-nb.bsky.social,2025-11-14T03:10:26+00:00,at://did:plc:ni6cl7jipinqldoyowqlbrwp/app.bsky.feed.post/3m5kpfpb6cy22,2025-11-14T03:15:03.118133+00:00
"Definitely.  IMO, someone buys a trucking company, then offers a ‘job’ and a ‘way’ to come to Canada - then pays them with dirt, and gives them impossible jobs and threatens them to do it or else they go back……it happens too often….",leslie-anne.bsky.social,2025-11-14T03:10:00.655Z,at://did:plc:aripivnfk4caitsiym4gkduo/app.bsky.feed.post/3m5kpeogv7k2p,2025-11-14T03:15:03.118135+00:00
"‘Build, baby, build’: a guide to Canada’s Bill C-5
The feds are rushing to fast-track major projects, from pipelines and mines to housing and hospitals. Here’s everything you need to know about the One Canadian Economy Act

Pipelines in Canada, explained
mail.google.com/mail/u/0/#in...",elee-2025.bsky.social,2025-11-14T03:09:55.424Z,at://did:plc:danvpxlraicwlv4rdb575vlu/app.bsky.feed.post/3m5kpejhbs22m,2025-11-14T03:15:03.118137+00:00
"I will just be Empress of Canada. 🍁 

Sound good?

Not like that nitwit chick tho.

I’ll be a cool Empress and smokem dem peace pipe.",angelamcewen.bsky.social,2025-11-14T03:09:13.323Z,at://did:plc:xyd6rnb2s3bztytz7yyg5w43/app.bsky.feed.post/3m5kpdbcgkk2i,2025-11-14T03:15:03.118138+00:00
"#PeePee #Canada 

youtu.be/SyAiZ2eMEIs?...",lancetay.bsky.social,2025-11-14T03:08:55.178Z,at://did:plc:3xew4hczefc7m4dauvg7hlxm/app.bsky.feed.post/3m5kpcpyotc2o,2025-11-14T03:15:03.118140+00:00
"📫CITATION - « les foutues chartes des droits et libertés (on vivait très bien avant leur arrivée) »

Loïc Tassé, vivait mieux avant.

#politique #societe #quebec #canada #international #satire

https://lostrogoth.substack.com/p/loic-tasse-vivait-mieux-avant",mplam.mastodon.social.ap.brid.gy,2025-11-14T03:08:21.000Z,at://did:plc:ssg5mre4h34d36xppqn7tzck/app.bsky.feed.post/3m5kpbv5lupo2,2025-11-14T03:15:03.118142+00:00
"Canadian boycott shows no sign of slowing.
October marked the 10th straight month of decline in the number of Canadian travellers to the US. Air travel from Canada to the US dropped nearly 24%, while car travel fell more than 30% when compared to the same period last year www.bbc.com/news/article...",nofilteryamba.bsky.social,2025-11-14T03:07:48.047Z,at://did:plc:h2mvwtfktce2oekobtlx6cfs/app.bsky.feed.post/3m5kpapxz7k2v,2025-11-14T03:15:03.118144+00:00
"Also, just for arguement sake, what do you honestly think would happen if Canada next week said, we are no longer selling Oil and Gas?
How long before we are attacked?
That is why i am worried right now and pro at least get us some military.
We are in dangerous waters right now, face it!",russlikessports.bsky.social,2025-11-14T03:07:44.217Z,at://did:plc:vluhnrzebz5ublcp3idcesu6/app.bsky.feed.post/3m5kpamd5xc2n,2025-11-14T03:15:03.118146+00:00
"I love Autumn 🍂🍁❤️
#micropoem #haiku #Autumn #Canada #westcoast",writingsbyerin.bsky.social,2025-11-14T03:07:26.890Z,at://did:plc:6xxsbwbs6a5r6wpda2mhckql/app.bsky.feed.post/3m5kpa3spsc2z,2025-11-14T03:15:03.118148+00:00
"Bobcat relaxing in the La Canada Wash along The Loop
Oro Valley, AZ
#Travelsky
#ReadRibbetTravels",readribbet.bsky.social,2025-11-14T03:07:11.229Z,at://did:plc:a2bh2ckb64v3rxeaodjyitkd/app.bsky.feed.post/3m5kp7muvr225,2025-11-14T03:15:03.118149+00:00
"Într-o rară apariție publică, șeful serviciului de informații din Canada anunță că a dejucat „amenințări letale” din partea Iranului",romanian-news.bsky.social,2025-11-14T03:06:09.872819280+00:00,at://did:plc:mnq7rvrlqls4gzh6eo6kzhkg/app.bsky.feed.post/3m5kp5t5z5423,2025-11-14T03:15:03.118151+00:00
At a bar and I swear to god they just turned on the Pats game in time for me to see that Henderson touchdown. God is real and he lives in Canada.,marioprime.bsky.social,2025-11-14T03:05:58.818Z,at://did:plc:nqo4xeqcohr3nanxkldejy52/app.bsky.feed.post/3m5kp5hsnak2k,2025-11-14T03:15:03.118153+00:00
"„Am fost vândută pe 1000 de dolari și am trăit 33 de ani în Canada cu un nume fals”. Cazul unei românce adoptate ilegal în anii ’90, revenite în România în căutarea identității",romanian-news.bsky.social,2025-11-14T03:05:46.149618347+00:00,at://did:plc:mnq7rvrlqls4gzh6eo6kzhkg/app.bsky.feed.post/3m5kp54onmp2h,2025-11-14T03:15:03.118155+00:00
"What do Canada, Venezuela, and Nigeria have in common? Hmm, it’s on the tip of my tongue but I can’t quite get it.",infinitedetritus.bsky.social,2025-11-14T03:05:40.459Z,at://did:plc:mnljgjykoo5dc34lcviknyct/app.bsky.feed.post/3m5kp4wcdkk27,2025-11-14T03:15:03.118157+00:00
Same thing happened in Canada.,gordonsoutham.bsky.social,2025-11-14T03:05:39.817Z,at://did:plc:sa7ksnpfglupsjjtmgfiroek/app.bsky.feed.post/3m5kp4voqm22m,2025-11-14T03:15:03.118159+00:00
"The taxes rates in both countries are very comparable, considering people in Canada complain about being taxed too much. And ours include healthcare and mat leave etc.",as-per-danielle.bsky.social,2025-11-14T03:05:38.876Z,at://did:plc:cyc5ctkx45gpl5z4npwdhfis/app.bsky.feed.post/3m5kp4urzns2q,2025-11-14T03:15:03.118160+00:00
"In the USA, raids by masked federal agents are disappearing people, even US citizens, off the streets. Trump has antagonized and targeted co-hosts Canada and Mexico with an unnecessary and harmful tariff and border regime.",boycottusa2026.org,2025-11-14T03:05:23.574Z,at://did:plc:mp55trvhvhk2qceekr4ncpgv/app.bsky.feed.post/3m5kp4jbmls24,2025-11-14T03:15:03.118162+00:00
Engineer Sr Analyst - Mississauga Ontario Canada Job educativ.net/jobs/job/48598...,educativ.bsky.social,2025-11-13T22:05:16.918-05:00,at://did:plc:voa5jj4mjj2u76o7cp6qanjz/app.bsky.feed.post/3m5kp47wqla2t,2025-11-14T03:15:03.118164+00:00
The North Coast transmission line was also on the latest list of projects picked for the Major Projects Office to review. Carney also announced BC Hydro will get a $139.5-million loan from the Canada Infrastructure Bank to support initial work on the transmission line.,elee-2025.bsky.social,2025-11-14T03:04:52.898Z,at://did:plc:danvpxlraicwlv4rdb575vlu/app.bsky.feed.post/3m5kp3ixayc2m,2025-11-14T03:15:03.118166+00:00
"Product Recall

Life Brand Magnesium Bisglycinate 200mg

Market Authorization: NPN 80123198
Dosage form: Capsule
Lot: All lots (since July 2023)

Issue: Affected lots contain an undeclared ingredient (Magnesium Oxide).

#Canada 

recalls-rappels.canada.ca/en/alert-rec...",cmcalgary.bsky.social,2025-11-14T03:04:43.284Z,at://did:plc:cotdccb2x4rhir44fokzmszk/app.bsky.feed.post/3m5kp37s26c2m,2025-11-14T03:15:03.118168+00:00
"HOPE THE WHALES & DOPHINS & SHARKS DON'T MIND
B.C.’s second-largest LNG project is one you’ve probably never heard of
The Ksi Lisims facility near the Nass estuary, backed by the Nisg̱a’a Nation, would produce nearly as much liquefied natural gas per year as the LNG Canada plan",elee-2025.bsky.social,2025-11-14T03:03:09.209Z,at://did:plc:danvpxlraicwlv4rdb575vlu/app.bsky.feed.post/3m5koyg2ki22m,2025-11-14T03:15:03.118170+00:00
"I def want to be Duchess of Mousehole.

Is there a Squirrelnestshire?

Can we make it up like Edward did?

Princess of Minard

Sounds good to me. All my lineages lead back to ancient Kings of England, France, Scotland, Scandinavia & Ireland.

How did my family end up in Canada with that bloodline?",angelamcewen.bsky.social,2025-11-14T03:02:47.264Z,at://did:plc:xyd6rnb2s3bztytz7yyg5w43/app.bsky.feed.post/3m5koxr4vrc2i,2025-11-14T03:15:03.118172+00:00
"Tari Eason Off To Hot Start In Early Going

TORONTO, CANADA - OCTOBER 29: Tari Eason #17 of the Houston Rockets celebrates after scoring against the Toronto Raptors during the second half at Scotiabank Arena on October 29, 2025 in Toronto, Canada. NOTE TO USER: User expressly acknowledges and…",megapickz.bsky.social,2025-11-14T03:02:46Z,at://did:plc:sa2zhpp5vgznbrdn3hxcvg6s/app.bsky.feed.post/3m5koxrxg5d27,2025-11-14T03:15:03.118174+00:00
God keep our land glorious & free. Oh Canada we stand on guard for thee! (Unfortunately Stars thrashed the Habs 7-0),six18sfoundry.bsky.social,2025-11-14T03:02:43.860Z,at://did:plc:clnbplxqeizq53334ska4dr7/app.bsky.feed.post/3m5koxnv7fs2x,2025-11-14T03:15:03.118176+00:00
Big Data Lead Developer - Vice President - Mississauga Ontario Canada Job educativ.net/jobs/job/48598...,educativ.bsky.social,2025-11-13T22:02:08.916-05:00,at://did:plc:voa5jj4mjj2u76o7cp6qanjz/app.bsky.feed.post/3m5kowmndwg2z,2025-11-14T03:15:03.118177+00:00
"Tari Eason Off To Hot Start In Early Going

https://www.rawchili.com/nba/409225/

TORONTO, CANADA – OCTOBER 29: Tari Eason #17 of the Houston Rockets celebrates after scoring against the Toronto…",rawnba.bsky.social,2025-11-14T03:02:04+00:00,at://did:plc:xlulqhjwqq6alvjkht57sbm5/app.bsky.feed.post/3m5kowkmzex2h,2025-11-14T03:15:03.118179+00:00
"uuuuhhh I usually drink coffee or tea at night, either or, I like both, and during the winter I drink it more often throughout the day. 

also for your data logging, I live in Canada",sollizyy.bsky.social,2025-11-14T03:01:47.173Z,at://did:plc:joyc4we5opvspx5yt5tn3tim/app.bsky.feed.post/3m5kovxsz722g,2025-11-14T03:15:03.118181+00:00
"Source

#Canada",canada-cambot.bsky.social,2025-11-14T03:01:20Z,at://did:plc:kdmhcb4wmrqzqg6hn2ps55t4/app.bsky.feed.post/3m5kovbap732h,2025-11-14T03:15:03.118183+00:00
"Palestinians living in Gaza lose lawsuits that would force Canada to process crisis travel visas

Palestinians in Gaza who applied to join relatives in Canada two years ago under Ottawa’s crisis immigration policy but haven’t received travel visas lost their lawsuits trying to force officials to…",todayheadline.bsky.social,2025-11-14T03:00:58Z,at://did:plc:irxdqpoxqzotqwmfjj4u7pg6/app.bsky.feed.post/3m5koukthmf2s,2025-11-14T03:15:03.118185+00:00
"Like I sound like a broken record with the 2 I constantly harp on, but I just dont know how this team does anything with Muller at assistant coach and 24 in the LU. 3.45 xGF/60 again tonight on the 2 PP chances, with 0 HD opportunities. Why I treated the CAR game as a fluke. Hockey Matt Canada",thehitmanpunk.bsky.social,2025-11-14T03:00:54.521Z,at://did:plc:b4paoe6dnxyambbfut4l466a/app.bsky.feed.post/3m5koufm7a22s,2025-11-14T03:15:03.118186+00:00
"""Most influential person"" - Prime Minister #MarkCarney 🍁♥️🍁
#Canada

torontolife.com/deep-dives/p...",jodieturner.bsky.social,2025-11-14T03:00:40.176Z,at://did:plc:l3hp4ivt2szjtbo55ldk7f7b/app.bsky.feed.post/3m5kotxwggs2r,2025-11-14T03:15:03.118188+00:00
"We could make jets for not only ourselves but our allies too. 

Imagine if Canada pulled the trigger on this one way back, and we could train and supply Ukrainians with jets now. We've sent oodles of Senators, but jets would be even cooler.",kylenki.bsky.social,2025-11-14T03:00:35.907Z,at://did:plc:jjzcthwrmjjwrmyailutkx6i/app.bsky.feed.post/3m5kottu5ik2o,2025-11-14T03:15:03.118190+00:00
I've searched everywhere's here for the sloppy joes spice mixture. Ok panama your slacking a bit. Finally got my cousin to send me 24 packages from Canada.  Off to get tomato paste and buns first thing Friday.,ryanmichaeller.bsky.social,2025-11-14T03:00:29.798Z,at://did:plc:wmhdbndegup542w6gbw2dug6/app.bsky.feed.post/3m5kotnzqnk2i,2025-11-14T03:15:03.118192+00:00
Why Canada is predicted to have a bad flu season and what vaccine mismatch has to do with it nationalpost.com/news/canada/...,nationalpost.bsky.social,2025-11-14T03:00:09.803Z,at://did:plc:us3y4ffbsccju24wbvnlaups/app.bsky.feed.post/3m5kot2y7lz2v,2025-11-14T03:15:03.118193+00:00
"Just what we need Jobs. Its more jobs then what Lockheed Martin created for the F35 in Canada (with an estimated 3,300 over 25 years)",brad365.bsky.social,2025-11-14T03:00:06.892Z,at://did:plc:gktv6ywcopj34zpo2vqao5wi/app.bsky.feed.post/3m5kosy6ojs2x,2025-11-14T03:15:03.118195+00:00
Sold!,davidbrace2.bsky.social,2025-11-14T03:00:01.757Z,at://did:plc:rcuw37omqud7tokjtqv2zr4q/app.bsky.feed.post/3m5kostciic27,2025-11-14T03:15:03.118197+00:00
Peak Canada tonight,balambsprings.bsky.social,2025-11-14T02:59:54.175Z,at://did:plc:u6mqp57ul4tiisjuly2t73mz/app.bsky.feed.post/3m5kosm2tfk2a,2025-11-14T03:15:03.118199+00:00
4/- lectures in Congress? JB got more foreign interference intel from Canada that alarmed them enuff to give it to USA in real time-before J6. You held the line & The People demanded you do it. Then your ppl got calls from lobbyists like Airlines for America & you met the moment by caving & not,semireflection.bsky.social,2025-11-14T02:59:33.313Z,at://did:plc:dztnobglcuywvvft7ldnyy6f/app.bsky.feed.post/3m5kos2p56c2a,2025-11-14T03:15:03.118201+00:00
He’s guilty! @canada-keith.bsky.social @ladykatherine.bsky.social @realtexaspaul.com @loveshine204.bsky.social @suzyqfit4u.bsky.social @yoksig.bsky.social @housedemocrats.bsky.social @maddow.msnbc.com,skyred1250.bsky.social,2025-11-14T02:59:14.963Z,at://did:plc:gogvp4spurzklveenuxc3tyf/app.bsky.feed.post/3m5korgodcs2o,2025-11-14T03:15:03.118202+00:00
"Rare earth elements big potential
Rare earth elements & minerals thrust into the political spotlight Newfoundland & Labrador has them buried underground; has  industry optimistic about potential.
CEO Joseph Lanzon said Labrador is rich in rare earth deposits.
www.cbc.ca/news/canada/...",elee-2025.bsky.social,2025-11-14T02:59:13.786Z,at://did:plc:danvpxlraicwlv4rdb575vlu/app.bsky.feed.post/3m5korfk26k2m,2025-11-14T03:15:03.118210+00:00
Lead Java Developer - Mississauga Ontario Canada Job educativ.net/jobs/job/48598...,educativ.bsky.social,2025-11-13T21:58:17.855-05:00,at://did:plc:voa5jj4mjj2u76o7cp6qanjz/app.bsky.feed.post/3m5kopqbvgw2z,2025-11-14T03:15:03.118212+00:00
"Transparency International rates 180 nations on a corruption index  www.transparency.org/en/cpi/2024
A few, from best to worst:

Denmark   1
Switz.   5
Canada 15
UK - Japan 20 (tie)
USA 28
Ukraine 105
Ecuador 121
Mexico 140
Russia 154
N. Korea 170
S. Sudan 180

Read about their methodology.",hounddog.bsky.social,2025-11-14T02:58:17.502Z,at://did:plc:gcdl7a2trhsxiwow3v5ioe56/app.bsky.feed.post/3m5koppugcs2o,2025-11-14T03:15:03.118213+00:00
,ralphpoppy.bsky.social,2025-11-14T02:58:08.999Z,at://did:plc:353e4vjqtoc36tdyudkjaflj/app.bsky.feed.post/3m5kophr4hk2h,2025-11-14T03:15:03.118215+00:00
"Order another 16 F35 planes, then the rest 72 planes should be these made in #Canada",vdogg333.bsky.social,2025-11-14T02:58:05.036Z,at://did:plc:42qbbzen5o6ggsqvvhvp2jnv/app.bsky.feed.post/3m5kopdxxj22n,2025-11-14T03:15:03.118217+00:00
It's a 0-0 draw after Canada went down to 10 players against Ecuador.,tsnofficial.bsky.social,2025-11-14T02:58:02.004Z,at://did:plc:zazcjahlcb3jfrhcriq7xpn7/app.bsky.feed.post/3m5kopb3z4s23,2025-11-14T03:15:03.118219+00:00
"if you're not watching Traitors Canada, you're missing such gems as someone trying to prove they're not a good actor by saying ""My 'Legally Blonde' musical where I was a supporting actress and got a bad review in the Ottawa Citizen?""",stelliferant.bsky.social,2025-11-14T02:57:49.676Z,at://did:plc:h66ktpt2sfqkdfpwapc534mx/app.bsky.feed.post/3m5koovd6js2x,2025-11-14T03:15:03.118221+00:00
,ralphpoppy.bsky.social,2025-11-14T02:57:21.041Z,at://did:plc:353e4vjqtoc36tdyudkjaflj/app.bsky.feed.post/3m5konzzki22h,2025-11-14T03:15:03.118222+00:00
"Bonjour! 

J’ai supprimé mon compte Fb récemment et me voilà! 
J’essaie de ne familiariser avec Bluesky tranquillement… 
Je n’ai aucun ami ici ;)
Avez-vous des suggestions pour faciliter mon intégration dans votre communauté? 
Question d’avoir envie de rester! 
Je suis de Montréal, au Canada 🙂",poissonjaune.bsky.social,2025-11-14T02:57:17.567Z,at://did:plc:ieo55swjoz3pobaw7ggr3pk3/app.bsky.feed.post/3m5konwpd2s27,2025-11-14T03:15:03.118224+00:00
"when i was in quebec we went to canada computer and they had a display thing with every key switch ever, and i just went though them all one by one and concluded that i like the kind i already have the most",yuricamper.bsky.social,2025-11-14T02:56:52.150Z,at://did:plc:xotl3mugylth466uhfp3burr/app.bsky.feed.post/3m5kon6ixsj2v,2025-11-14T03:15:03.118226+00:00
,ralphpoppy.bsky.social,2025-11-14T02:56:49.014Z,at://did:plc:353e4vjqtoc36tdyudkjaflj/app.bsky.feed.post/3m5kon3i64c2h,2025-11-14T03:15:03.118228+00:00
"Don't be the guy who has to explain why Canada had to buy out another pipeline project. I truly believe that JT did that to keep us out of the 'secret' international trade courts. AND if that is what you are doing, be transparent. Please.",jo-smack.bsky.social,2025-11-14T02:56:29.997Z,at://did:plc:6a42z36woesnkyjomffgclun/app.bsky.feed.post/3m5komjdkz22t,2025-11-14T03:15:03.118231+00:00
"Swedish manufacturer says 10,000 new jobs could soon come to Canada

www.ctvnews.ca/politics/art... #cdnpoli",solarab.bsky.social,2025-11-14T02:56:18.424Z,at://did:plc:prhg7e4i6rmbpzhxgb4vdc36/app.bsky.feed.post/3m5kom6ch7c2f,2025-11-14T03:15:03.118233+00:00
"This is how ignorant and stupid a lot of people are. This is what we're up against Canada. There are 77 MILLION morons living south of our border right now. If that doesn't scare the living $#!+ out of you, I don't know what will. 
The nation has an infection that will take some time to heal.",auntyr.bsky.social,2025-11-14T02:55:57.721Z,at://did:plc:xwqu7kcma2zadiclsnnbuw2r/app.bsky.feed.post/3m5kolkl5zs22,2025-11-14T03:15:03.118235+00:00
"Had fun trying to explain to my Mom how very little TPCi cares about Canada, she is very upset I can't make it to Toronto regionals because pay happens after reg opened, she wants TPCi to use larger venues with how popular comp is.",violetswamp.bsky.social,2025-11-14T02:54:51.757Z,at://did:plc:wyoitfmuqfvppnbzxq3hwlnj/app.bsky.feed.post/3m5kojlnjj22j,2025-11-14T03:15:03.118237+00:00
Same in Canada!  Freaked me out when I first moved that all the cars stopped when I approached a crosswalk.,bcvet.bsky.social,2025-11-14T02:54:46.045Z,at://did:plc:lztwzxweou5kxkmrutnyalnz/app.bsky.feed.post/3m5kojg7aec2o,2025-11-14T03:15:03.118239+00:00
"WEDNESDAY: Red Velvet VS Tatum Paxley in an I Quit match at Montreal, Canada! -- MELTZER: ★★★★★¼",wrestlingbookerbot.bsky.social,2025-11-14T02:54:43.80618100Z,at://did:plc:5wj6ybduszn326bqprfw4yto/app.bsky.feed.post/3m5kojjawiq2u,2025-11-14T03:15:03.118240+00:00
"Him:""Wait so its cannon now?""

Sub titles: ""wait so its Canada?:",idkwhoiamanymore.bsky.social,2025-11-14T02:54:24.679Z,at://did:plc:mkvbm5ilmbplmcyll3zh3sb6/app.bsky.feed.post/3m5koirta422t,2025-11-14T03:15:03.118242+00:00
"This regressive conservative party deserves to die. If these right wing people in Canada insist on the keeping these religious zealots attached to themselves, they’re never going to emerge from any ashes to be anything other than a great big ball of crap.",memedavis.bsky.social,2025-11-14T02:53:33.474Z,at://did:plc:3y3pn34umhx5eralfbd5qdnk/app.bsky.feed.post/3m5kohaykak2z,2025-11-14T03:15:03.118244+00:00
@markcarey93.bsky.social @zoeroyer.bsky.social why not in Canada?,lasta2.bsky.social,2025-11-14T02:53:29.801Z,at://did:plc:izx2opj34r4kohgnodrwf5fd/app.bsky.feed.post/3m5koh5in6s25,2025-11-14T03:15:03.118246+00:00
"Compassion: #Elbowsup

Canada show your ❤️ 

For the great People of Gaza Palestine who are facing the unfathomable and could use a hand up by supporting this initiative - Free Emergency Triage Point for all in need;

#Ableg #Cdnpoli 
#Gaza #Palestine 

www.gofundme.com/f/support-dr...",jimmydp01.bsky.social,2025-11-14T02:53:19.370Z,at://did:plc:x2fori67bggzcj2a6c7sj6ur/app.bsky.feed.post/3m5kogtkbos2o,2025-11-14T03:15:03.118248+00:00
" Defence, Security & Resilience Bank: multilateral lending institution by collective of countries:  
NATO & Indo-Pacific allies.
HEAD OFFICE Canada, ~ 3,500 DEFENCE FINANCE JOBS 
HUB: Member countries Meetings say Kevin Reed, president bank development group.
www.theglobeandmail.com/politics/art...",elee-2025.bsky.social,2025-11-14T02:52:57.298Z,at://did:plc:danvpxlraicwlv4rdb575vlu/app.bsky.feed.post/3m5kog6ik4k2m,2025-11-14T03:15:03.118249+00:00
"Nov 13, 1875: the Toronto, Simcoe & Muskoka Junction Railway opens from Allandale to Gravenhurst. By this date it was officially known as the Muskoka Branch of the Northern Railway of Canada.",torailwaymuseum.bsky.social,2025-11-14T02:52:53.519Z,at://did:plc:5uazijkjmn3ho4cxulpykiz4/app.bsky.feed.post/3m5kog2vbnc2b,2025-11-14T03:15:03.118251+00:00
"""The Swedish manufacturer of the Gripen fighter jet, SAAB, says 10,000 manufacturing and research jobs could land in Canada if Ottawa adds the aircraft to its military fleet.""

www.ctvnews.ca/politics/art...",fergusthepug.bsky.social,2025-11-14T02:52:46.398Z,at://did:plc:nqewtgfxakhot54in5w5j63q/app.bsky.feed.post/3m5kofu3vlk2t,2025-11-14T03:15:03.118253+00:00
"Which, as a gauge for those who haven't had kidney stones before (and not that I put _terribly_ much stock in such comparative scales, as pain is extremely subjective and individual), here is a ""guide"" to what the pain is like:",itsnonnabee.bsky.social,2025-11-14T02:52:41.528Z,at://did:plc:qfhzflpgenzuocflgq2kxohh/app.bsky.feed.post/3m5kofphaqs2i,2025-11-14T03:15:03.118255+00:00
"The punishment for wanting to immigrate to the US is being here--rather than in Australia, Canada, Costa Rica, Denmark, Finland, France, Germany, Ireland, the Netherlands, New Zealand, Norway, Portugal, South Korea, Spain, Sweden, Switzerland, the UK, or Uruguay. v3",huntergreer.bsky.social,2025-11-14T02:52:38.701Z,at://did:plc:vn2x2xguefzdai3pgrmznmv7/app.bsky.feed.post/3m5kofmqyyc23,2025-11-14T03:15:03.118257+00:00
"Watch my free cam shows here

https://erosome.com/Anna

#ass #porn #pussy #dating #onlyfans #fansly #thick #anal #naughty #nudes #boobs #fuck #sex #naked #photography #today #bigboobs #nsfw #tease #nsfwbluesky #goonsky #onlyfans #canada #nyc #wet #squirt #cum #body #skinny #horny #thick",annayourgf.bsky.social,2025-11-14T02:52:26.193725+00:00,at://did:plc:znls5u2546qanexftoxul5xo/app.bsky.feed.post/3m5kofazuzf2u,2025-11-14T03:15:03.118258+00:00
"PCA, a newly created provincial agency that handles primary health services, said it has identified 12 tuberculosis cases so far this year that were connected to central Edmonton & people experiencing homelessness.

www.cbc.ca/news/canada/...",a1955model.bsky.social,2025-11-14T02:52:12.029Z,at://did:plc:5bmbxpl7j6m7nvuqkrzo6rat/app.bsky.feed.post/3m5koetd24c2i,2025-11-14T03:15:03.118260+00:00
"Great reporting here by @poitrasj.bsky.social on the Supreme Court hearing about New Brunswick’s former unilingual Anglo Lieutenant Governor. 
www.cbc.ca/news/canada/...",alisoncrawford.bsky.social,2025-11-14T02:51:58.141Z,at://did:plc:23buomm6ihsxc7ngw4hvh5bn/app.bsky.feed.post/3m5koeg3alk23,2025-11-14T03:15:03.118262+00:00
"""The commander of the Royal Canadian Navy says his 'perfect' scenario would be to get [a #submarine] order into an existing production line so that Canada can quickly get its hands on a sub originally designed for use by #Norway, #Germany or South #Korea.""🤔#procurement - https://x.com/MAAWLAW/sta...",noagendamedia.bsky.social,2025-11-14T02:51:47.670492+00:00,at://did:plc:3nmysccrsm6tca27soiqi4uj/app.bsky.feed.post/3m5koe4h34j2s,2025-11-14T03:15:03.118264+00:00
"Come masturbate with me

https://erosome.com/Anna

#ass #porn #pussy #dating #onlyfans #fansly #thick #anal #naughty #nudes #boobs #fuck #sex #naked #photography #today #bigboobs #nsfw #tease #nsfwbluesky #goonsky #onlyfans #canada #nyc #wet #squirt #cum #body #skinny #horny #thick",annayourgf.bsky.social,2025-11-14T02:51:22.817914+00:00,at://did:plc:znls5u2546qanexftoxul5xo/app.bsky.feed.post/3m5kodelwxi2w,2025-11-14T03:15:03.118266+00:00
"Sadly, Americans will fall for it, no matter how stupid. Maybe he’s put up more gold! Opened another wall on the east wing! Wants to annex Canada and Cancun so he can collect the Cs… everything he posts, everything he announces becomes 24.7 news.",ajcmtl.bsky.social,2025-11-14T02:51:20.467Z,at://did:plc:s7k2lkspkwh53uizcxkky3ig/app.bsky.feed.post/3m5kodc5ils2n,2025-11-14T03:15:03.118268+00:00
"#TB is no joke. It #killed millions before treatment was available and a new strain COULD be terrifying...we need to take care of our most #vulnerable, #homeless. 
www.cbc.ca/news/canada/...",nandanainthegarden.bsky.social,2025-11-14T02:51:13.042Z,at://did:plc:b7tjp4yaqcy2crro6sumg5zy/app.bsky.feed.post/3m5kod32vmk2p,2025-11-14T03:15:03.118270+00:00
"I stopped being surprised by American ignorance after watching a couple of Jimmy Kimmel's street interviews where passersby couldn't even identify the U.S., Mexico, or Canada on a map.",semperloquatius.bsky.social,2025-11-14T02:51:12.150Z,at://did:plc:2mvegtjtk2f7bx7o6mn7v23l/app.bsky.feed.post/3m5kod27nkc2w,2025-11-14T03:15:03.118271+00:00
Gonna be a weird time for Venezuela to play a soccer match (against Canada) in Florida next Tuesday. I hope ICE doesn’t ruin it for the fans. #CanMNT,markscrivens.bsky.social,2025-11-14T02:50:35.892Z,at://did:plc:glyff4jgfxzgs5hwq2wqfpu2/app.bsky.feed.post/3m5kobxn6d22j,2025-11-14T03:15:03.118273+00:00
"Let's chat, free cam shows for you

https://erosome.com/Anna

#ass #porn #pussy #dating #onlyfans #fansly #thick #anal #naughty #nudes #boobs #fuck #sex #naked #photography #today #bigboobs #nsfw #tease #nsfwbluesky #goonsky #onlyfans #canada #nyc #wet #squirt #cum #body #skinny #horny #thick",annayourgf.bsky.social,2025-11-14T02:50:19.097804+00:00,at://did:plc:znls5u2546qanexftoxul5xo/app.bsky.feed.post/3m5kobhtr2s2s,2025-11-14T03:15:03.118275+00:00
Canada in one news day,tedmccormick.bsky.social,2025-11-14T02:50:16.919Z,at://did:plc:ymninynadpwv67q7hxiqy7h2/app.bsky.feed.post/3m5kobfkfss23,2025-11-14T03:15:03.118277+00:00
"Public Gardens Halifax, Nova Scotia Canada",ladyscotia.bsky.social,2025-11-14T02:50:15.990Z,at://did:plc:nsjz6ba36i5rq4bbfdpbrzfq/app.bsky.feed.post/3m5kobeol6s2s,2025-11-14T03:15:03.118279+00:00
The CPC itself has to go; Canada needs progressive conservatives.,boomernightwatch.bsky.social,2025-11-14T02:50:07.266Z,at://did:plc:gxf2jfzwb7cw4lgilkfiqi67/app.bsky.feed.post/3m5kob4dkbc2o,2025-11-14T03:15:03.118281+00:00
"More than two years after separating from Justin Trudeau, Sophie Grégoire Trudeau seems to coping with her ex’s public romance with singer Katy Perry

nationalpost.com/news/canada/...",nationalpost.bsky.social,2025-11-14T02:50:04.770Z,at://did:plc:us3y4ffbsccju24wbvnlaups/app.bsky.feed.post/3m5kob27wy72a,2025-11-14T03:15:03.118282+00:00
"""Chris said, 'Well, yeah, they're not close to us,""' his mother, Shelly Cox, said he told his stepfather on a call shortly before he was killed by a bear on Aug. 8, 2024.

www.cbc.ca/news/canada/...",beedut.bsky.social,2025-11-14T02:50:03.947Z,at://did:plc:tkkavc26q3igmhtglubvingc/app.bsky.feed.post/3m5koaz6bzs2q,2025-11-14T03:15:03.118285+00:00
“The Western Hemisphere is America’s neighbourhood.” He has used his fake war on drugs as motive to show aggression toward Mexico and Canada… very dangerous that he’s claiming the Western Hemisphere as his to “protect”… War in Venezuela is just the trial run for his real targets - Mexico and Canada,yatahole.bsky.social,2025-11-14T02:49:55.797Z,at://did:plc:yq3aq5qzsyhtoaxfa4fjnrgq/app.bsky.feed.post/3m5koarfl2c2q,2025-11-14T03:15:03.118287+00:00
"Militia groups associated with the Syrian Government are enslaving women & girls

Trump welcomes Syrian President who until recently had a $10M bounty as a global terrorist

Trump Believes
Canada=Nasty
Global Terrorists who enslave women=BFF
Feel Great Yet? We Are Now the Swamp😞
tinyurl.com/2fmjyfcc",youvoteyourfuture.bsky.social,2025-11-14T02:49:47.703Z,at://did:plc:mei7sfppfyh4cpl7gvxiptq2/app.bsky.feed.post/3m5koajojrk2u,2025-11-14T03:15:03.118289+00:00
Waterman played the entirety of the scoreless draw that saw Canada go down to ten men in the sixth minute #cf97 #VamosFire,joechatz.bsky.social,2025-11-14T02:49:31.193Z,at://did:plc:v3gkk3tocepaeuoesmpmmywt/app.bsky.feed.post/3m5ko7zwppc2j,2025-11-14T03:15:03.118290+00:00
"Watch my free cam shows here

https://erosome.com/Anna

#ass #porn #pussy #dating #onlyfans #fansly #thick #anal #naughty #nudes #boobs #fuck #sex #naked #photography #today #bigboobs #nsfw #tease #nsfwbluesky #goonsky #onlyfans #canada #nyc #wet #squirt #cum #body #skinny #horny #thick",annayourgf.bsky.social,2025-11-14T02:49:15.786078+00:00,at://did:plc:znls5u2546qanexftoxul5xo/app.bsky.feed.post/3m5ko7lgmvk24,2025-11-14T03:15:03.118292+00:00
"It's unclear what happened to the 21-year-old whale, which DFO has identified in photos as Polyphemus, a whale that migrates between Hawaii and waters off B.C. 
www.cbc.ca/news/canada/...",a1955model.bsky.social,2025-11-14T02:49:04.534Z,at://did:plc:5bmbxpl7j6m7nvuqkrzo6rat/app.bsky.feed.post/3m5ko7aj7i22i,2025-11-14T03:15:03.118294+00:00
"Why Canada-US-Global relations will never be the same - 2025 in Review #6

'Trump's trade war is the blanket attack on America's allies around the world, and particularly on it's neighbours and largest trading partners, Mexico \& Canada.'
themapleleafrag.substack.com/p/magamerica...",rkatkinson.bsky.social,2025-11-15T03:08:07.457Z,at://did:plc:u2gi4zytc7hrkgnz4dr72h6x/app.bsky.feed.post/3m5n7q7x5bc24,2025-11-15T03:09:06.949108+00:00
Every Canadian should hear this video. Pierre showing who he really is. Not a worthy leader for any party or for Canada.,daninnis.bsky.social,2025-11-15T03:08:01.754Z,at://did:plc:c3x4niybgfjnzclfw2w24hml/app.bsky.feed.post/3m5n7q2j3wk2v,2025-11-15T03:09:06.949124+00:00
Thanks Trump for making Canada Greater. 🍁,jeffthompson48.bsky.social,2025-11-15T03:07:42.652Z,at://did:plc:gfvuan7x27wvojv2qjl4v5er/app.bsky.feed.post/3m5n7pic6mc2w,2025-11-15T03:09:06.949127+00:00
"Canada & Sweden’s $21B Defense Upgrade Changes Everything!
As we explore this alliance, we'll uncover how these developments redefine the security landscape from the Baltics to the Arctic. Join us in decoding this pivotal moment in global defense strategy. 
youtu.be/Ew934hg37yI?...",colleenchanel.bsky.social,2025-11-15T03:07:40.944Z,at://did:plc:lnrfjmn464aaljacqvzoa2wl/app.bsky.feed.post/3m5n7pgo5l22m,2025-11-15T03:09:06.949129+00:00
Im fighting with Canada,hosea6.bsky.social,2025-11-15T03:07:11.388Z,at://did:plc:sw4snirgj6nhsegdjvrlp4gv/app.bsky.feed.post/3m5n7okhzhx2c,2025-11-15T03:09:06.949132+00:00
Today I learned that non-alcoholic beers in Canada live in the “New Age Beverage” aisle,sarahgiffrow.bsky.social,2025-11-15T03:06:33.690Z,at://did:plc:cowju3ge4qeqlbuxitrnn5ry/app.bsky.feed.post/3m5n7ngjlwk2f,2025-11-15T03:09:06.949134+00:00
"„Am fost vândută pe 1000 de dolari și am trăit 33 de ani în Canada cu un nume fals”. Cazul unei românce adoptate ilegal în anii ’90, revenite în România în căutarea identității",romanian-news.bsky.social,2025-11-15T03:05:34.006655685+00:00,at://did:plc:mnq7rvrlqls4gzh6eo6kzhkg/app.bsky.feed.post/3m5n7lolhsh2z,2025-11-15T03:09:06.949136+00:00
Go check on Canada. :>,sparkushuskus.bsky.social,2025-11-15T03:05:33.373Z,at://did:plc:v3kveye6n6epthnf4gzeifx3/app.bsky.feed.post/3m5n7lmytn22f,2025-11-15T03:09:06.949137+00:00
"More than 40% of Canadian births had foreign-born mothers in 2024: StatCan
www.cp24.com/news/canada/...",ferl67.bsky.social,2025-11-15T03:05:12.652Z,at://did:plc:yoorxodgdcylzn6aaxvsn6ca/app.bsky.feed.post/3m5n7kzaibs25,2025-11-15T03:09:06.949140+00:00
"The Empress rewards obedience… and punishes hesitation

#findom #moneykink #bdsm #fetish #yyc #simp #mommy #Canada #discord #finsub #gamersub #kink #femdom #humanatm #yeg #empress #bbw #femsub #MILF #canadianfindom #realnsfw #femelite https://throne.com/calistathorne/wishlist",empresscalista.bsky.social,2025-11-15T03:05:10.724Z,at://did:plc:vxcbk4naudmesuvyvrreryfo/app.bsky.feed.post/3m5n7kyfrvs25,2025-11-15T03:09:06.949142+00:00
"Waste to Energy is the most under-rated clean energy play. ♻️ 🔥 

Check Anaergia (TSX: ANRG) out, great turnaround story: www.businesswire.com/news/home/20...

#cleanenergy #greeneconomy #stocks #market #economy #circulareconomics #canada",ccubed-ca.bsky.social,2025-11-15T03:04:59.632Z,at://did:plc:q5tatib4ezwqrxcdyubkwqho/app.bsky.feed.post/3m5n7kmt6g22u,2025-11-15T03:09:06.949143+00:00
"Naw...it's gotta be something bigger than that. Canada or Mexico, maybe.",kansasgrant.bsky.social,2025-11-15T03:04:44.915Z,at://did:plc:yq667owvlddmo7f7hm7hg6vg/app.bsky.feed.post/3m5n7k6rzek2e,2025-11-15T03:09:06.949145+00:00
"People living in a #Breslau, Ontario neighbourhood received letters this week saying they're expected to pay almost #$14,000 per household for #sewer and #water work done in 2016. #Canada
www.cbc.ca/news/canada/...",chrjcar.bsky.social,2025-11-15T03:03:51.964Z,at://did:plc:6cvqmnqfd4wwyttt7r6xzf4j/app.bsky.feed.post/3m5n7imc5ec2u,2025-11-15T03:09:06.949147+00:00
"11) Autre mystère non résolu, qu'est-il advenu de Madame Kelly ?",patbou.bsky.social,2025-11-15T03:03:19.454Z,at://did:plc:mjls5rzd5yotkqoekwvp5uzc/app.bsky.feed.post/3m5n7hnbzcs23,2025-11-15T03:09:06.949149+00:00
Oui! Canada! 🇨🇦,matthewdp.bsky.social,2025-11-15T03:02:55.723Z,at://did:plc:qwfchkoik7rkulqvxskg3ngt/app.bsky.feed.post/3m5n7gwnqkk2f,2025-11-15T03:09:06.949151+00:00
www.ctvnews.ca/canada/artic...,politicalchew.bsky.social,2025-11-15T03:02:34.509Z,at://did:plc:ywgekcavmuyhkcre677d63ej/app.bsky.feed.post/3m5n7gcgdr22c,2025-11-15T03:09:06.949153+00:00
Recent retiree here. I worked through the quiz at the Canada immigration website and scored too low.,bettybarcode.bsky.social,2025-11-15T03:02:24.920Z,at://did:plc:2eelley4vwgqgk3xd24nedj3/app.bsky.feed.post/3m5n7fzbpis25,2025-11-15T03:09:06.949155+00:00
"Pierre Elliott Trudeau Airport, Quebec, Canada

#Canada",canada-cambot.bsky.social,2025-11-15T03:01:46Z,at://did:plc:kdmhcb4wmrqzqg6hn2ps55t4/app.bsky.feed.post/3m5n7ey62if25,2025-11-15T03:09:06.949156+00:00
Poll shows more young women want to leave U.S. — their top destination is Canada - CityNews Toronto toronto.citynews.ca/2025/11/14/p...,ferl67.bsky.social,2025-11-15T03:01:16.946Z,at://did:plc:yoorxodgdcylzn6aaxvsn6ca/app.bsky.feed.post/3m5n7dyhdmk2z,2025-11-15T03:09:06.949158+00:00
"Fantôme 30
#montreal #centresud #quebec #canada #canon #canonm50 #m50 #smalldick #smallcock #smallpenis #petitpenis #fantome #ghost #bw #b&w #blackandwhite #black&white #noiretblanc #urbain #urban #night #nuit #nightphotography #photodenuit #dh_geophoto #denishebert #copyright 
 anthropogeo.photo",dh-geophoto.bsky.social,2025-11-15T03:01:10.202Z,at://did:plc:rkyhjf6o54tsjpdklr2squip/app.bsky.feed.post/3m5n7ds2c3s2q,2025-11-15T03:09:06.949160+00:00
"🌤️ MONTREAL (Canada):
- 6-day forecast
- Updated 15.11.2025 - 00:22 UTC
- Source: open-meteo.com / Météo-France",forecasts.bsky.social,2025-11-15T03:01:10.029609+00:00,at://did:plc:7fzhuspbuipx55zufutkblbc/app.bsky.feed.post/3m5n7drty632s,2025-11-15T03:09:06.949162+00:00
"Now Playing on KB Radio   by KB Radio is CKKB London, Ontario Canada    https://www.kbradio.online  #kbradio #KB917 #indiemusic",kb-radio.bsky.social,2025-11-15T03:00:34+00:00,at://did:plc:y7vteewsgfphs36twd2cibvl/app.bsky.feed.post/3m5n7cqk2kp2q,2025-11-15T03:09:06.949164+00:00
Calls for Ontario government to protect Jewish students after violent anti-Israel protest nationalpost.com/news/canada/...,nationalpost.bsky.social,2025-11-15T03:00:07.696Z,at://did:plc:us3y4ffbsccju24wbvnlaups/app.bsky.feed.post/3m5n7bwgpdy2v,2025-11-15T03:09:06.949166+00:00
"Just realized Ford was about to cut a deal with the same nightclub operator and labour union at Ontario Place that scored tens of millions in SDF money. No wonder those names looked familiar. Small world, huh.🤔 

www.theglobeandmail.com/canada/artic...",twieditz.bsky.social,2025-11-15T03:00:06.381Z,at://did:plc:gohzvfcoq6fubgy7ltcvv3ta/app.bsky.feed.post/3m5n7bv5vhk26,2025-11-15T03:09:06.949167+00:00
"www.cbc.ca/news/canada/...
Check out this bullshit…",capitanpuffpuff.bsky.social,2025-11-15T02:59:51.249Z,at://did:plc:qsx7l5anknxtzfb6xwmo4izf/app.bsky.feed.post/3m5n7bgq35c2f,2025-11-15T03:09:06.949169+00:00
"We tried to do Algonquin as a family not long after coming to Canada.
The blackflies drove my very English mum and nana back.
youtu.be/f389hIxZAOc?...",hpierce1964.bsky.social,2025-11-15T02:59:35.327Z,at://did:plc:ysqc5nahzb2gci4k443emfs4/app.bsky.feed.post/3m5n7axk5dk2e,2025-11-15T03:09:06.949171+00:00
And Canada,beardofpittsburgh.bsky.social,2025-11-15T02:59:18.715Z,at://did:plc:ve55blmahc7vcy3nrg7bbwqn/app.bsky.feed.post/3m5n7ahp7ns2o,2025-11-15T03:09:06.949173+00:00
"🇺🇸 N326DU - AIRBUS CANADA LP BD-500-1A11 - DELTA AIR LINES INC DAL1224/DL1224, Dallas-Fort Worth (DFW) to Laguardia (LGA) - 4.6 mi away @ 39125 ft, heading ENE at 526 mph. Spotted 9x before! [08:58:52 PM CST] #A384F8 #N326DU #BCS3 #DAL1224 #DL1224 #ADSB #ADSBbot",abovestlouis.com,2025-11-15T02:59:00.770156+00:00,at://did:plc:66e3iqabbdis65t22zyla2wa/app.bsky.feed.post/3m5n77wmyf72k,2025-11-15T03:09:06.949175+00:00
"I agree, I am impressed with his vision of Canada and the actions he has taken so far!",suziewonder.bsky.social,2025-11-15T02:58:57.727Z,at://did:plc:sy5q5mbo2lp4n2bvls3x4mda/app.bsky.feed.post/3m5n77toolk2b,2025-11-15T03:09:06.949177+00:00
"SVP, Technology Delivery Manager (Apps Dev Tech Sr Lead Analyst )- C14 - MISSISSAUGA - Mississauga Ontario Canada Job educativ.net/jobs/job/48660...",educativ.bsky.social,2025-11-14T21:58:19.868-05:00,at://did:plc:voa5jj4mjj2u76o7cp6qanjz/app.bsky.feed.post/3m5n76pohk726,2025-11-15T03:09:06.949178+00:00
And Canada should NOT hold another election in his riding until the next general election,missymouse905.bsky.social,2025-11-15T02:57:56.674Z,at://did:plc:erxb4ejvkm27lqnzihezbzjp/app.bsky.feed.post/3m5n75zyqbk24,2025-11-15T03:09:06.949180+00:00
Welcome to Faith Family Outreach Ministry. Minister Carnegie. Canada ☀️ 🙏 🇨🇦 🍁 ☀️ 🙏 🇨🇦 🍁 ☀️ 🙏 🇨🇦 🍁 ☀️ 🙏 🇨🇦 🍁 ☀️ 🙏 🇨🇦 🍁 ☀️ 🙏 🇨🇦 🍁 ☀️ 🙏 🇨🇦 🍁 ☀️ 🙏 🇨🇦 🍁 ☀️ 🙏 🇨🇦 🍁 ☀️ 🙏 🇨🇦 🍁 ☀️ 🙏 🇨🇦 🍁 ☀️ 🙏 🇨🇦 🍁 ☀️ 🙏 🇨🇦 🍁 ☀️ 🙏 🇨🇦 🍁 ☀️ 🙏 🇨🇦 🍁 ☀️ 🙏 🇨🇦 🍁 ☀️ 🙏 🇨🇦 🍁 ☀️ 🙏 🇨🇦 🍁 ☀️ 🙏 🇨🇦 🍁 ☀️ 🙏 🇨🇦 🍁 ☀️ 🙏 🇨🇦 🍁 ☀️ 🙏 🇨🇦 🍁 ☀️ 🙏 🇨🇦 🍁 ☀️ 🙏 🇨🇦 🍁 ☀️ 🙏 🇨🇦 🍁 ☀️ 🙏 🇨🇦 🍁 ☀️ 🙏 🇨🇦 🍁 ☀️ 🙏 🇨🇦 🍁 ☀️ 🙏 🇨🇦 🍁,lloydmill.bsky.social,2025-11-15T02:57:19.616Z,at://did:plc:hepmgagh4cverv4dmpb5wgd4/app.bsky.feed.post/3m5n74w4sus2z,2025-11-15T03:09:06.949182+00:00
"You’re not the only jealous person. The two are polar opposites and thank God for the blessing bestowed on Canada in the form of an internationally recognized, supremely competent, brilliant, funny and respected leader! 
Oh oh, am I bragging 😁😇",doc4dad.bsky.social,2025-11-15T02:56:33.333Z,at://did:plc:twtbdfw4zcawz27cdi2png7x/app.bsky.feed.post/3m5n73jy4t22n,2025-11-15T03:09:06.949184+00:00
"🩸📚💙Sci-Fi Horror📚🪐

💀Killer Compost
books2read.com/b/47AA5E

🐿️SQUIRRELS
books2read.com/b/mvwBol

🪱Attack of the Mutant Space Maggots
books2read.com/b/3yyrrV

🛸Giant Shrews from Outer Space
books2read.com/b/3LMvdJ

#horror #sciencefiction #humor #sci-fi #bookworm #readingcommunity #booklovers #canada",sylvia-rose-books.bsky.social,2025-11-15T02:56:07.321Z,at://did:plc:j5kweeqaeeg6eb53ikzch5ha/app.bsky.feed.post/3m5n72r6dhc23,2025-11-15T03:09:06.949186+00:00
"#NotKnownEnough 
Day 15

Seven Day Fool
Jully Black
From ""Revival""

Canada isn't known for its smokin' soul music (understatement), but Jully Black really brings the heat here. She's part of a growing trend of Black Canadian musicians.

www.youtube.com/watch?v=Jzhl...",noisysun.bsky.social,2025-11-15T02:56:04.712Z,at://did:plc:acqmtyjihrxxv5e3femwj7un/app.bsky.feed.post/3m5n72oooms24,2025-11-15T03:09:06.949188+00:00
"🌐🎭 Stay tuned to cjsf.ca or our socials for more coverage and content like this!

#cjsf #communityradio #SFU #Burnaby #BC #music #arts #talk #radio #Canada #reviews #interviews",cjsfradio.bsky.social,2025-11-15T02:56:02.340Z,at://did:plc:oljisw7dm4jolxbvbi2qmldz/app.bsky.feed.post/3m5n72mgc7s2r,2025-11-15T03:09:06.949189+00:00
"If you want to help elect a left-populist leader right here in Canada, join our campaign today - and let’s fight together for a government that serves us all. 

lewisforleader.ca",avilewis.ca,2025-11-15T02:54:42.707Z,at://did:plc:idsofvph6jyjtkumhhla6n5e/app.bsky.feed.post/3m5n6yai3mk2n,2025-11-15T03:09:06.949191+00:00
Hmm @netflix.com Canada... Where did my #Smackdown feed go???,imjustme73.bsky.social,2025-11-15T02:52:11.651Z,at://did:plc:6pg2x3vk3ukjebpfw2nohda4/app.bsky.feed.post/3m5n6tqgaxs2n,2025-11-15T03:09:06.949208+00:00
What if Nation-building in Canada meant reliable EV infrastructure coast to coast?,skaysmall.bsky.social,2025-11-15T02:51:44.448Z,at://did:plc:3d4hnsi5terpvcvfja77tuv2/app.bsky.feed.post/3m5n6swi3k22y,2025-11-15T03:09:06.949210+00:00
"Hey #Canada, #LoblawsBreadPrice Fixing 

#settlement for all #Canadian who bought bread over the years is eligible to claim  without proof of purchase.   

Simple online 3 ninute sign up   

Do it just so you can #donate the GC to Foodbanks, Charities, shelters! So easy. 

www.cbc.ca/news/busines...",spudislander45.bsky.social,2025-11-15T02:51:32.468Z,at://did:plc:v3eup4rzroyniw2x7bmsdzgt/app.bsky.feed.post/3m5n6sl2id227,2025-11-15T03:09:06.949211+00:00
"You could do it via House rules/Standing Orders, caucus/party constitutions, and/or a lParliament of Canada Act tweak. A similar Manitoba law (since repealed) withstood a Charter challenge.",jaredwesley.ca,2025-11-15T02:51:28.203Z,at://did:plc:56h2yvgkmqveqllxmgk7r6dp/app.bsky.feed.post/3m5n6sgydbs2y,2025-11-15T03:09:06.949213+00:00
Parker is the Vichy Leader Pierre Laval of Canada and should end up with the same fate.,voscovery.bsky.social,2025-11-15T02:51:07.731Z,at://did:plc:i2grq5k4gqwyilcjuftzluyx/app.bsky.feed.post/3m5n6rthl3s22,2025-11-15T03:09:06.949215+00:00
"#nowplaying

Boards of Canada - Staircase Whip

Streaming live on greattunes.net.",greattunes.net,2025-11-15T02:51:00.880Z,at://did:plc:oylvcvdbqz5lrdufsds6x4sp/app.bsky.feed.post/3m5n6tid63k2g,2025-11-15T03:09:06.949217+00:00
"Southwest Ontario this week.

More work at my inventor's bench.

#photography #stratford #canada #cycling #gravelbike",f800gecko.mastodon.online.ap.brid.gy,2025-11-15T02:49:53.000Z,at://did:plc:su5mik4dqwjpmmlrfv337dky/app.bsky.feed.post/3m5n6qjwg3qa2,2025-11-15T03:09:06.949218+00:00
He won't do that now that Canada has opened a consulate. Article 5 would prevent him from doing just that. Boo hoo for the orange clown king. Just saying.,16screwsloose.bsky.social,2025-11-15T02:49:22.190Z,at://did:plc:hrbun4ilfbqnooztkqq64d4n/app.bsky.feed.post/3m5n6oosppk2a,2025-11-15T03:09:06.949220+00:00
or Canada 🇨🇦,pixiedust67.bsky.social,2025-11-15T02:49:12.232Z,at://did:plc:s5y5imbvvl3ficnzlkgtdcvq/app.bsky.feed.post/3m5n6ofct4223,2025-11-15T03:09:06.949222+00:00
"Honestly, Ontario banning speed cameras and most bike lanes is a pretty big blow to urbanist optimism in Canada.

The province is 40% of Canada’s population!",ohtheurbanity.bsky.social,2025-11-15T02:49:00.801Z,at://did:plc:oov3xxwkf7mfa3zebsplltyd/app.bsky.feed.post/3m5n6o2fxzc2h,2025-11-15T03:09:06.949224+00:00
"How about nationalizing groceries, rail, telecommunications? This is the most boring “country building” Canada has ever seen. Just more of the same old crap that got us into this pickle",bikehounds.bsky.social,2025-11-15T02:48:14.015Z,at://did:plc:mffleklavar7335rcc64ek3g/app.bsky.feed.post/3m5n6mns6ks2u,2025-11-15T03:09:06.949225+00:00
"Are they supposed to be? 
Nope.
Are they actually being investigated or is money just changing hands and then the finding is no finding 3 million corrupt bucks later? 
Don't let me down Canada. 
Sometimes even from within the investigation it becomes so obvious and they need to get it out there.",weresolvingsociety.bsky.social,2025-11-15T02:48:04.791Z,at://did:plc:mqd34zurbdfiriymdhv2h6rm/app.bsky.feed.post/3m5n6meynrk2h,2025-11-15T03:09:06.949227+00:00
"youtu.be/t0TZNLDbMBk?...
When is Canada getting its own Taskmaster? We will be in withdrawals until the next season.",copperside.bsky.social,2025-11-15T02:48:03.870Z,at://did:plc:d2szoyvsasrqhw3h5gaqlz2v/app.bsky.feed.post/3m5n6me4mcs2p,2025-11-15T03:09:06.949229+00:00
"Are they supposed to be? 
Nope.
Are they actually being investigated or is money just changing hands and then the finding is no finding 3 million corrupt bucks later? 
Don't let me down Canada. 
Sometimes even from within the investigation it becomes so obvious and they need to get it out there.",weresolvingsociety.bsky.social,2025-11-15T02:47:58.855Z,at://did:plc:mqd34zurbdfiriymdhv2h6rm/app.bsky.feed.post/3m5n6m7djus2h,2025-11-15T03:09:06.949231+00:00
www.cbc.ca/news/canada/...,justice.im,2025-11-15T02:47:23.741Z,at://did:plc:4m5riciji4e3oi66g2iglgbu/app.bsky.feed.post/3m5n6l5twuc2o,2025-11-15T03:09:06.949232+00:00
$35 to ship a calendar to Canada! I don’t think so!  I think you may be a bit addlepated….,old-traveller.bsky.social,2025-11-15T02:47:16.045Z,at://did:plc:xuvuhgjeptmml4abimifaxdz/app.bsky.feed.post/3m5n6kwj3ac2h,2025-11-15T03:09:06.949234+00:00
"Source

#Canada",canada-cambot.bsky.social,2025-11-15T02:47:09Z,at://did:plc:kdmhcb4wmrqzqg6hn2ps55t4/app.bsky.feed.post/3m5n6kt2bfj2r,2025-11-15T03:09:06.949236+00:00
"DHL is the worst coming into Canada
 
Drops my packages off in an unknown town, not mine, at an unknown partner location and then has the audacity to send me the 89th text along the way, to say it has been delivered 
Chat box assures me it has been delivered",whereiswiseoldowl.bsky.social,2025-11-15T02:47:02.049Z,at://did:plc:2f2hj2uzsrkcjlr4a6crcf3v/app.bsky.feed.post/3m5n6kj5wc22r,2025-11-15T03:09:06.949238+00:00
"Invading Greenland or Canada would make the US North America's version of Russia.  I mean, you'll be halfway there with Venezuela  anyway 🤷‍♀️",lakefrontdaisy1.bsky.social,2025-11-15T02:46:00.716Z,at://did:plc:xl5gwwaeebelpr6lij65rmmu/app.bsky.feed.post/3m5n6ioo6rs2m,2025-11-15T03:09:06.949239+00:00
www.cbc.ca/news/canada/...,justice.im,2025-11-15T02:45:55.608Z,at://did:plc:4m5riciji4e3oi66g2iglgbu/app.bsky.feed.post/3m5n6ijscis2a,2025-11-15T03:09:06.949241+00:00
"One US company starting Canadian operation:
""The company said nearly 98% of its 1 million Sour Puss bottles sold last year were in Canada, amounting to Canadian sales of $23 million""
torontosun.com/news/nationa...",tapirtrouble.bsky.social,2025-11-15T02:45:50.947Z,at://did:plc:cyymb4qrrs3mfqgtvurh4ryr/app.bsky.feed.post/3m5n6ife5oc2n,2025-11-15T03:09:06.949243+00:00
"ACARS Message From: C-FYKW / RV1937 

Message: OFF AT 0152 ENGINE START AT GATE BEFORE BRAKE RELEASE. 

Track Aircraft: https://www.flightradar24.com/C-FYKW 

Area: Meaford, ON, Canada 

#acars #vdlm2 #CFYKW #RV1937",acarsdrama.bsky.social,2025-11-15T02:45:03+00:00,at://did:plc:i6m5urtifwvjqv4bfytcwslt/app.bsky.feed.post/3m5n6gyev4m2a,2025-11-15T03:09:06.949245+00:00
"🇨🇦 C-GYLQ - AIRBUS A220-300 - Air Canada ACA777/AC777, Montréal-Pierre Elliott Trudeau (YUL) to Los Angeles (LAX) - 4.2 mi away @ 35150 ft, heading WSW at 490 mph. Spotted once before! [08:44:40 PM CST] #C08537 #C_GYLQ #BCS3 #AIR_CANADA #ACA777 #AC777 #ADSB #ADSBbot",abovestlouis.com,2025-11-15T02:44:51.308252+00:00,at://did:plc:66e3iqabbdis65t22zyla2wa/app.bsky.feed.post/3m5n6gmjh2p2q,2025-11-15T03:09:06.949247+00:00
"The only fake timezone in Canada is cape bretons (cause that timezone is from a satire article Googles AI thought was real)

I'm too polite to be a cape bretoner",angelicimouto.moe.observer,2025-11-15T02:44:41.751Z,at://did:plc:3l526xzfvz5pnwepjxx3inq5/app.bsky.feed.post/3m5n6gdeejk2a,2025-11-15T03:09:06.949248+00:00
"Attaques d'ours: le Canada émet des avertissements aux voyageurs se rendant au Japon.
www.noovo.info/nouvelle/att...",noovo.info,2025-11-15T02:44:13.120Z,at://did:plc:qxv7ymkiroyaanunxvky2z7f/app.bsky.feed.post/3m5n6fi2nk224,2025-11-15T03:09:06.949250+00:00
"“Beginning yesterday evening, DoorDash, which serves millions of customers across the U.S., Canada, Australia, and New Zealand, started emailing those impacted by the newly discovered security incident.”

www.bleepingcomputer.com/news/securit...",blackskynews.blacksky.app,2025-11-15T02:43:39.271Z,at://did:plc:6lilyhhqc2jhkc64d6bfzoqk/app.bsky.feed.post/3m5n6ehrptc23,2025-11-15T03:09:06.949252+00:00
"At 16, I was experimented on by the #CIA and now I'm suing

www.bbc.com/news/article... 

#Canada #IC",whoa-magic.lol,2025-11-15T02:43:30.584Z,at://did:plc:362jgun3je642aevahkfyakw/app.bsky.feed.post/3m5n6e7imgk2l,2025-11-15T03:09:06.949254+00:00
"Canada also has what our neighbours want, don't forget to invest in a strategic deterrent.",questylurks.bsky.social,2025-11-15T02:43:03.627Z,at://did:plc:dkerhfcevsp3gjwfpbaduira/app.bsky.feed.post/3m5n6dfruck2f,2025-11-15T03:09:06.949255+00:00
shut up with your fake timezone canada,mondaiji98.bsky.social,2025-11-15T02:42:46.061Z,at://did:plc:mbct6so7z7gh4vpiz2geeyvt/app.bsky.feed.post/3m5n6cuzrz22z,2025-11-15T03:09:06.949257+00:00
"Selecciones clasificadas para el Mundial 2026:

- Estados Unidos (Anfitriona)
- México (Anfitriona) 
- Canadá (Anfitriona)
- Inglaterra
- Francia
- Croacia
- Argentina
- Ecuador
- Brasil
- Uruguay
- Colombia
- Paraguay
- Marruecos
- Túnez
- Egipto
- Argelia
- Ghana
- Cabo Verde",futgol.bsky.social,2025-11-15T02:41:41.087Z,at://did:plc:jktb4n6uqe5jzebfcwxme2rs/app.bsky.feed.post/3m5n6ax2xss2w,2025-11-15T03:09:06.949259+00:00
"#NowWatching: The Scarlet Claw (1944)

Starring Basil Rathbone as Sherlock Holmes and Nigel Bruce as Dr. Watson

#Movies #FilmSky #40s #Vintage #Cinema #SherlockHolmes #Mystery #Canada #Quebec #UniversalHorror #BasilRathbone #MurderMystery",pasquinel.bsky.social,2025-11-15T02:41:40.781Z,at://did:plc:6qj4jtdcdlysmrbin6gz7zal/app.bsky.feed.post/3m5n6awrows2d,2025-11-15T03:09:06.949261+00:00
"Have you guys seen this?

An Honest Government Ad.

Fracking brilliant #JuiceMedia #Canada #LNG

https://youtu.be/Lt6Hmp9ndkI?si=Zf_iwWLbq1DI_YE1",theresareason.mstdn.ca.ap.brid.gy,2025-11-15T02:40:04.000Z,at://did:plc:eqsjjeaerdiusilfe372hfkl/app.bsky.feed.post/3m5n66hwsvor2,2025-11-15T03:09:06.949263+00:00
"If invading Greenland doesn't work, invading Canada will be back on the table.",seekerofnoble.bsky.social,2025-11-15T02:39:15.310Z,at://did:plc:l4azq2v2igzzucovja7o4dhg/app.bsky.feed.post/3m5n64m27hk2w,2025-11-15T03:09:06.949264+00:00
"If invading Greenland doesn't work, invading Canada will be back on the table.",seekerofnoble.bsky.social,2025-11-15T02:39:06.840Z,at://did:plc:l4azq2v2igzzucovja7o4dhg/app.bsky.feed.post/3m5n64dxoys2w,2025-11-15T03:09:06.949266+00:00
"This is Carney’s boldest interview.
This is Canada’s clearest break from Trump’s America.
And this is the moment Canada fully embraces its own power. 
youtu.be/sCUsrVsFRiY?...",colleenchanel.bsky.social,2025-11-15T02:39:04.091Z,at://did:plc:lnrfjmn464aaljacqvzoa2wl/app.bsky.feed.post/3m5n64be2ak2m,2025-11-15T03:09:06.949268+00:00
www.etsy.com/listing/1585... #sale 25% off #Queen #of #Hearts #Crown #Tiara #Party #Hats #Gold #Silver #Printable #PDF #File $5 #Halloween #costume #birthday play #princess #printables 4 #files #letter #A4 #Etsy #EtsyShop #EtsySeller #EtsyFinds 2025 #NJ #NY #USA #Canada #Europe #Nov14 #Nov15 #Nov16,fabricframes.bsky.social,2025-11-15T02:38:39.758Z,at://did:plc:64pmjky2ghpuh2iaog6ozemn/app.bsky.feed.post/3m5n63k5emk2p,2025-11-15T03:09:06.949269+00:00
Canada will humble Trump,nameless62.bsky.social,2025-11-15T02:38:36.953Z,at://did:plc:6rcophxnbdekf4adn5n3pyye/app.bsky.feed.post/3m5n63hhmi22q,2025-11-15T03:09:06.949271+00:00
Would not surprise me they attack Canada too,vekamtl.bsky.social,2025-11-15T02:37:55.356Z,at://did:plc:zjcxan3bkspzisvminugu5s2/app.bsky.feed.post/3m5n627s7f22i,2025-11-15T03:09:06.949273+00:00
"i think ANYTHING is on the table right now for 🍊

he's DESPERATE to get rid of the #EPSTEIN news cycle, and this is the ONE thing he can't shake

greenland, canada, venezuela, mexico...i think he's just about NUTS to try anything right now to do it",thebluenami.is.democrat,2025-11-15T02:37:48.563Z,at://did:plc:jeudzdmxujl5ojv5ofywxlkt/app.bsky.feed.post/3m5n5zzcuo52r,2025-11-15T03:09:06.949275+00:00
"“Alberta Premier Danielle Smith says Canada recently losing its measles elimination status is concerning, but her government might not have many options on the table to help get it back.” Pretty amazing how evergreen this is for our Premier and her Gov’t .",manaboutcowtown.bsky.social,2025-11-15T02:37:44.981Z,at://did:plc:4sgtpt575rcsgshee27refel/app.bsky.feed.post/3m5n5zvvlkc2k,2025-11-15T03:09:06.949276+00:00
Please note this report is NOT advocating this - it is warning of the slippery slope we are on with MAID in Canada if we don't put strong ethical boundaries in place. Our vets struggling with PTSD are being offered MAID in a most casual manner. #medicallyassisteddying #costbenefitanalysis #cdnpoli,cheryllynnebradley.bsky.social,2025-11-15T02:37:44.285Z,at://did:plc:sw5qmiw6x4mtoozq2fj6xoua/app.bsky.feed.post/3m5n5zvahrc2y,2025-11-15T03:09:06.949278+00:00
"A Winnipeg couple have pleaded guilty to multiple counts of animal cruelty after being arrested last year for making videos of animals being tortured and killed and selling them on a messaging app — more than 90 animals, ranging from kittens to birds to an axolotl. www.cbc.ca/news/canada/...",karenpaulscbc.bsky.social,2025-11-15T02:37:33.989Z,at://did:plc:nht7zys433wmuw4zljswvpd4/app.bsky.feed.post/3m5n5zlg56c2l,2025-11-15T03:09:06.949280+00:00
"For $180, they'd video three kittens being crushed to death.

www.cbc.ca/news/canada/...",nantanreikan.bsky.social,2025-11-15T02:36:48.568Z,at://did:plc:6atndoisyyyqwmqz6bxcdesm/app.bsky.feed.post/3m5n5ya3xqs2b,2025-11-15T03:09:06.949282+00:00
Or Canada,falcon801.bsky.social,2025-11-15T02:36:04.178Z,at://did:plc:d7q3ib72tu3w4jr3ishhzweq/app.bsky.feed.post/3m5n5wvrc5c22,2025-11-15T03:09:06.949283+00:00
"lol, maybe that distraction has run its course , just like invading Canada 😁😁😁",frankri504.bsky.social,2025-11-15T02:35:47.768Z,at://did:plc:ondltw6nog3bzeonsworie4j/app.bsky.feed.post/3m5n5wg4iqs2n,2025-11-15T03:09:06.949285+00:00
"Tod Maffin: We do not return human beings to chains. 

vt.tiktok.com/ZSyTFvAc5/

@mark-carney.bsky.social 
@wgreaves.bsky.social 

Canada-US Safe Third Country Agreement",andreasor.bsky.social,2025-11-15T02:35:46.129Z,at://did:plc:5o2no5oxmt7tqcwc6pbdsc3x/app.bsky.feed.post/3m5n5wekoys2k,2025-11-15T03:09:06.949287+00:00
"I haven't seen any news here in Canada about an attack on Congress. 
Not surprising though.",magraw1.bsky.social,2025-11-15T02:35:40.482Z,at://did:plc:2l7mpyycw3a363nwcm3she7m/app.bsky.feed.post/3m5n5w766ik2g,2025-11-15T03:09:06.949289+00:00
Bitch!!🪶😡💔🏳️‍🌈🏳️‍⚧️🇨🇦👇🏽 #MAGADani www.cbc.ca/news/canada/...,thoughtsnations.bsky.social,2025-11-15T02:34:28.642Z,at://did:plc:hxcxag3apoqmi5kcecebbxbm/app.bsky.feed.post/3m5n5u2nsak2i,2025-11-15T03:09:06.949291+00:00
www.ctvnews.ca/canada/artic...,iavswn.bsky.social,2025-11-15T02:34:14.265Z,at://did:plc:i3jpce7dapb5fy2wnzpj4m6r/app.bsky.feed.post/3m5n5tmwza22b,2025-11-15T03:09:06.949293+00:00
"Let's all remember that Canada is NOT broken as we constantly hear from some. Do we need to work on things to maintain and improve the instructions that underpin our largely caring society, yes, of course we do. But don't believe the garbage from the Cons.",regcalgary.bsky.social,2025-11-15T02:34:01.412Z,at://did:plc:lvrq6k56lcf6n5h6yzldfjqw/app.bsky.feed.post/3m5n5taorhs2q,2025-11-15T03:09:06.949295+00:00
Before or after he annexes Canada?,rgf.bsky.social,2025-11-15T02:33:19.568Z,at://did:plc:xxmlikhld6axqyg7ttsu3qg2/app.bsky.feed.post/3m5n5ryrt622t,2025-11-15T03:09:06.949297+00:00
Ted Cruz - Canada,chonkyjack.bsky.social,2025-11-15T02:33:19.494Z,at://did:plc:qboo4mroiramoz3pw5a3n4mb/app.bsky.feed.post/3m5n5rypkvk2w,2025-11-15T03:09:06.949299+00:00
www.etsy.com/listing/1603... #sale 25% off #Printable #Congratulations #Baby #Card : #Nursery #Toys #Line #Art ( #Digital #Download ) #new #parents $3 4 #designs 3 #colors #lineart #Etsy #EtsyShop #EtsySeller #EtsyFinds #EtsyGifts #2025 #NJ #NY #US #Canada #Europe #Nov13 #Nov14 #Nov15 #Nov16,fabricframes.bsky.social,2025-11-15T02:33:07.138Z,at://did:plc:64pmjky2ghpuh2iaog6ozemn/app.bsky.feed.post/3m5n5rmwlgc2p,2025-11-15T03:09:06.949301+00:00
I hope Canada does not deal with Russia...Is there anything that Russia has that Canada really needs? I will pay more for my Urea fertilizer than give the $$ to Russia,kgk52.bsky.social,2025-11-15T02:32:58.525Z,at://did:plc:vums7ifpzexteqltorf7nisg/app.bsky.feed.post/3m5n5repnec2x,2025-11-15T03:09:06.949303+00:00
Orilla Canada [interview],transgenderr.bsky.social,2025-11-15T02:32:13.740Z,at://did:plc:jq3yb2d73qr7cbplrq6mggvs/app.bsky.feed.post/3m5n5pzyuzs27,2025-11-15T03:09:06.949305+00:00
#CANADA: Hotline for victims of human trafficking - available 24/7 in 200 languages 1-833-900-1010,thepixelproject.bsky.social,2025-11-15T02:31:41.614819Z,at://did:plc:v6qdk5vnk7skne4wuug3dzyv/app.bsky.feed.post/3m5n5p3jxad2m,2025-11-15T03:09:06.949307+00:00
"Source

#Canada",canada-cambot.bsky.social,2025-11-15T02:31:27Z,at://did:plc:kdmhcb4wmrqzqg6hn2ps55t4/app.bsky.feed.post/3m5n5oprsox2x,2025-11-15T03:09:06.949309+00:00
"My gift to youPlease put me on your Starter Packs & recommend @canada-keith.bsky.social 🙏. @pattyger.bsky.social , @ cardwelll4u.bsky.social @boldsea.bsky.social @mlipsitt.bsky.social @maplemama20.bsky.social @lizzy2016.bsky.social @whatifisaidit.bsky.social @dcombes.bsky.social @blseaze.bsky.social",canada-keith.bsky.social,2025-11-15T02:31:07.024Z,at://did:plc:55wgjvxhsn4eydx2etkktvds/app.bsky.feed.post/3m5n5o2fafs23,2025-11-15T03:09:06.949311+00:00
Two novels from Canada that I enjoyed greatly: A Complicated Kindness by Miriam Toews and The Blind Assassin by Margaret Atwood.,edgecroft.bsky.social,2025-11-15T02:31:02.213Z,at://did:plc:hdfkubyjzrg6i66gr5kkfv52/app.bsky.feed.post/3m5n5nvs2h22l,2025-11-15T03:09:06.949313+00:00
"Yeah, what the hell was that all about? Does he not know
Winnipeg is in Canada? Bizarre",kenmargil.bsky.social,2025-11-16T03:20:13.140Z,at://did:plc:4qcglu5zcyexdkw76x4huacv/app.bsky.feed.post/3m5pqurhy322g,2025-11-16T03:20:32.657650+00:00
"Never jerk off alone again

https://vydeo.space/NaughtyHub

#naughty #nudes #boobs #fuck #sex #ass #porn #naked #photography #today #bigboobs #nsfw #tease #nsfwbluesky #goonsky #onlyfans #canada #nyc #wet #squirt #cum #body #skinny #horny #usa #america #canada #newyork #fashion",naughtyhub.bsky.social,2025-11-16T03:19:59.867898+00:00,at://did:plc:a7rqcjr7zn4tgrgrahonpjnv/app.bsky.feed.post/3m5pquim7il2w,2025-11-16T03:20:32.657666+00:00
"Canadian’s do have some kind of connection to blue Americans.

That said, we have to fear the forces that keep voting in criminal governments (77 million idiots). 🇺🇸 has proven they can’t be trusted & will use their economy as a weapon against even allies.

Canada has to go its own way.",itunesbrian.bsky.social,2025-11-16T03:19:53.482Z,at://did:plc:roljzd3dpxmzvmumpepvucq6/app.bsky.feed.post/3m5pqu6pztc2k,2025-11-16T03:20:32.657669+00:00
"Never jerk off alone again

https://vydeo.space/NaughtyHub

#naughty #nudes #boobs #fuck #sex #ass #porn #naked #photography #today #bigboobs #nsfw #tease #nsfwbluesky #goonsky #onlyfans #canada #nyc #wet #squirt #cum #body #skinny #horny #usa #america #canada #newyork #fashion",naughtysexy.bsky.social,2025-11-16T03:19:40.872712+00:00,at://did:plc:oh2ebejz5ccu4gkysv7r3qes/app.bsky.feed.post/3m5pqtrhfr42b,2025-11-16T03:20:32.657671+00:00
He’s useless! Absolutely not listening to the public. 🪶🙄 www.cbc.ca/news/canada/...,thoughtsnations.bsky.social,2025-11-16T03:19:04.467Z,at://did:plc:hxcxag3apoqmi5kcecebbxbm/app.bsky.feed.post/3m5pqspyals24,2025-11-16T03:20:32.657673+00:00
"Never jerk off alone again

https://vydeo.space/NaughtyHub

#naughty #nudes #boobs #fuck #sex #ass #porn #naked #photography #today #bigboobs #nsfw #tease #nsfwbluesky #goonsky #onlyfans #canada #nyc #wet #squirt #cum #body #skinny #horny #usa #america #canada #newyork #fashion",naughtyhub.bsky.social,2025-11-16T03:18:56.259877+00:00,at://did:plc:a7rqcjr7zn4tgrgrahonpjnv/app.bsky.feed.post/3m5pqslwxtq2a,2025-11-16T03:20:32.657675+00:00
"Never jerk off alone again

https://vydeo.space/NaughtyHub

#naughty #nudes #boobs #fuck #sex #ass #porn #naked #photography #today #bigboobs #nsfw #tease #nsfwbluesky #goonsky #onlyfans #canada #nyc #wet #squirt #cum #body #skinny #horny #usa #america #canada #newyork #fashion",naughtysexy.bsky.social,2025-11-16T03:18:37.533402+00:00,at://did:plc:oh2ebejz5ccu4gkysv7r3qes/app.bsky.feed.post/3m5pqrv2xyj26,2025-11-16T03:20:32.657677+00:00
"CBU study says CBRM light rail transit is viable with government funding

Priceless, like saying my business is viable if someone else pays for it, like fossil fuel corps  where taxpayers pay for all the fires, floods, disasters & destruction  

#Cdnpoli #Nspoli 
www.cbc.ca/news/canada/...",pat112.bsky.social,2025-11-16T03:18:26.369Z,at://did:plc:deej5pakczvmljahhvrridlp/app.bsky.feed.post/3m5pqrlnkk22e,2025-11-16T03:20:32.657679+00:00
www.cbc.ca/news/canada/...,thoughtsnations.bsky.social,2025-11-16T03:17:54.364Z,at://did:plc:hxcxag3apoqmi5kcecebbxbm/app.bsky.feed.post/3m5pqqn4tns24,2025-11-16T03:20:32.657681+00:00
"Never jerk off alone again

https://vydeo.space/NaughtyHub

#naughty #nudes #boobs #fuck #sex #ass #porn #naked #photography #today #bigboobs #nsfw #tease #nsfwbluesky #goonsky #onlyfans #canada #nyc #wet #squirt #cum #body #skinny #horny #usa #america #canada #newyork #fashion",naughtyhub.bsky.social,2025-11-16T03:17:51.178033+00:00,at://did:plc:a7rqcjr7zn4tgrgrahonpjnv/app.bsky.feed.post/3m5pqqnuodx2i,2025-11-16T03:20:32.657683+00:00
www.cbc.ca/news/canada/...,everyripple.bsky.social,2025-11-16T03:17:49.787Z,at://did:plc:ycdshfsnfrmev7qwwnyxaoex/app.bsky.feed.post/3m5pqqir5wk2p,2025-11-16T03:20:32.657685+00:00
"Never jerk off alone again

https://vydeo.space/NaughtyHub

#naughty #nudes #boobs #fuck #sex #ass #porn #naked #photography #today #bigboobs #nsfw #tease #nsfwbluesky #goonsky #onlyfans #canada #nyc #wet #squirt #cum #body #skinny #horny #usa #america #canada #newyork #fashion",naughtysexy.bsky.social,2025-11-16T03:17:33.138045+00:00,at://did:plc:oh2ebejz5ccu4gkysv7r3qes/app.bsky.feed.post/3m5pqpxnqqh2o,2025-11-16T03:20:32.657687+00:00
"Never jerk off alone again

https://vydeo.space/NaughtyHub

#naughty #nudes #boobs #fuck #sex #ass #porn #naked #photography #today #bigboobs #nsfw #tease #nsfwbluesky #goonsky #onlyfans #canada #nyc #wet #squirt #cum #body #skinny #horny #usa #america #canada #newyork #fashion",naughtyhub.bsky.social,2025-11-16T03:16:48.204055+00:00,at://did:plc:a7rqcjr7zn4tgrgrahonpjnv/app.bsky.feed.post/3m5pqorsjof2h,2025-11-16T03:20:32.657688+00:00
Ontario Canada is still providing free Covid shots to everyone.,everyripple.bsky.social,2025-11-16T03:16:32.746Z,at://did:plc:ycdshfsnfrmev7qwwnyxaoex/app.bsky.feed.post/3m5pqo7c3kk2p,2025-11-16T03:20:32.657690+00:00
"Whistler Blackcomb, BC Canada

#Canada",canada-cambot.bsky.social,2025-11-16T03:16:31Z,at://did:plc:kdmhcb4wmrqzqg6hn2ps55t4/app.bsky.feed.post/3m5pqoby2sb2h,2025-11-16T03:20:32.657692+00:00
"Never jerk off alone again

https://vydeo.space/NaughtyHub

#naughty #nudes #boobs #fuck #sex #ass #porn #naked #photography #today #bigboobs #nsfw #tease #nsfwbluesky #goonsky #onlyfans #canada #nyc #wet #squirt #cum #body #skinny #horny #usa #america #canada #newyork #fashion",naughtysexy.bsky.social,2025-11-16T03:16:30.040031+00:00,at://did:plc:oh2ebejz5ccu4gkysv7r3qes/app.bsky.feed.post/3m5pqo3hzcz2d,2025-11-16T03:20:32.657694+00:00
"Here is photo 2 from the night. I learned a few lessons from the last time we were here to get a cleaner shot. Again, I would have been happier with less clouds but overall happy with the picture. #Canada #aurora #nightsky #landscape",dananickerson.bsky.social,2025-11-16T03:15:53.390Z,at://did:plc:qdiqjng4dptf6tjw5hnrhuyt/app.bsky.feed.post/3m5pqmzrbrk2r,2025-11-16T03:20:32.657696+00:00
If you’re Indigenous and in Canada can you please tell me about the number of TRULY “meaningful reconciliation” acts/relationships/partnerships,wapshkankwet.bsky.social,2025-11-16T03:15:44.045Z,at://did:plc:rr5oifr7dhwwjcqo6c6m36w7/app.bsky.feed.post/3m5pqmqttyc2s,2025-11-16T03:20:32.657698+00:00
"Never jerk off alone again

https://vydeo.space/NaughtyHub

#naughty #nudes #boobs #fuck #sex #ass #porn #naked #photography #today #bigboobs #nsfw #tease #nsfwbluesky #goonsky #onlyfans #canada #nyc #wet #squirt #cum #body #skinny #horny #usa #america #canada #newyork #fashion",naughtyhub.bsky.social,2025-11-16T03:15:43.199117+00:00,at://did:plc:a7rqcjr7zn4tgrgrahonpjnv/app.bsky.feed.post/3m5pqmtsvht2u,2025-11-16T03:20:32.657700+00:00
"Dear Mexico and Canada prepare your countries.
 The next step for TRUMP to declare war on Venezuela. 
  He will then call up the draft.
 No one will want to fight for a draft dodge.
  The good people will be crossing the borders in protest against him.
  Probably some bad ones too.",taydes93.bsky.social,2025-11-16T03:15:27.839Z,at://did:plc:4ua6udhej44n66t4fc7cdy4t/app.bsky.feed.post/3m5pqmbfhoc24,2025-11-16T03:20:32.657701+00:00
"Never jerk off alone again

https://vydeo.space/NaughtyHub

#naughty #nudes #boobs #fuck #sex #ass #porn #naked #photography #today #bigboobs #nsfw #tease #nsfwbluesky #goonsky #onlyfans #canada #nyc #wet #squirt #cum #body #skinny #horny #usa #america #canada #newyork #fashion",naughtysexy.bsky.social,2025-11-16T03:15:25.746880+00:00,at://did:plc:oh2ebejz5ccu4gkysv7r3qes/app.bsky.feed.post/3m5pqm667b72i,2025-11-16T03:20:32.657703+00:00
"#Saab in talks with #Canada, #Bombardier to build #Gripen fighter jets, Globe and Mail reports - www.reuters.com/business/aer...",spudislander45.bsky.social,2025-11-16T03:15:08.228Z,at://did:plc:v3eup4rzroyniw2x7bmsdzgt/app.bsky.feed.post/3m5pqloosh22l,2025-11-16T03:20:32.657705+00:00
"Sometimes I sign my art as Mark Dorey...

Sometimes I sign it as JRR Tokin, which was my fictitious author character/Alias that I used to go by when weed was still illegal in Canada. I even created a fake bio for him. 

#publishing #publisher #alias #comedy #fiction #Books",m-e-dorey-author.bsky.social,2025-11-16T03:15:03.676Z,at://did:plc:sbtlep7mttrdnjq4cyoj3ki4/app.bsky.feed.post/3m5pqlkdu5s2f,2025-11-16T03:20:32.657707+00:00
"Disgusting, shameful, and outrageous. Canada is becoming like the USA. This is not the country I love.

www.cbc.ca/news/canada/...",emgeekay.bsky.social,2025-11-16T03:14:54.312Z,at://did:plc:rp6pclhm7sowwy2injtmhisp/app.bsky.feed.post/3m5pqlbg5lc2h,2025-11-16T03:20:32.657709+00:00
"And even then it's a crapshoot, or the same US-based site with a Canadian side repeated ad nauseum.

If I wanted to get something from Amazon, Home Depot, Walmart, or Michaels, I'd search those sites. And if I wanted to pay exchange, tariffs and duty, I wouldn't specify Canada.",theautistech.bsky.social,2025-11-16T03:14:46.313Z,at://did:plc:nrno5rqwo4y5nqurk7rllpuf/app.bsky.feed.post/3m5pqkzsavc2u,2025-11-16T03:20:32.657711+00:00
"It would be nice if, when I have the toggle for ""results from canada"" selected, DuckDuckGo actually returned results from Canada. But no, I still have to add canada to the search string for any of the first page to be Canadian.",theautistech.bsky.social,2025-11-16T03:14:46.312Z,at://did:plc:nrno5rqwo4y5nqurk7rllpuf/app.bsky.feed.post/3m5pqkzry422u,2025-11-16T03:20:32.657712+00:00
"Welcome to Canada!!

🇨🇦 Layers are key!!",stanleygilroy.bsky.social,2025-11-16T03:14:44.373Z,at://did:plc:liecvej24662pwcsciw72y44/app.bsky.feed.post/3m5pqkxwskc2l,2025-11-16T03:20:32.657714+00:00
"Never jerk off alone again

https://vydeo.space/NaughtyHub

#naughty #nudes #boobs #fuck #sex #ass #porn #naked #photography #today #bigboobs #nsfw #tease #nsfwbluesky #goonsky #onlyfans #canada #nyc #wet #squirt #cum #body #skinny #horny #usa #america #canada #newyork #fashion",naughtyhub.bsky.social,2025-11-16T03:14:39.859716+00:00,at://did:plc:a7rqcjr7zn4tgrgrahonpjnv/app.bsky.feed.post/3m5pqkxflbd2w,2025-11-16T03:20:32.657716+00:00
"On his 95th Birthday, Canada Border Security Agency detains Professor Richard Falk, a former United Nations special rapporteur on occupied Palestine, because he has the courage to tell Canadian how complicit the Liberal Party of Canada is in Genocide of Muslim Palestinians.
Canada: CIJA's FASCISTS.",truthntransparency.bsky.social,2025-11-16T03:14:26.168Z,at://did:plc:zs6lgajyk2l5uymulxktna2q/app.bsky.feed.post/3m5pqkglb7c2x,2025-11-16T03:20:32.657718+00:00
"Never jerk off alone again

https://vydeo.space/NaughtyHub

#naughty #nudes #boobs #fuck #sex #ass #porn #naked #photography #today #bigboobs #nsfw #tease #nsfwbluesky #goonsky #onlyfans #canada #nyc #wet #squirt #cum #body #skinny #horny #usa #america #canada #newyork #fashion",naughtyhub.bsky.social,2025-11-16T03:13:36.108056+00:00,at://did:plc:a7rqcjr7zn4tgrgrahonpjnv/app.bsky.feed.post/3m5pqj2nsp62a,2025-11-16T03:20:32.657720+00:00
"Never jerk off alone again

https://vydeo.space/NaughtyHub

#naughty #nudes #boobs #fuck #sex #ass #porn #naked #photography #today #bigboobs #nsfw #tease #nsfwbluesky #goonsky #onlyfans #canada #nyc #wet #squirt #cum #body #skinny #horny #usa #america #canada #newyork #fashion",naughtysexy.bsky.social,2025-11-16T03:13:12.512718+00:00,at://did:plc:oh2ebejz5ccu4gkysv7r3qes/app.bsky.feed.post/3m5pqi75kah2j,2025-11-16T03:20:32.657722+00:00
1 dead after 2 planes collide north of Cornwall www.cbc.ca/news/canada/... #aviation #avgeek,michael500ca.bsky.social,2025-11-16T03:13:06.304Z,at://did:plc:5jojv2ihxpxqum7777h4adb6/app.bsky.feed.post/3m5pqi2fy222v,2025-11-16T03:20:32.657724+00:00
"Pope returns 62 artifacts to Indigenous peoples from Canada as part of reckoning with colonial past
->NBC News | #IndigenousPeople | More from Lil Dr Glen EcoChat at BigEarthData.ai",bigearthdata.bsky.social,2025-11-16T03:12:58.199973+00:00,at://did:plc:lc6hdhnjkgccd6ysi7e23pll/app.bsky.feed.post/3m5pqhsuzkq2i,2025-11-16T03:20:32.657726+00:00
"He doesn't know how actual ordinary people live or he never looked into voting in Canada because he's not interested in that. Other than a source for public grievance farming.

Also the emails from Elections Canada are in his Spam Folder, probs.",timlow3.bsky.social,2025-11-16T03:12:57.821Z,at://did:plc:pwrccwl7tyyqhf3pkggbv7os/app.bsky.feed.post/3m5pqhsd2v22y,2025-11-16T03:20:32.657727+00:00
What just happened with the O Canada situstion at the flames / jets game? The intro music was star spangled banner the girl was like wtf and sang off key then then started over and sang the correct song 😂 #NHL #Flames #Jets #HNIC,dannipunk.bsky.social,2025-11-16T03:12:39.413Z,at://did:plc:zoxz5b3ykd2r2w7silucukbm/app.bsky.feed.post/3m5pqharcd22g,2025-11-16T03:20:32.657729+00:00
"Never jerk off alone again

https://vydeo.space/NaughtyHub

#naughty #nudes #boobs #fuck #sex #ass #porn #naked #photography #today #bigboobs #nsfw #tease #nsfwbluesky #goonsky #onlyfans #canada #nyc #wet #squirt #cum #body #skinny #horny #usa #america #canada #newyork #fashion",naughtyhub.bsky.social,2025-11-16T03:12:30.259360+00:00,at://did:plc:a7rqcjr7zn4tgrgrahonpjnv/app.bsky.feed.post/3m5pqh3s3lp2i,2025-11-16T03:20:32.657731+00:00
"Never jerk off alone again

https://vydeo.space/NaughtyHub

#naughty #nudes #boobs #fuck #sex #ass #porn #naked #photography #today #bigboobs #nsfw #tease #nsfwbluesky #goonsky #onlyfans #canada #nyc #wet #squirt #cum #body #skinny #horny #usa #america #canada #newyork #fashion",naughtysexy.bsky.social,2025-11-16T03:12:05.609909+00:00,at://did:plc:oh2ebejz5ccu4gkysv7r3qes/app.bsky.feed.post/3m5pqg7d5qd2a,2025-11-16T03:20:32.657733+00:00
"Organist in Calgary just threw off the anthem singer by playing the intro for The Star Spangled Banner instead of O Canada, the only anthem being performed in this all-Canadian match-up. She recovered nicely.",xenochrony.bsky.social,2025-11-16T03:11:29.925Z,at://did:plc:7kmyw4zk7e7ld6wxsh4tue35/app.bsky.feed.post/3m5pqf6ipwc2w,2025-11-16T03:20:32.657734+00:00
"Never jerk off alone again

https://vydeo.space/NaughtyHub

#naughty #nudes #boobs #fuck #sex #ass #porn #naked #photography #today #bigboobs #nsfw #tease #nsfwbluesky #goonsky #onlyfans #canada #nyc #wet #squirt #cum #body #skinny #horny #usa #america #canada #newyork #fashion",naughtyhub.bsky.social,2025-11-16T03:11:26.585016+00:00,at://did:plc:a7rqcjr7zn4tgrgrahonpjnv/app.bsky.feed.post/3m5pqf72qkt2u,2025-11-16T03:20:32.657736+00:00
"Vatican returns 62 items taken from Indigenous communities in Canada
->Al Jazeera | #Indigenous | More from Lil Dr Glen EcoChat at BigEarthData.ai",bigearthdata.bsky.social,2025-11-16T03:11:02.417579+00:00,at://did:plc:lc6hdhnjkgccd6ysi7e23pll/app.bsky.feed.post/3m5pqeedazq27,2025-11-16T03:20:32.657738+00:00
"Never jerk off alone again

https://vydeo.space/NaughtyHub

#naughty #nudes #boobs #fuck #sex #ass #porn #naked #photography #today #bigboobs #nsfw #tease #nsfwbluesky #goonsky #onlyfans #canada #nyc #wet #squirt #cum #body #skinny #horny #usa #america #canada #newyork #fashion",naughtysexy.bsky.social,2025-11-16T03:11:01.008260+00:00,at://did:plc:oh2ebejz5ccu4gkysv7r3qes/app.bsky.feed.post/3m5pqebpl3k25,2025-11-16T03:20:32.657740+00:00
"Aurora Forecast Update for 2025-11-16T03:10:46Z

ALERT: Geomagnetic K-index of 4
 Threshold Reached: 2025 Nov 16 0259 UTC
Synoptic Period: 0000-0300 UTC
 
Active Warning: Yes
Additional Details Here.",aurora.nws-bot.us,2025-11-16T03:10:49+00:00,at://did:plc:mipe5ygdz7hst7g5xcyy6ice/app.bsky.feed.post/3m5pqdxxsw32h,2025-11-16T03:20:32.657742+00:00
"Never jerk off alone again

https://vydeo.space/NaughtyHub

#naughty #nudes #boobs #fuck #sex #ass #porn #naked #photography #today #bigboobs #nsfw #tease #nsfwbluesky #goonsky #onlyfans #canada #nyc #wet #squirt #cum #body #skinny #horny #usa #america #canada #newyork #fashion",naughtyhub.bsky.social,2025-11-16T03:10:22.997530+00:00,at://did:plc:a7rqcjr7zn4tgrgrahonpjnv/app.bsky.feed.post/3m5pqdcgcci2y,2025-11-16T03:20:32.657743+00:00
"Never jerk off alone again

https://vydeo.space/NaughtyHub

#naughty #nudes #boobs #fuck #sex #ass #porn #naked #photography #today #bigboobs #nsfw #tease #nsfwbluesky #goonsky #onlyfans #canada #nyc #wet #squirt #cum #body #skinny #horny #usa #america #canada #newyork #fashion",naughtysexy.bsky.social,2025-11-16T03:09:53.673856+00:00,at://did:plc:oh2ebejz5ccu4gkysv7r3qes/app.bsky.feed.post/3m5pqcbiv3k25,2025-11-16T03:20:32.657745+00:00
"#CanadaTalk 🍁 - 10,000 new air-plane manufacturing and research jobs in Canada. That will bring Canada's engineering talents back home from all over the world that Canada's former P.M. #StephenHarper & his #ConservativeParty's era forced out of Canada w/cancellations in aerospace programs/industries",thetorontonian.bsky.social,2025-11-16T03:09:31.748Z,at://did:plc:kxnc4f7sfvhmtzdije5tytwa/app.bsky.feed.post/3m5pqbns7ps2v,2025-11-16T03:20:32.657747+00:00
"Never jerk off alone again

https://vydeo.space/NaughtyHub

#naughty #nudes #boobs #fuck #sex #ass #porn #naked #photography #today #bigboobs #nsfw #tease #nsfwbluesky #goonsky #onlyfans #canada #nyc #wet #squirt #cum #body #skinny #horny #usa #america #canada #newyork #fashion",naughtyhub.bsky.social,2025-11-16T03:09:20.294057+00:00,at://did:plc:a7rqcjr7zn4tgrgrahonpjnv/app.bsky.feed.post/3m5pqbgmjxl2o,2025-11-16T03:20:32.657749+00:00
"Bless this BS (BlueSky) this particular OC was rather controversial in Reddit, despite her being AI generated she is also sixteen, legal in Canada!

Made in heroforge.com

#OC #GTS #Giantess #HeroForge",colemanlaing.bsky.social,2025-11-16T03:08:16.374Z,at://did:plc:r33kwcbnhksfegx4anl2x6hp/app.bsky.feed.post/3m5pq7fw3a22z,2025-11-16T03:20:32.657750+00:00
"Never jerk off alone again

https://vydeo.space/NaughtyHub

#naughty #nudes #boobs #fuck #sex #ass #porn #naked #photography #today #bigboobs #nsfw #tease #nsfwbluesky #goonsky #onlyfans #canada #nyc #wet #squirt #cum #body #skinny #horny #usa #america #canada #newyork #fashion",naughtyhub.bsky.social,2025-11-16T03:08:15.532186+00:00,at://did:plc:a7rqcjr7zn4tgrgrahonpjnv/app.bsky.feed.post/3m5pq7itvxy2p,2025-11-16T03:20:32.657752+00:00
"Not as much betting that could happen he still ended up on the podium and it was better than it was at Skate Canada 
#GPFigure #SkateAmerica #SKAM       
 ⛸️",figureskakefan2018.bsky.social,2025-11-16T03:08:05.539Z,at://did:plc:txlg3jnbhi5xi5bbv2m52t3k/app.bsky.feed.post/3m5pq73le7s2r,2025-11-16T03:20:32.657754+00:00
"Canada interrogates former UN rapporteur en route to Gaza tribunal

A former UN special rapporteur who documented Israeli violations against Palestinians says Canadian authorities interrogated him on “national security” grounds as he arrived in the country for a Gaza-focused event. Richard Falk, a…",todayheadline.bsky.social,2025-11-16T03:08:00Z,at://did:plc:irxdqpoxqzotqwmfjj4u7pg6/app.bsky.feed.post/3m5pq6xyn222f,2025-11-16T03:20:32.657756+00:00
"The pie in the sky one is Silk Road / Western Asia

The more achievable one is going up to Canada through New England.

Or the new sleeper from Paris to Berlin 

Or the high speed rail from Milan to Venice",arditidpopolo.bsky.social,2025-11-16T03:07:53.928Z,at://did:plc:tllfav2jx64wtyxtcmg74n7p/app.bsky.feed.post/3m5pq6qiyes23,2025-11-16T03:20:32.657757+00:00
"Never jerk off alone again

https://vydeo.space/NaughtyHub

#naughty #nudes #boobs #fuck #sex #ass #porn #naked #photography #today #bigboobs #nsfw #tease #nsfwbluesky #goonsky #onlyfans #canada #nyc #wet #squirt #cum #body #skinny #horny #usa #america #canada #newyork #fashion",naughtysexy.bsky.social,2025-11-16T03:07:43.932429+00:00,at://did:plc:oh2ebejz5ccu4gkysv7r3qes/app.bsky.feed.post/3m5pq6fs5fk25,2025-11-16T03:20:32.657762+00:00
"Never jerk off alone again

https://vydeo.space/NaughtyHub

#naughty #nudes #boobs #fuck #sex #ass #porn #naked #photography #today #bigboobs #nsfw #tease #nsfwbluesky #goonsky #onlyfans #canada #nyc #wet #squirt #cum #body #skinny #horny #usa #america #canada #newyork #fashion",naughtyhub.bsky.social,2025-11-16T03:07:12.998668+00:00,at://did:plc:a7rqcjr7zn4tgrgrahonpjnv/app.bsky.feed.post/3m5pq5n3arc2l,2025-11-16T03:20:32.657764+00:00
"For all its flaws it was still way better than it was at Skate Canada
#GPFigure #SkateAmerica #SKAM       
 ⛸️",figureskakefan2018.bsky.social,2025-11-16T03:07:05.618Z,at://did:plc:txlg3jnbhi5xi5bbv2m52t3k/app.bsky.feed.post/3m5pq5cgpmk2r,2025-11-16T03:20:32.657766+00:00
"Never jerk off alone again

https://vydeo.space/NaughtyHub

#naughty #nudes #boobs #fuck #sex #ass #porn #naked #photography #today #bigboobs #nsfw #tease #nsfwbluesky #goonsky #onlyfans #canada #nyc #wet #squirt #cum #body #skinny #horny #usa #america #canada #newyork #fashion",naughtysexy.bsky.social,2025-11-16T03:06:35.768390+00:00,at://did:plc:oh2ebejz5ccu4gkysv7r3qes/app.bsky.feed.post/3m5pq4erudz2d,2025-11-16T03:20:32.657768+00:00
"Never jerk off alone again

https://vydeo.space/NaughtyHub

#naughty #nudes #boobs #fuck #sex #ass #porn #naked #photography #today #bigboobs #nsfw #tease #nsfwbluesky #goonsky #onlyfans #canada #nyc #wet #squirt #cum #body #skinny #horny #usa #america #canada #newyork #fashion",naughtyhub.bsky.social,2025-11-16T03:06:10.091172+00:00,at://did:plc:a7rqcjr7zn4tgrgrahonpjnv/app.bsky.feed.post/3m5pq3r7p2y2o,2025-11-16T03:20:32.657770+00:00
"Best free porn on our telegram channel

https://t.me/+_9PX4Yj9FUMxODkx

#naughty #nudes #boobs #fuck #sex #ass #porn #naked #photography #today #bigboobs #nsfw #tease #nsfwbluesky #goonsky #onlyfans #canada #nyc #wet #squirt #cum #body #skinny #horny #usa #america #canada #newyork #fashion",naughtysexy.bsky.social,2025-11-16T03:06:08.619641+00:00,at://did:plc:oh2ebejz5ccu4gkysv7r3qes/app.bsky.feed.post/3m5pq3kvh7j2f,2025-11-16T03:20:32.657771+00:00
"#palindromo 
(Parte 2)

(...)

Reto no rumo.
Rota: Jacarta.
Logo comete.
De Vitara para Poá.
Meriva usar.
E o tino bate.
MAC me sair.
É Ferrari, Taos..
Ora, Maceió.
Bora, Canadá.
Ter Crato.
No Cerato.
A Roma, RAM.

(...)",rommelgirao.bsky.social,2025-11-16T03:05:21.761Z,at://did:plc:4xcxmq7tuhqyhmaa2kh7av6h/app.bsky.feed.post/3m5pq27farc25,2025-11-16T03:20:32.657773+00:00
"Artefacte ale popoarelor indigene din Canada, returnate de Vatican după un secol: „Un semn de dialog și respect”",romanian-news.bsky.social,2025-11-16T03:05:14.039540476+00:00,at://did:plc:mnq7rvrlqls4gzh6eo6kzhkg/app.bsky.feed.post/3m5ppzzdkps2a,2025-11-16T03:20:32.657775+00:00
"Never jerk off alone again

https://vydeo.space/NaughtyHub

#naughty #nudes #boobs #fuck #sex #ass #porn #naked #photography #today #bigboobs #nsfw #tease #nsfwbluesky #goonsky #onlyfans #canada #nyc #wet #squirt #cum #body #skinny #horny #usa #america #canada #newyork #fashion",naughtyhub.bsky.social,2025-11-16T03:05:06.370821+00:00,at://did:plc:a7rqcjr7zn4tgrgrahonpjnv/app.bsky.feed.post/3m5ppzugkvq2p,2025-11-16T03:20:32.657777+00:00
"Never jerk off alone again

https://vydeo.space/NaughtyHub

#naughty #nudes #boobs #fuck #sex #ass #porn #naked #photography #today #bigboobs #nsfw #tease #nsfwbluesky #goonsky #onlyfans #canada #nyc #wet #squirt #cum #body #skinny #horny #usa #america #canada #newyork #fashion",naughtysexy.bsky.social,2025-11-16T03:05:04.617958+00:00,at://did:plc:oh2ebejz5ccu4gkysv7r3qes/app.bsky.feed.post/3m5ppznupmv2h,2025-11-16T03:20:32.657778+00:00
"Sync is a cloud storage company based entirely in Canada and has instructions for transferring here: 

help.sync.com/hc/en-us/art...

I use them and love them. 

Proton Mail also includes a drive like Google drive and they have a transfer option too

proton.me/support/impo...",djdynamic.ca,2025-11-16T03:04:41.303Z,at://did:plc:p5pyz3yoac76lqqnhuqycyup/app.bsky.feed.post/3m5ppyyskys2y,2025-11-16T03:20:32.657780+00:00
"~85% of potash used in the US comes from Canada. Mostly SK.

We have big sticks as we disengage our economy from the Excited States.
Eastern Hydro power, Oil & gas etc.

The trick is to wave Shiny things in his face and work like the devil to do deals with friends we can rely on to follow the rules.",timlow3.bsky.social,2025-11-16T03:04:37.732Z,at://did:plc:pwrccwl7tyyqhf3pkggbv7os/app.bsky.feed.post/3m5ppyvflp22y,2025-11-16T03:20:32.657796+00:00
"It's good to be back in Canada

Tom said he got these bc he knew I love after eight, but ""I didn't get the box of square ones because it seemed like a lot""... That fool.",magpie.tips,2025-11-16T03:04:37.333Z,at://did:plc:yrvs4m64qflfm7liqaj6uegx/app.bsky.feed.post/3m5ppyv2cek2a,2025-11-16T03:20:32.657798+00:00
"Never jerk off alone again

https://vydeo.space/NaughtyHub

#naughty #nudes #boobs #fuck #sex #ass #porn #naked #photography #today #bigboobs #nsfw #tease #nsfwbluesky #goonsky #onlyfans #canada #nyc #wet #squirt #cum #body #skinny #horny #usa #america #canada #newyork #fashion",naughtyhub.bsky.social,2025-11-16T03:03:58.096688+00:00,at://did:plc:a7rqcjr7zn4tgrgrahonpjnv/app.bsky.feed.post/3m5ppxtcvp22m,2025-11-16T03:20:32.657800+00:00
"Best free porn on our telegram channel

https://t.me/+_9PX4Yj9FUMxODkx

#naughty #nudes #boobs #fuck #sex #ass #porn #naked #photography #today #bigboobs #nsfw #tease #nsfwbluesky #goonsky #onlyfans #canada #nyc #wet #squirt #cum #body #skinny #horny #usa #america #canada #newyork #fashion",naughtysexy.bsky.social,2025-11-16T03:03:58.049564+00:00,at://did:plc:oh2ebejz5ccu4gkysv7r3qes/app.bsky.feed.post/3m5ppxoetc32a,2025-11-16T03:20:32.657802+00:00
"„Am fost vândută pe 1000 de dolari și am trăit 33 de ani în Canada cu un nume fals”. Cazul unei românce adoptate ilegal în anii ’90, revenite în România în căutarea identității",romanian-news.bsky.social,2025-11-16T03:03:56.550698792+00:00,at://did:plc:mnq7rvrlqls4gzh6eo6kzhkg/app.bsky.feed.post/3m5ppxp4mfm2w,2025-11-16T03:20:32.657804+00:00
"I have never experienced a taco bell cantina in my life I feel like this is not a thing in Canada lol. we barely have taco bell

sounds fun tho!",ol1-v3.bsky.social,2025-11-16T03:03:26.172Z,at://did:plc:hdw3i3nwbgtnynjdiujz5erc/app.bsky.feed.post/3m5ppwr5qv22k,2025-11-16T03:20:32.657805+00:00
Kevin was 10th at Skate Canada. And he's going to win here. Men are so weird. #SkateAmerica,iceskatepodcast.bsky.social,2025-11-16T03:03:25.259Z,at://did:plc:jny65skuxrj2rragpvz2m32g/app.bsky.feed.post/3m5ppwqbvbs2e,2025-11-16T03:20:32.657807+00:00
"@raremags.bsky.social Do you ship to Canada? For some reason, when i try to pick up 1 magazine, it wants to charge me $99Can for shipping, as it is ""a large parcel""...",genialgenius.bsky.social,2025-11-16T03:03:02.892Z,at://did:plc:la25xkt4kcg4w5xvjqds2g45/app.bsky.feed.post/3m5ppw2xbjs2v,2025-11-16T03:20:32.657809+00:00
"Kazuki Tomono JPN
4T(ur,fall), 4T(ur,fall), 4S, 3A(step), 3F2A, 3A1Eu2S - just like at Skate Canada, could not keep the first half in check and had to dig out of a huge hole for the rest of the program
bit.ly/480wbYk #SkateAmerica #GPFigure",rockerskating.com,2025-11-16T03:02:55.577Z,at://did:plc:aennow7ln676phfo6u646ifx/app.bsky.feed.post/3m5ppvtxzy22j,2025-11-16T03:20:32.657810+00:00
"Never jerk off alone again

https://vydeo.space/NaughtyHub

#naughty #nudes #boobs #fuck #sex #ass #porn #naked #photography #today #bigboobs #nsfw #tease #nsfwbluesky #goonsky #onlyfans #canada #nyc #wet #squirt #cum #body #skinny #horny #usa #america #canada #newyork #fashion",naughtysexy.bsky.social,2025-11-16T03:02:54.899642+00:00,at://did:plc:oh2ebejz5ccu4gkysv7r3qes/app.bsky.feed.post/3m5ppvrzmq42b,2025-11-16T03:20:32.657812+00:00
"Never jerk off alone again

https://vydeo.space/NaughtyHub

#naughty #nudes #boobs #fuck #sex #ass #porn #naked #photography #today #bigboobs #nsfw #tease #nsfwbluesky #goonsky #onlyfans #canada #nyc #wet #squirt #cum #body #skinny #horny #usa #america #canada #newyork #fashion",naughtyhub.bsky.social,2025-11-16T03:02:36.003849+00:00,at://did:plc:a7rqcjr7zn4tgrgrahonpjnv/app.bsky.feed.post/3m5ppvezbik23,2025-11-16T03:20:32.657814+00:00
"Operation Swollen Purple Helmet = Liberating Canada from healthcare 

Operation Man Hole = protecting America's deepest, sweatiest crevices

Operation Furious Frottage = IDK, something French?",etherdiver.bsky.social,2025-11-16T03:02:35.196Z,at://did:plc:zbmoanxb2d7kzkximuu2ohei/app.bsky.feed.post/3m5ppvak4mc2c,2025-11-16T03:20:32.657816+00:00
"Canada fast-tracks skilled immigrants, in the wake of Trump’s  plan to charge them $100,000 more for an H-1B entrance visa.
aumglobal.com.au/news-content...",chris2fur1943.bsky.social,2025-11-16T03:02:03.450Z,at://did:plc:2uccegsuqyciaa3575dzbmnu/app.bsky.feed.post/3m5ppuccduc2l,2025-11-16T03:20:32.657818+00:00
"Best free porn on our telegram channel

https://t.me/+_9PX4Yj9FUMxODkx

#naughty #nudes #boobs #fuck #sex #ass #porn #naked #photography #today #bigboobs #nsfw #tease #nsfwbluesky #goonsky #onlyfans #canada #nyc #wet #squirt #cum #body #skinny #horny #usa #america #canada #newyork #fashion",naughtysexy.bsky.social,2025-11-16T03:01:51.865901+00:00,at://did:plc:oh2ebejz5ccu4gkysv7r3qes/app.bsky.feed.post/3m5pptw2qmr2d,2025-11-16T03:20:32.657819+00:00
"There should be SNOW right NOW!! 

We had some in Canada for a fleeting moment - it was lovely! Now it’s mucky and yucky and raining.",zombieautopilot.swifties.social,2025-11-16T03:01:42.541Z,at://did:plc:b4ed76abluux2cq4fsiz2vdq/app.bsky.feed.post/3m5pptod5r22y,2025-11-16T03:20:32.657821+00:00
"Written by Kelley Korbin, this @chatelainemag.bsky.social piece includes interviews with experts like @drstefaniegreen.bsky.social & Paul Magennis of @maidincanada.bsky.social . It provides answers to some of the most common questions about #MAiD in #Canada : chatelaine.com/health/maid-...",maidhouse.ca,2025-11-16T03:01:37.827Z,at://did:plc:kqtzvrxz2sksr6nwu27qs3pr/app.bsky.feed.post/3m5pptjtcak2e,2025-11-16T03:20:32.657823+00:00
"Never jerk off alone again

https://vydeo.space/NaughtyHub

#naughty #nudes #boobs #fuck #sex #ass #porn #naked #photography #today #bigboobs #nsfw #tease #nsfwbluesky #goonsky #onlyfans #canada #nyc #wet #squirt #cum #body #skinny #horny #usa #america #canada #newyork #fashion",naughtyhub.bsky.social,2025-11-16T03:01:29.343122+00:00,at://did:plc:a7rqcjr7zn4tgrgrahonpjnv/app.bsky.feed.post/3m5pptfcr652y,2025-11-16T03:20:32.657825+00:00
"Source

#Canada",canada-cambot.bsky.social,2025-11-16T03:01:10Z,at://did:plc:kdmhcb4wmrqzqg6hn2ps55t4/app.bsky.feed.post/3m5ppssxghh22,2025-11-16T03:20:32.657827+00:00
"🚀 Exciting Full Time opportunity!

Senior Product Designer role at KOHO
🗺️ Remote Canada

Apply here: https://uiuxjobsboard.com/job/1271825-remote-canada-senior-product-designer

#design #hiring #ux #jobs",uiuxjobsboard.bsky.social,2025-11-16T03:00:52.960Z,at://did:plc:7oig3ztl52xu4garvx43dhqd/app.bsky.feed.post/3m5pps7g52j2s,2025-11-16T03:20:32.657829+00:00
"Never jerk off alone again

https://vydeo.space/NaughtyHub

#naughty #nudes #boobs #fuck #sex #ass #porn #naked #photography #today #bigboobs #nsfw #tease #nsfwbluesky #goonsky #onlyfans #canada #nyc #wet #squirt #cum #body #skinny #horny #usa #america #canada #newyork #fashion",naughtysexy.bsky.social,2025-11-16T03:00:48.676021+00:00,at://did:plc:oh2ebejz5ccu4gkysv7r3qes/app.bsky.feed.post/3m5pprzs46f2h,2025-11-16T03:20:32.657830+00:00
" The Vatican returned 62 artifacts to Indigenous peoples from Canada, a historic restitution that is part of the Catholic Church's reckoning with its role in helping suppress Indigenous culture.                                                   n.pr/43T2xmD          www.npr.org/2025/11/15/n...",moniquedhooghe.bsky.social,2025-11-16T03:00:35.432Z,at://did:plc:iu32pd4oj6bch6krla3untob/app.bsky.feed.post/3m5pprod7lc2n,2025-11-16T03:20:32.657832+00:00
"Show youth that Canada cares: YMHC Heart to Heart Campaign

Communities can participate in a national movement of compassion. Sending hearts is one way to remind students that support surrounds them.

To Send or Request Hearts: ymhc.ngo/hearts",ymhc.ngo,2025-11-16T03:00:28.085Z,at://did:plc:6fi66zf3lndfxnzluajjymdz/app.bsky.feed.post/3m5pprhepoc26,2025-11-16T03:20:32.657834+00:00
"Never jerk off alone again

https://vydeo.space/NaughtyHub

#naughty #nudes #boobs #fuck #sex #ass #porn #naked #photography #today #bigboobs #nsfw #tease #nsfwbluesky #goonsky #onlyfans #canada #nyc #wet #squirt #cum #body #skinny #horny #usa #america #canada #newyork #fashion",naughtyhub.bsky.social,2025-11-16T03:00:26.153693+00:00,at://did:plc:a7rqcjr7zn4tgrgrahonpjnv/app.bsky.feed.post/3m5pprj65bn2y,2025-11-16T03:20:32.657836+00:00
"My favourite photo of this d-bag to-date. May he suffer from blinding migraines every single moment of the rest of his depraved life. 

Only shame is he’s old so he won’t live in infamy for long.",shamusbrown1.bsky.social,2025-11-16T02:59:58.059Z,at://did:plc:lmjjsfx76p2pv4mnk67yilya/app.bsky.feed.post/3m5ppqkoybk2m,2025-11-16T03:20:32.657838+00:00
"Best free porn on our telegram channel

https://t.me/+_9PX4Yj9FUMxODkx

#naughty #nudes #boobs #fuck #sex #ass #porn #naked #photography #today #bigboobs #nsfw #tease #nsfwbluesky #goonsky #onlyfans #canada #nyc #wet #squirt #cum #body #skinny #horny #usa #america #canada #newyork #fashion",naughtysexy.bsky.social,2025-11-16T02:59:45.915144+00:00,at://did:plc:oh2ebejz5ccu4gkysv7r3qes/app.bsky.feed.post/3m5ppq5smjd2a,2025-11-16T03:20:32.657840+00:00
"Never jerk off alone again

https://vydeo.space/NaughtyHub

#naughty #nudes #boobs #fuck #sex #ass #porn #naked #photography #today #bigboobs #nsfw #tease #nsfwbluesky #goonsky #onlyfans #canada #nyc #wet #squirt #cum #body #skinny #horny #usa #america #canada #newyork #fashion",naughtyhub.bsky.social,2025-11-16T02:59:22.978509+00:00,at://did:plc:a7rqcjr7zn4tgrgrahonpjnv/app.bsky.feed.post/3m5pppmvz4q2a,2025-11-16T03:20:32.657841+00:00
"Never jerk off alone again

https://vydeo.space/NaughtyHub

#naughty #nudes #boobs #fuck #sex #ass #porn #naked #photography #today #bigboobs #nsfw #tease #nsfwbluesky #goonsky #onlyfans #canada #nyc #wet #squirt #cum #body #skinny #horny #usa #america #canada #newyork #fashion",naughtysexy.bsky.social,2025-11-16T02:58:40.983037+00:00,at://did:plc:oh2ebejz5ccu4gkysv7r3qes/app.bsky.feed.post/3m5ppo7zgrr2h,2025-11-16T03:20:32.657843+00:00
,petersealy.bsky.social,2025-11-16T02:58:23.549Z,at://did:plc:o3k5drmg3qm7ie4b5pzbnm27/app.bsky.feed.post/3m5ppnqkgrrrm,2025-11-16T03:20:32.657845+00:00
"Never jerk off alone again

https://vydeo.space/NaughtyHub

#naughty #nudes #boobs #fuck #sex #ass #porn #naked #photography #today #bigboobs #nsfw #tease #nsfwbluesky #goonsky #onlyfans #canada #nyc #wet #squirt #cum #body #skinny #horny #usa #america #canada #newyork #fashion",naughtyhub.bsky.social,2025-11-16T02:58:18.992701+00:00,at://did:plc:a7rqcjr7zn4tgrgrahonpjnv/app.bsky.feed.post/3m5ppnpwffh2q,2025-11-16T03:20:32.657847+00:00
"Best free porn on our telegram channel

https://t.me/+_9PX4Yj9FUMxODkx

#naughty #nudes #boobs #fuck #sex #ass #porn #naked #photography #today #bigboobs #nsfw #tease #nsfwbluesky #goonsky #onlyfans #canada #nyc #wet #squirt #cum #body #skinny #horny #usa #america #canada #newyork #fashion",naughtysexy.bsky.social,2025-11-16T02:57:33.986204+00:00,at://did:plc:oh2ebejz5ccu4gkysv7r3qes/app.bsky.feed.post/3m5ppma4ylh2d,2025-11-16T03:20:32.657849+00:00
"Never jerk off alone again

https://vydeo.space/NaughtyHub

#naughty #nudes #boobs #fuck #sex #ass #porn #naked #photography #today #bigboobs #nsfw #tease #nsfwbluesky #goonsky #onlyfans #canada #nyc #wet #squirt #cum #body #skinny #horny #usa #america #canada #newyork #fashion",naughtyhub.bsky.social,2025-11-16T02:57:13.948226+00:00,at://did:plc:a7rqcjr7zn4tgrgrahonpjnv/app.bsky.feed.post/3m5pplrqake2h,2025-11-16T03:20:32.657851+00:00
www.cbc.ca/news/canada/...,drsherrihayden.bsky.social,2025-11-16T02:56:51.001Z,at://did:plc:6lklkwnblqdovyjy2xsmjthy/app.bsky.feed.post/3m5ppkyc3pc27,2025-11-16T03:20:32.657853+00:00
If I wanted to see a montrealer show his whole ass I woulda watched hockey night in canada 🤼‍♂️,hitmanshades.bsky.social,2025-11-16T02:56:47.835Z,at://did:plc:j4b2bwrn2oedsocqp6pa4hhe/app.bsky.feed.post/3m5ppkvbgwk23,2025-11-16T03:20:32.657855+00:00
Canada is a significantly better-run country than the USA.,oracy.bsky.social,2025-11-16T02:56:31.090Z,at://did:plc:ercyrpy23fbiwxvskur34xgw/app.bsky.feed.post/3m5ppkfcgfc2t,2025-11-16T03:20:32.657857+00:00
"Never jerk off alone again

https://vydeo.space/NaughtyHub

#naughty #nudes #boobs #fuck #sex #ass #porn #naked #photography #today #bigboobs #nsfw #tease #nsfwbluesky #goonsky #onlyfans #canada #nyc #wet #squirt #cum #body #skinny #horny #usa #america #canada #newyork #fashion",naughtysexy.bsky.social,2025-11-16T02:56:30.927900+00:00,at://did:plc:oh2ebejz5ccu4gkysv7r3qes/app.bsky.feed.post/3m5ppkdytps2o,2025-11-16T03:20:32.657859+00:00
"Never jerk off alone again

https://vydeo.space/NaughtyHub

#naughty #nudes #boobs #fuck #sex #ass #porn #naked #photography #today #bigboobs #nsfw #tease #nsfwbluesky #goonsky #onlyfans #canada #nyc #wet #squirt #cum #body #skinny #horny #usa #america #canada #newyork #fashion",naughtyhub.bsky.social,2025-11-16T02:56:11.024902+00:00,at://did:plc:a7rqcjr7zn4tgrgrahonpjnv/app.bsky.feed.post/3m5ppjvtz7l2h,2025-11-16T03:20:32.657860+00:00
"Best free porn on our telegram channel

https://t.me/+_9PX4Yj9FUMxODkx

#naughty #nudes #boobs #fuck #sex #ass #porn #naked #photography #today #bigboobs #nsfw #tease #nsfwbluesky #goonsky #onlyfans #canada #nyc #wet #squirt #cum #body #skinny #horny #usa #america #canada #newyork #fashion",naughtysexy.bsky.social,2025-11-16T02:55:24.593056+00:00,at://did:plc:oh2ebejz5ccu4gkysv7r3qes/app.bsky.feed.post/3m5ppieqjyp2d,2025-11-16T03:20:32.657862+00:00
"Never jerk off alone again

https://vydeo.space/NaughtyHub

#naughty #nudes #boobs #fuck #sex #ass #porn #naked #photography #today #bigboobs #nsfw #tease #nsfwbluesky #goonsky #onlyfans #canada #nyc #wet #squirt #cum #body #skinny #horny #usa #america #canada #newyork #fashion",naughtyhub.bsky.social,2025-11-16T02:55:07.299880+00:00,at://did:plc:a7rqcjr7zn4tgrgrahonpjnv/app.bsky.feed.post/3m5pphz35hm2k,2025-11-16T03:20:32.657864+00:00
"Best live cams & free porn

https://vydeo.space/jerkmate

#naughty #nudes #boobs #fuck #sex #ass #porn #naked #photography #today #bigboobs #nsfw #tease #nsfwbluesky #goonsky #onlyfans #canada #nyc #wet #squirt #cum #body #skinny #horny #usa #america #canada #newyork #fashion",naughtyhub.bsky.social,2025-11-17T03:17:50.843501+00:00,at://did:plc:a7rqcjr7zn4tgrgrahonpjnv/app.bsky.feed.post/3m5sb7q3z5p2h,2025-11-17T03:18:25.770712+00:00
Thank you Canada for importing less from the bully nation down south... particularly in grocery.. continue to expand relationships with the rest of the world and let American produce rot in their fields,oceanm25.bsky.social,2025-11-17T03:17:46.786Z,at://did:plc:vqoomix3x43r4xkujcqymu36/app.bsky.feed.post/3m5sb7deeak2v,2025-11-17T03:18:25.770729+00:00
": )

I've taken to telling Yank friends who *can* get up here that this is the cheapest it's ever going to be to visit Canada, so they should take advantage of having a currency that's not determined by fucking resource extraction industries and one (1) incredibly unbalanced trade relationship??",rarf.zone,2025-11-17T03:17:38.824Z,at://did:plc:cd6rtyhwlj6fakjuvx33r3z6/app.bsky.feed.post/3m5sb73tr7t2l,2025-11-17T03:18:25.770733+00:00
"Best live cams & free porn

https://vydeo.space/jerkmate

#naughty #nudes #boobs #fuck #sex #ass #porn #naked #photography #today #bigboobs #nsfw #tease #nsfwbluesky #goonsky #onlyfans #canada #nyc #wet #squirt #cum #body #skinny #horny #usa #america #canada #newyork #fashion",naughtysexy.bsky.social,2025-11-17T03:17:33.118106+00:00,at://did:plc:oh2ebejz5ccu4gkysv7r3qes/app.bsky.feed.post/3m5sb6urrhf2o,2025-11-17T03:18:25.770735+00:00
"This is the new North American reality: Canada adapts. The U.S. reacts.
And the economic pain is only beginning.
youtu.be/ZoWkOBHfLp0?...",colleenchanel.bsky.social,2025-11-17T03:17:29.999Z,at://did:plc:lnrfjmn464aaljacqvzoa2wl/app.bsky.feed.post/3m5sb6te3o22r,2025-11-17T03:18:25.770737+00:00
"Never jerk off alone again

https://vydeo.space/jerkmate

#naughty #nudes #boobs #fuck #sex #ass #porn #naked #photography #today #bigboobs #nsfw #tease #nsfwbluesky #goonsky #onlyfans #canada #nyc #wet #squirt #cum #body #skinny #horny #usa #america #canada #newyork #fashion",naughtyhub.bsky.social,2025-11-17T03:16:47.623537+00:00,at://did:plc:a7rqcjr7zn4tgrgrahonpjnv/app.bsky.feed.post/3m5sb5tx4l422,2025-11-17T03:18:25.770739+00:00
"Never jerk off alone again

https://vydeo.space/jerkmate

#naughty #nudes #boobs #fuck #sex #ass #porn #naked #photography #today #bigboobs #nsfw #tease #nsfwbluesky #goonsky #onlyfans #canada #nyc #wet #squirt #cum #body #skinny #horny #usa #america #canada #newyork #fashion",naughtysexy.bsky.social,2025-11-17T03:16:30.238906+00:00,at://did:plc:oh2ebejz5ccu4gkysv7r3qes/app.bsky.feed.post/3m5sb4yspcf2o,2025-11-17T03:18:25.770741+00:00
www.cbc.ca/news/canada/...,blaqdocdown.bsky.social,2025-11-17T03:16:29.022Z,at://did:plc:dk6vxaa5eww54weaj67ehai2/app.bsky.feed.post/3m5sb4z75uc2g,2025-11-17T03:18:25.770744+00:00
"Confederation Bridge, Canada

#Canada",canada-cambot.bsky.social,2025-11-17T03:16:28Z,at://did:plc:kdmhcb4wmrqzqg6hn2ps55t4/app.bsky.feed.post/3m5sb53rdyx2l,2025-11-17T03:18:25.770745+00:00
"Trump has attacked Canada, Mexico, all our Allies! Waged money war on everyone and everything except Russia. No tariffs for Russia. And no sanctions either. Get smarter America",thedad2024.bsky.social,2025-11-17T03:15:38.123Z,at://did:plc:gc6u2wz3depkvxjhvhbusq57/app.bsky.feed.post/3m5sb3inurs2v,2025-11-17T03:18:25.770748+00:00
Quelle horreur ce gars. Radio Canada a fait une grosse erreur en diffusant le moment où Guy A.L. serre la main du gars bien qu'on nous ait JAMAIS montré ce même geste jusqu'à présent avec AUCUN(E) autre invité(e). Honte à TLMEP pour lui avoir offert cette plateforme.,rickypill.bsky.social,2025-11-17T03:15:35.872Z,at://did:plc:wrm755v5acqurduhybgyg5st/app.bsky.feed.post/3m5sb3gj6k22e,2025-11-17T03:18:25.770750+00:00
"Never jerk off alone again

https://vydeo.space/NaughtyHub

#naughty #nudes #boobs #fuck #sex #ass #porn #naked #photography #today #bigboobs #nsfw #tease #nsfwbluesky #goonsky #onlyfans #canada #nyc #wet #squirt #cum #body #skinny #horny #usa #america #canada #newyork #fashion",naughtysexy.bsky.social,2025-11-17T03:15:27.127010+00:00,at://did:plc:oh2ebejz5ccu4gkysv7r3qes/app.bsky.feed.post/3m5sb34mu3i2i,2025-11-17T03:18:25.770751+00:00
Celebrating appropriately while podcasting.,escalante.bsky.social,2025-11-17T03:14:47.115Z,at://did:plc:a735s6nsepply7prbn4rzgqr/app.bsky.feed.post/3m5sazxzd7k2u,2025-11-17T03:18:25.770753+00:00
"Watch the sexiest models for free

https://vydeo.space/jerkmatecams

#naughty #nudes #boobs #fuck #sex #ass #porn #naked #photography #today #bigboobs #nsfw #tease #nsfwbluesky #goonsky #onlyfans #canada #nyc #wet #squirt #cum #body #skinny #horny #usa #america #canada #newyork #fashion",naughtyhub.bsky.social,2025-11-17T03:14:37.292617+00:00,at://did:plc:a7rqcjr7zn4tgrgrahonpjnv/app.bsky.feed.post/3m5sazxmnv42u,2025-11-17T03:18:25.770755+00:00
"Watch the sexiest models for free

https://vydeo.space/jerkmatecams

#naughty #nudes #boobs #fuck #sex #ass #porn #naked #photography #today #bigboobs #nsfw #tease #nsfwbluesky #goonsky #onlyfans #canada #nyc #wet #squirt #cum #body #skinny #horny #usa #america #canada #newyork #fashion",naughtysexy.bsky.social,2025-11-17T03:14:23.420344+00:00,at://did:plc:oh2ebejz5ccu4gkysv7r3qes/app.bsky.feed.post/3m5saz7uow32v,2025-11-17T03:18:25.770757+00:00
"Last one for the #Alphabetchallenge #WeekTforTelevision

""The Amazing Race (Canada)""

#photography 📷 #troutlake #Vancouver #BC #Canada 🇨🇦 #travel ✈️ #ducks 🦆 #dogs 🐶",au-contraire.bsky.social,2025-11-17T03:14:10.462Z,at://did:plc:t4orhultzmf4moh6riuky2jg/app.bsky.feed.post/3m5sayv5dcc2e,2025-11-17T03:18:25.770759+00:00
I feel bad for the good people of the USA 🇺🇸. We are so lucky to have Carney as a Prime Minister in Canada 🇨🇦.,relax4balance.bsky.social,2025-11-17T03:14:03.262Z,at://did:plc:zlekmnu3kkyduvkr6trrp5fd/app.bsky.feed.post/3m5sayo6x3k2j,2025-11-17T03:18:25.770761+00:00
"Speaking of memory, there was the International Grand Committee on Facebook, Google, Amazon, Brexit, and Trump.  The first one was in the UK, the second in Canada, the third in Ireland and the last one behind closed doors in the USA.
www.youtube.com/watch?v=QMb8...",vaudree.bsky.social,2025-11-17T03:13:46.555Z,at://did:plc:i3ggvte5kpeuyqau4cgxhx4j/app.bsky.feed.post/3m5say6b3ns2r,2025-11-17T03:18:25.770763+00:00
"Best live cams & free porn

https://vydeo.space/jerkmate

#naughty #nudes #boobs #fuck #sex #ass #porn #naked #photography #today #bigboobs #nsfw #tease #nsfwbluesky #goonsky #onlyfans #canada #nyc #wet #squirt #cum #body #skinny #horny #usa #america #canada #newyork #fashion",naughtyhub.bsky.social,2025-11-17T03:13:33.793110+00:00,at://did:plc:a7rqcjr7zn4tgrgrahonpjnv/app.bsky.feed.post/3m5say32n2t2a,2025-11-17T03:18:25.770764+00:00
"Best live cams & free porn

https://vydeo.space/jerkmate

#naughty #nudes #boobs #fuck #sex #ass #porn #naked #photography #today #bigboobs #nsfw #tease #nsfwbluesky #goonsky #onlyfans #canada #nyc #wet #squirt #cum #body #skinny #horny #usa #america #canada #newyork #fashion",naughtysexy.bsky.social,2025-11-17T03:13:20.032100+00:00,at://did:plc:oh2ebejz5ccu4gkysv7r3qes/app.bsky.feed.post/3m5saxdgkjh2l,2025-11-17T03:18:25.770766+00:00
"Leifer's Introduction to Maternity and Pediatric Nursing in Canada, 2nd Edition - PDF eBook 

Lisa Keenan Lindsay

9780323872799, 9780323872775, 9780323872836

Download: 👉 https://lttr.ai/AlGDs",janelibrary.bsky.social,2025-11-17T03:13:15.384023Z,at://did:plc:ejr7nn27owdjuixvgtg2cyek/app.bsky.feed.post/3m5saxcc3ir2i,2025-11-17T03:18:25.770768+00:00
"Never jerk off alone again

https://vydeo.space/jerkmate

#naughty #nudes #boobs #fuck #sex #ass #porn #naked #photography #today #bigboobs #nsfw #tease #nsfwbluesky #goonsky #onlyfans #canada #nyc #wet #squirt #cum #body #skinny #horny #usa #america #canada #newyork #fashion",naughtyhub.bsky.social,2025-11-17T03:12:28.801010+00:00,at://did:plc:a7rqcjr7zn4tgrgrahonpjnv/app.bsky.feed.post/3m5saw534ft2a,2025-11-17T03:18:25.770770+00:00
"Never jerk off alone again

https://vydeo.space/jerkmate

#naughty #nudes #boobs #fuck #sex #ass #porn #naked #photography #today #bigboobs #nsfw #tease #nsfwbluesky #goonsky #onlyfans #canada #nyc #wet #squirt #cum #body #skinny #horny #usa #america #canada #newyork #fashion",naughtysexy.bsky.social,2025-11-17T03:12:16.739344+00:00,at://did:plc:oh2ebejz5ccu4gkysv7r3qes/app.bsky.feed.post/3m5savh34od2v,2025-11-17T03:18:25.770772+00:00
www.zazzle.com/sunlit_leafy... #Sunlit #Leafy #Grapevine #Vineyard #shower #curtain #green #yellow #colors #leaves #custom #print #sale #save 20% off #trending 17 #views #Nov16 #Nov17 #Nov18 #2025 #USA #Canada #Europe #Zazzle #Zazzlemade ends #18Nov #Tuesday #November18 2025,fabricframes.bsky.social,2025-11-17T03:12:11.026Z,at://did:plc:64pmjky2ghpuh2iaog6ozemn/app.bsky.feed.post/3m5savd5sls27,2025-11-17T03:18:25.770774+00:00
My wife was at a dog show in Washington near the Canadian border this weekend. She overhead owners from Canada complaining about being charged tariffs on their show dogs when they crossed the border.,elder420.bsky.social,2025-11-17T03:11:51.267Z,at://did:plc:u6ym2mgvb3vvwebtiziueoln/app.bsky.feed.post/3m5sauqcrps2b,2025-11-17T03:18:25.770775+00:00
googling where kelowna is,trevinflickinger.com,2025-11-17T03:11:49.375Z,at://did:plc:emgxm5ws2ixjza5msqfkd7qz/app.bsky.feed.post/3m5sauojjos2u,2025-11-17T03:18:25.770777+00:00
"Quebec Liberals slam the separatist Parti Québécois for its independence currency proposal

www.cbc.ca/news/canada/...",joepublic.bsky.social,2025-11-17T03:11:28.538Z,at://did:plc:dhmkgzkujbf47hh7xmqe4ydx/app.bsky.feed.post/3m5sau2n4hc2i,2025-11-17T03:18:25.770779+00:00
"Cum watching the best live cams

https://vydeo.space/NaughtyHub

#naughty #nudes #boobs #fuck #sex #ass #porn #naked #photography #today #bigboobs #nsfw #tease #nsfwbluesky #goonsky #onlyfans #canada #nyc #wet #squirt #cum #body #skinny #horny #usa #america #canada #newyork #fashion",naughtyhub.bsky.social,2025-11-17T03:11:23.708211+00:00,at://did:plc:a7rqcjr7zn4tgrgrahonpjnv/app.bsky.feed.post/3m5sau6yjex2h,2025-11-17T03:18:25.770781+00:00
"Never jerk off alone again

https://vydeo.space/NaughtyHub

#naughty #nudes #boobs #fuck #sex #ass #porn #naked #photography #today #bigboobs #nsfw #tease #nsfwbluesky #goonsky #onlyfans #canada #nyc #wet #squirt #cum #body #skinny #horny #usa #america #canada #newyork #fashion",naughtysexy.bsky.social,2025-11-17T03:11:14.072931+00:00,at://did:plc:oh2ebejz5ccu4gkysv7r3qes/app.bsky.feed.post/3m5satlcu7h2j,2025-11-17T03:18:25.770783+00:00
"Watch the sexiest models for free

https://vydeo.space/jerkmatecams

#naughty #nudes #boobs #fuck #sex #ass #porn #naked #photography #today #bigboobs #nsfw #tease #nsfwbluesky #goonsky #onlyfans #canada #nyc #wet #squirt #cum #body #skinny #horny #usa #america #canada #newyork #fashion",naughtyhub.bsky.social,2025-11-17T03:10:21.083717+00:00,at://did:plc:a7rqcjr7zn4tgrgrahonpjnv/app.bsky.feed.post/3m5sasdbavw2y,2025-11-17T03:18:25.770784+00:00
"Watch the sexiest models for free

https://vydeo.space/jerkmatecams

#naughty #nudes #boobs #fuck #sex #ass #porn #naked #photography #today #bigboobs #nsfw #tease #nsfwbluesky #goonsky #onlyfans #canada #nyc #wet #squirt #cum #body #skinny #horny #usa #america #canada #newyork #fashion",naughtysexy.bsky.social,2025-11-17T03:10:11.208950+00:00,at://did:plc:oh2ebejz5ccu4gkysv7r3qes/app.bsky.feed.post/3m5sarpfci52i,2025-11-17T03:18:25.770786+00:00
"Nothing against any of the people.  It’s the format of the show itself. 
I want more of what Hockey Night in Canada is. I want to know who the 3 stars are and I want some news from around the league.",ahofthemitten.bsky.social,2025-11-17T03:09:18.761Z,at://did:plc:65gjbt3dm74fzv6gjtisghyg/app.bsky.feed.post/3m5saq6v7ns2t,2025-11-17T03:18:25.770788+00:00
"Best live cams & free porn

https://vydeo.space/jerkmate

#naughty #nudes #boobs #fuck #sex #ass #porn #naked #photography #today #bigboobs #nsfw #tease #nsfwbluesky #goonsky #onlyfans #canada #nyc #wet #squirt #cum #body #skinny #horny #usa #america #canada #newyork #fashion",naughtyhub.bsky.social,2025-11-17T03:09:15.201330+00:00,at://did:plc:a7rqcjr7zn4tgrgrahonpjnv/app.bsky.feed.post/3m5saqegfaw2y,2025-11-17T03:18:25.770790+00:00
"Best live cams & free porn

https://vydeo.space/jerkmate

#naughty #nudes #boobs #fuck #sex #ass #porn #naked #photography #today #bigboobs #nsfw #tease #nsfwbluesky #goonsky #onlyfans #canada #nyc #wet #squirt #cum #body #skinny #horny #usa #america #canada #newyork #fashion",naughtysexy.bsky.social,2025-11-17T03:09:06.324409+00:00,at://did:plc:oh2ebejz5ccu4gkysv7r3qes/app.bsky.feed.post/3m5sapripun24,2025-11-17T03:18:25.770792+00:00
"Yeah! I was just reading that it was shot entirely during the 2023 strike - production stopped on THE MONKEY, so they went up to Canada and shot KEEPER, and it totally feels like something that was just kinda thrown together.",popnpizza.bsky.social,2025-11-17T03:08:53.988Z,at://did:plc:hwsryvmqq3gfkvismcprcjnz/app.bsky.feed.post/3m5saphanp22t,2025-11-17T03:18:25.770794+00:00
Canada,sarammedinaramis.bsky.social,2025-11-17T03:08:23.211Z,at://did:plc:ile5rplvhvby7n4g7z2qbbo3/app.bsky.feed.post/3m5saojvf2k2g,2025-11-17T03:18:25.770795+00:00
"Never jerk off alone again

https://vydeo.space/jerkmate

#naughty #nudes #boobs #fuck #sex #ass #porn #naked #photography #today #bigboobs #nsfw #tease #nsfwbluesky #goonsky #onlyfans #canada #nyc #wet #squirt #cum #body #skinny #horny #usa #america #canada #newyork #fashion",naughtyhub.bsky.social,2025-11-17T03:08:10.639742+00:00,at://did:plc:a7rqcjr7zn4tgrgrahonpjnv/app.bsky.feed.post/3m5saogwt7g2p,2025-11-17T03:18:25.770797+00:00
"Never jerk off alone again

https://vydeo.space/jerkmate

#naughty #nudes #boobs #fuck #sex #ass #porn #naked #photography #today #bigboobs #nsfw #tease #nsfwbluesky #goonsky #onlyfans #canada #nyc #wet #squirt #cum #body #skinny #horny #usa #america #canada #newyork #fashion",naughtysexy.bsky.social,2025-11-17T03:07:57.972727+00:00,at://did:plc:oh2ebejz5ccu4gkysv7r3qes/app.bsky.feed.post/3m5sanqcuwd2f,2025-11-17T03:18:25.770799+00:00
"I’m so happy that Canada is sending winter gear to Ukraine!!

🇨🇦💙🇺🇦

слава Україні🇺🇦🇺🇦🇺🇦
героям слава💛🙏🏻💙🙏🏻

youtu.be/__KlHjfIQSE?...",auroradominiqua.bsky.social,2025-11-17T03:07:20.203Z,at://did:plc:oses4vfh33c377bx24fisn6n/app.bsky.feed.post/3m5samnskrs2j,2025-11-17T03:18:25.770801+00:00
"Cum watching the best live cams

https://vydeo.space/NaughtyHub

#naughty #nudes #boobs #fuck #sex #ass #porn #naked #photography #today #bigboobs #nsfw #tease #nsfwbluesky #goonsky #onlyfans #canada #nyc #wet #squirt #cum #body #skinny #horny #usa #america #canada #newyork #fashion",naughtyhub.bsky.social,2025-11-17T03:07:06.411324+00:00,at://did:plc:a7rqcjr7zn4tgrgrahonpjnv/app.bsky.feed.post/3m5samjlm4e2a,2025-11-17T03:18:25.770803+00:00
"Never jerk off alone again

https://vydeo.space/NaughtyHub

#naughty #nudes #boobs #fuck #sex #ass #porn #naked #photography #today #bigboobs #nsfw #tease #nsfwbluesky #goonsky #onlyfans #canada #nyc #wet #squirt #cum #body #skinny #horny #usa #america #canada #newyork #fashion",naughtysexy.bsky.social,2025-11-17T03:06:54.987961+00:00,at://did:plc:oh2ebejz5ccu4gkysv7r3qes/app.bsky.feed.post/3m5saluar3p2j,2025-11-17T03:18:25.770804+00:00
"""The new arrangement comes amid ongoing concerns about a regional brain drain, with skilled professionals following lucrative salaries and opportunities in the UK, the US and Canada, leaving islands with gaps in critical fields such as healthcare and education.""",feenavan2099.bsky.social,2025-11-17T03:06:49.036Z,at://did:plc:xdwo6pqw7ahphu2egtjukpj3/app.bsky.feed.post/3m5salq3fbs2v,2025-11-17T03:18:25.770806+00:00
"Apply for a Start Up Visa to Canada by investing in an innovative new business in Canada with #isafordimmigration
Help your family move to Canada to enjoy the world's best quality of life through the most popular pathway to Permanent Residency in Canada.

isaford.com",isafordimmigration.bsky.social,2025-11-17T03:06:42.213Z,at://did:plc:w7hjlsbgbxn5335hc7fo6bk4/app.bsky.feed.post/3m5saljljw22e,2025-11-17T03:18:25.770808+00:00
"Should only be on the US, Canada Or US mexico border not anything within.

POWER HUNGRY PIECES OF SHIT!",superwho86.bsky.social,2025-11-17T03:06:33.089Z,at://did:plc:dobrbvuwkcmk2m7b7pmyga6i/app.bsky.feed.post/3m5salauq222a,2025-11-17T03:18:25.770810+00:00
It is genuinely wild how the Grey Cup is older than two of the three dates Canada uses to define independence/sovereignty.,openwheel.racing,2025-11-17T03:06:32.451Z,at://did:plc:up4ttgwowa4vd3ec4oebllv6/app.bsky.feed.post/3m5salabbxs2a,2025-11-17T03:18:25.770812+00:00
"„Am fost vândută pe 1000 de dolari și am trăit 33 de ani în Canada cu un nume fals”. Cazul unei românce adoptate ilegal în anii ’90, revenite în România în căutarea identității",romanian-news.bsky.social,2025-11-17T03:06:24.651842861+00:00,at://did:plc:mnq7rvrlqls4gzh6eo6kzhkg/app.bsky.feed.post/3m5sakzrixu2z,2025-11-17T03:18:25.770813+00:00
"Vladimir Batyuk, the Chief Researcher at the Institute of the USA and Canada of the Russian Academy of Sciences, has passed away at the age of 65. The news was confirmed by the ISKRAN press service, which expressed regret over his death. Batyuk's contributions to research in his field were",newshoundai.bsky.social,2025-11-17T03:05:59.938150+00:00,at://did:plc:tpc42zt2y25vzh4a2djx5tvo/app.bsky.feed.post/3m5sakbfyxg22,2025-11-17T03:18:25.770815+00:00
Watched the first splendid episode of Burn’s “TAR” and learned that WI was briefly considered part of French Canada…,jfkauf.bsky.social,2025-11-17T03:05:58.457Z,at://did:plc:d22t36ouy7jtmuvbtziazgc5/app.bsky.feed.post/3m5sak7twns2y,2025-11-17T03:18:25.770817+00:00
"The average citizen (me) who does just a little research knows the fentanyl comes from
China. He just wanted to screw Canada. Because who doesn’t wake up in the morning thinking “how can we piss off Canada?”",ballermove.bsky.social,2025-11-17T03:05:50.254Z,at://did:plc:ootnr46q5ayayms7j7twwhgm/app.bsky.feed.post/3m5sajxziyc23,2025-11-17T03:18:25.770819+00:00
"Watch the sexiest models for free

https://vydeo.space/jerkmatecams

#naughty #nudes #boobs #fuck #sex #ass #porn #naked #photography #today #bigboobs #nsfw #tease #nsfwbluesky #goonsky #onlyfans #canada #nyc #wet #squirt #cum #body #skinny #horny #usa #america #canada #newyork #fashion",naughtysexy.bsky.social,2025-11-17T03:05:49.562799+00:00,at://did:plc:oh2ebejz5ccu4gkysv7r3qes/app.bsky.feed.post/3m5sajvyz3t26,2025-11-17T03:18:25.770821+00:00
See.. they like to justify their activity band by coast line measurements EVEN on the Great Lakes firmly inside US territory lines whereas their 100 mile border stuff should be off the US/Canada border.,dixonij.bsky.social,2025-11-17T03:05:19.878Z,at://did:plc:sxucrzifruhxm5g32petwgbi/app.bsky.feed.post/3m5saj32iwc2c,2025-11-17T03:18:25.770822+00:00
"RELEASE THE EPSTEIN FILES.

#ResistTrump #Canada #SAABGripen #MilitaryIndustrialComplex #F-35  #Israel #SaudiArabia

29/29",admansky.bsky.social,2025-11-17T03:05:16.745Z,at://did:plc:d3t7zzzzktmwrdq7fk5ofsjq/app.bsky.feed.post/3m5saiy2erh2c,2025-11-17T03:18:25.770827+00:00
"Canada is not alone: Portugal cancelled its F-35 order in March, 2025 citing the unpredictability of US foreign policy and the concept of a kill switch, in effect the withdrawal of updates and ongoing support that could affect the continuing operation of the planes.

23/",admansky.bsky.social,2025-11-17T03:05:16.739Z,at://did:plc:d3t7zzzzktmwrdq7fk5ofsjq/app.bsky.feed.post/3m5saiy2ds22c,2025-11-17T03:18:25.770829+00:00
"It would also enhance interoperability with multiple NATO allies, Sweden’s King Carl XVI and Queen Silvia are to visit Canada later this month as SAAB closes in on a deal with the Canadian government.

22/",admansky.bsky.social,2025-11-17T03:05:16.738Z,at://did:plc:d3t7zzzzktmwrdq7fk5ofsjq/app.bsky.feed.post/3m5saiy2drz2c,2025-11-17T03:18:25.770831+00:00
"Such a decision by Canada would align well with the Security and Defence Partnership it signed in June with the European Union, an agreement intended to deepen collaboration on security and defence between the parties.

21/",admansky.bsky.social,2025-11-17T03:05:16.737Z,at://did:plc:d3t7zzzzktmwrdq7fk5ofsjq/app.bsky.feed.post/3m5saiy2dry2c,2025-11-17T03:18:25.770833+00:00
"The deal might provide more than cheaper (about 75% of the cost) but comparable (in most respects) fighters; SAAB is proposing to build these aircraft in Canada, creating thousands of jobs in our aerospace sector with long term benefits as the company projects that they will need....

19/",admansky.bsky.social,2025-11-17T03:05:16.735Z,at://did:plc:d3t7zzzzktmwrdq7fk5ofsjq/app.bsky.feed.post/3m5saiy2drw2c,2025-11-17T03:18:25.770834+00:00
"The government, however, is seriously considering the cancellation and then purchasing aircraft from other parts of the world as Canada realigns its relationships in reaction to the Trump administration’s threats to our sovereignty....

17/",admansky.bsky.social,2025-11-17T03:05:16.733Z,at://did:plc:d3t7zzzzktmwrdq7fk5ofsjq/app.bsky.feed.post/3m5saiy2csn2c,2025-11-17T03:18:25.770836+00:00
"Or something like that.

MBS may be able to get those F-35s sooner than otherwise anticipated as here in Canada we are debating whether to cancel 72 of the 88 F-35s we have on order. The first 16 are paid for, so too late to opt out of them.

16/",admansky.bsky.social,2025-11-17T03:05:16.732Z,at://did:plc:d3t7zzzzktmwrdq7fk5ofsjq/app.bsky.feed.post/3m5saiy2csm2c,2025-11-17T03:18:25.770838+00:00
"Hoping that when trump leaves...forced out...his whole criminal Cabinet is forced out too..!
Gracias Beautiful Canada 🇨🇦 ❤️
But you're right...Vance is a very big threat.
But he'll never have the cultic powers of trump.
He'll have to use LOTS of force to maintain control...
Lots more than tump.
✌️ ☮️ 🕊",treeclimber333.bsky.social,2025-11-17T03:05:04.125Z,at://did:plc:pjpvqk5pqrvmpo26ymnmqa5g/app.bsky.feed.post/3m5sailzr522s,2025-11-17T03:18:25.770840+00:00
"Best live cams & free porn

https://vydeo.space/jerkmate

#naughty #nudes #boobs #fuck #sex #ass #porn #naked #photography #today #bigboobs #nsfw #tease #nsfwbluesky #goonsky #onlyfans #canada #nyc #wet #squirt #cum #body #skinny #horny #usa #america #canada #newyork #fashion",naughtyhub.bsky.social,2025-11-17T03:04:55.484304+00:00,at://did:plc:a7rqcjr7zn4tgrgrahonpjnv/app.bsky.feed.post/3m5saimli2w2o,2025-11-17T03:18:25.770842+00:00
"And that’s it! Team Casper knocks off Team Shuster in the US Olympic Curling Trials. They’ll travel to Canada in a few weeks to take part in the last chance qualifier with a chance to go to the Olympics on the line.
#curling #teamusa #olympics #usolympiccurlingtrials",followthecauldron.bsky.social,2025-11-17T03:04:53.194Z,at://did:plc:sybqu3tud25xr7aerwuxmuf2/app.bsky.feed.post/3m5saibm6dc2a,2025-11-17T03:18:25.770843+00:00
Look at Alberta Canada first before committing.,diggy24.bsky.social,2025-11-17T03:04:27.626Z,at://did:plc:klj2xr5u5u5xfn5um4ppqhc5/app.bsky.feed.post/3m5sahj7vlc27,2025-11-17T03:18:25.770845+00:00
"""According to a study published by UVic biologist Tom Reimchen and two of his students, free-floating logs that wash ashore, referred to as drift logs, are causing widespread destruction of rocky intertidal ecosystems communities along the coast of Western Canada. The paper is published in the […]",dyckron.mstdn.ca.ap.brid.gy,2025-11-17T03:04:01.000Z,at://did:plc:la3n4ombjzgsm7kmio2juo6o/app.bsky.feed.post/3m5sagva4j6s2,2025-11-17T03:18:25.770847+00:00
"Never jerk off alone again

https://vydeo.space/jerkmate

#naughty #nudes #boobs #fuck #sex #ass #porn #naked #photography #today #bigboobs #nsfw #tease #nsfwbluesky #goonsky #onlyfans #canada #nyc #wet #squirt #cum #body #skinny #horny #usa #america #canada #newyork #fashion",naughtyhub.bsky.social,2025-11-17T03:03:50.335537+00:00,at://did:plc:a7rqcjr7zn4tgrgrahonpjnv/app.bsky.feed.post/3m5sagolj5t2u,2025-11-17T03:18:25.770849+00:00
"Never jerk off alone again

https://vydeo.space/jerkmate

#naughty #nudes #boobs #fuck #sex #ass #porn #naked #photography #today #bigboobs #nsfw #tease #nsfwbluesky #goonsky #onlyfans #canada #nyc #wet #squirt #cum #body #skinny #horny #usa #america #canada #newyork #fashion",naughtysexy.bsky.social,2025-11-17T03:03:38.792464+00:00,at://did:plc:oh2ebejz5ccu4gkysv7r3qes/app.bsky.feed.post/3m5safz5rq52o,2025-11-17T03:18:25.770851+00:00
Not Canada..maybe Scotland cuz daughter lives there,bevball.bsky.social,2025-11-17T03:03:35.848Z,at://did:plc:laosvodpcypoqztx2lhyiurp/app.bsky.feed.post/3m5safxtu2k2c,2025-11-17T03:18:25.770852+00:00
"Cum watching the best live cams

https://vydeo.space/NaughtyHub

#naughty #nudes #boobs #fuck #sex #ass #porn #naked #photography #today #bigboobs #nsfw #tease #nsfwbluesky #goonsky #onlyfans #canada #nyc #wet #squirt #cum #body #skinny #horny #usa #america #canada #newyork #fashion",naughtyhub.bsky.social,2025-11-17T03:02:42.957037+00:00,at://did:plc:a7rqcjr7zn4tgrgrahonpjnv/app.bsky.feed.post/3m5saeod2jd2m,2025-11-17T03:18:25.770854+00:00
"Bessent just admitted that China, not Canada, is the source of fentanyl being trafficked into the US.

Yet Trump falsely blamed Canada and lied that massive amounts of fentanyl was flowing over the border from Canada when he slapped his initial punitive tariffs on Canadian goods.

Drop the tariffs.",4animallife.bsky.social,2025-11-17T03:02:39.788Z,at://did:plc:zhrzqdsuo3d5ymvwftsfqz3b/app.bsky.feed.post/3m5saecexz22y,2025-11-17T03:18:25.770856+00:00
"Never jerk off alone again

https://vydeo.space/NaughtyHub

#naughty #nudes #boobs #fuck #sex #ass #porn #naked #photography #today #bigboobs #nsfw #tease #nsfwbluesky #goonsky #onlyfans #canada #nyc #wet #squirt #cum #body #skinny #horny #usa #america #canada #newyork #fashion",naughtysexy.bsky.social,2025-11-17T03:02:36.138819+00:00,at://did:plc:oh2ebejz5ccu4gkysv7r3qes/app.bsky.feed.post/3m5sae5g2eq2v,2025-11-17T03:18:25.770858+00:00
"Watch the sexiest models for free

https://vydeo.space/jerkmatecams

#naughty #nudes #boobs #fuck #sex #ass #porn #naked #photography #today #bigboobs #nsfw #tease #nsfwbluesky #goonsky #onlyfans #canada #nyc #wet #squirt #cum #body #skinny #horny #usa #america #canada #newyork #fashion",naughtyhub.bsky.social,2025-11-17T03:01:39.763907+00:00,at://did:plc:a7rqcjr7zn4tgrgrahonpjnv/app.bsky.feed.post/3m5sacs2evu2w,2025-11-17T03:18:25.770860+00:00
"Watch the sexiest models for free

https://vydeo.space/jerkmatecams

#naughty #nudes #boobs #fuck #sex #ass #porn #naked #photography #today #bigboobs #nsfw #tease #nsfwbluesky #goonsky #onlyfans #canada #nyc #wet #squirt #cum #body #skinny #horny #usa #america #canada #newyork #fashion",naughtysexy.bsky.social,2025-11-17T03:01:33.198680+00:00,at://did:plc:oh2ebejz5ccu4gkysv7r3qes/app.bsky.feed.post/3m5sacbfh7224,2025-11-17T03:18:25.770861+00:00
"Pacific Sands Beach, Cox Bay, BC, Canada

#Canada",canada-cambot.bsky.social,2025-11-17T03:01:27Z,at://did:plc:kdmhcb4wmrqzqg6hn2ps55t4/app.bsky.feed.post/3m5sac7kodn2r,2025-11-17T03:18:25.770863+00:00
Pretty sure it is more commonly called marble cheese in Canada. 🤔,hollsworld.bsky.social,2025-11-17T03:00:58.770Z,at://did:plc:t42iamze4cf5qsiwozbpyayk/app.bsky.feed.post/3m5sabc24nc2n,2025-11-17T03:18:25.770865+00:00
"Best live cams & free porn

https://vydeo.space/jerkmate

#naughty #nudes #boobs #fuck #sex #ass #porn #naked #photography #today #bigboobs #nsfw #tease #nsfwbluesky #goonsky #onlyfans #canada #nyc #wet #squirt #cum #body #skinny #horny #usa #america #canada #newyork #fashion",naughtysexy.bsky.social,2025-11-17T03:00:28.291127+00:00,at://did:plc:oh2ebejz5ccu4gkysv7r3qes/app.bsky.feed.post/3m5saadijqi2v,2025-11-17T03:18:25.770867+00:00
"The oil pipeline feud testing Canada’s global ambitions

https://www.europesays.com/2574493/

As Canada looks to untangle itself economically from the US, the country’s landlocked oil patch is eyeing new…",euenergy.bsky.social,2025-11-17T03:00:24+00:00,at://did:plc:zibx3delbo24mdsccz6s7qa4/app.bsky.feed.post/3m5saabrn3623,2025-11-17T03:18:25.770868+00:00
"When Air Canada strands me in O’Hare, I try to head to Tortas Frontera in ORD. 

It doesn’t make up for them sending my skis to Dallas when I’m heading to Denver, but best option available.",nwallis.bsky.social,2025-11-17T03:00:22.903Z,at://did:plc:uwrk5raywtrrw63mflcpc4p6/app.bsky.feed.post/3m5saa7tlas2e,2025-11-17T03:18:25.770870+00:00
"🎯 Career-defining opportunity!

Hive is seeking a passionate Senior UX Designer in Remote Canada. Work on projects that matter and grow with an amazing team.

Don't miss out: https://uiuxjobsboard.com/job/1271225-remote-canada-senior-ux-designer

#design #careers #techjobs",uiuxjobsboard.bsky.social,2025-11-17T03:00:22.759Z,at://did:plc:7oig3ztl52xu4garvx43dhqd/app.bsky.feed.post/3m5saa6zrod2r,2025-11-17T03:18:25.770872+00:00
"Reading this 2020 book #Stamped by Ibram X. Kendi and Jason Reynolds.

Safe happy waves from Canada",donbusking.bsky.social,2025-11-17T03:00:17.372Z,at://did:plc:ee22gjim26b2gzgcjzy4yu7j/app.bsky.feed.post/3m5saa2ksuc2g,2025-11-17T03:18:25.770874+00:00
Canada ain't ever coming back for that bourbon anyway. Trump already destroyed  the whiskey market. they were like 40% of sales and younger Americans don't even drink anymore.,chucklebot314.bsky.social,2025-11-17T03:00:03.197Z,at://did:plc:r4yjchzccfh6sl4ro6ph7lvj/app.bsky.feed.post/3m5sa7n265223,2025-11-17T03:18:25.770876+00:00
"Never jerk off alone again

https://vydeo.space/jerkmate

#naughty #nudes #boobs #fuck #sex #ass #porn #naked #photography #today #bigboobs #nsfw #tease #nsfwbluesky #goonsky #onlyfans #canada #nyc #wet #squirt #cum #body #skinny #horny #usa #america #canada #newyork #fashion",naughtyhub.bsky.social,2025-11-17T02:59:30.129141+00:00,at://did:plc:a7rqcjr7zn4tgrgrahonpjnv/app.bsky.feed.post/3m5sa6wfssg2l,2025-11-17T03:18:25.770878+00:00
"CRJ-200, ouch. I’m glad that Air Canada retired them last year. Funny to see an one-hour flight crossing a time zone !",matthieugd.com,2025-11-17T02:59:24.241Z,at://did:plc:5cneebvascbdncjml4h6yava/app.bsky.feed.post/3m5sa6hvd622e,2025-11-17T03:18:25.770879+00:00
Canada has a well thought out out plan when they got rid of the penny. The fact that there was no planned telegraphed to businesses on how to handle this if fucking ridiculous,thegr0ve.bsky.social,2025-11-17T02:59:23.308Z,at://did:plc:dk4agga3iya7qqwoeupzerwh/app.bsky.feed.post/3m5sa6gytzs2a,2025-11-17T03:18:25.770881+00:00
"Never jerk off alone again

https://vydeo.space/jerkmate

#naughty #nudes #boobs #fuck #sex #ass #porn #naked #photography #today #bigboobs #nsfw #tease #nsfwbluesky #goonsky #onlyfans #canada #nyc #wet #squirt #cum #body #skinny #horny #usa #america #canada #newyork #fashion",naughtysexy.bsky.social,2025-11-17T02:59:22.856527+00:00,at://did:plc:oh2ebejz5ccu4gkysv7r3qes/app.bsky.feed.post/3m5sa6f42zm2b,2025-11-17T03:18:25.770883+00:00
"Chill. Canada did away with the penny 13 years ago. It was not hard. 
 
"" U.S. officials have indicated the Mint will continue to issue limited collector and numismatic editions of the one-cent coin, similar to how other discontinued denominations are treated.""

canadiancoinnews.com/end-of-an-er...",probon.bsky.social,2025-11-17T02:59:04.469Z,at://did:plc:jpttkpcdhd5xaidg2tovn6e6/app.bsky.feed.post/3m5sa5uzxkc2p,2025-11-17T03:18:25.770885+00:00
"Prime Minister @mark-carney.bsky.social , this is what I would love to give my Canadian friends and neighbours for Christmas this year. 

A way out of the drugs that destroy too many Canadian lives. 

Help. And homes. 

Canada could use your financial savvy on this one.",breannewieler.bsky.social,2025-11-17T02:58:37.388Z,at://did:plc:jl7k6zcfbmblayk4auqu7koc/app.bsky.feed.post/3m5sa537kac2f,2025-11-17T03:18:25.770887+00:00
"Roughriders defeat Alouettes 25-17 to win Grey Cup

The Saskatchewan Roughriders have won the 2025 Grey Cup with a 25-17 victory tonight over the Montreal Alouettes at Princess Auto Stadium in Winnipeg. It is Saskatchewan's first CFL championship sin...

#cbc #cbc-canada-news #Canada ",scrubfire84.bsky.social,2025-11-17T02:58:29.600320+00:00,at://did:plc:bnk5d72upa2mfzwglo6ynbs3/app.bsky.feed.post/3m5sa4rgysy2n,2025-11-17T03:18:25.770889+00:00
"Canada does not have the expertise to build submarines, period!!",sirsandwich.bsky.social,2025-11-17T02:58:22.178Z,at://did:plc:xtixxhalq5uyxcmjbqjbeqis/app.bsky.feed.post/3m5sa4mpdqk2e,2025-11-17T03:18:25.770891+00:00
"The National | Federal budget uncertainty

Nov. 16. 2025 | Prime Minister Mark Carney faces a make-or-break vote over the federal budget that could send the country into another election. U.S. President Donald Trump has a public fallout with a longti...

#cbc #cbc-top-stories #Canada ",scrubfire84.bsky.social,2025-11-17T02:58:17.996859+00:00,at://did:plc:bnk5d72upa2mfzwglo6ynbs3/app.bsky.feed.post/3m5sa4gfba32r,2025-11-17T03:18:25.770893+00:00
"Roughriders defeat Alouettes to earn 5th Grey Cup crown in franchise history



#cbc #cbc-top-stories #Canada ",scrubfire84.bsky.social,2025-11-17T02:58:06.379409+00:00,at://did:plc:bnk5d72upa2mfzwglo6ynbs3/app.bsky.feed.post/3m5sa43clxu2v,2025-11-17T03:18:25.770895+00:00
"Your last saved meme is your moral philosophy

In this case, I am not the me.",cornduck3.bsky.social,2025-11-17T02:57:55.628Z,at://did:plc:to6mgdywwad2osz5nwnwfs2u/app.bsky.feed.post/3m5sa3tf5xk2s,2025-11-17T03:18:25.770897+00:00
"DISAPPOINTING:
Supreme Court of Canada reaffirms criminalizing sex work!
R. v. Kloubakov's ruling silences women, children! 
Criminal protection; workers underground
Ignore lived realities 
Uphold inequality under protection's guise
Ignore decriminalization 
www.freedomunited.org/news/canadas...",elee-2025.bsky.social,2025-11-17T02:57:41.742Z,at://did:plc:danvpxlraicwlv4rdb575vlu/app.bsky.feed.post/3m5sa3g5cic2v,2025-11-17T03:18:25.770899+00:00
canada leaf but bouba,titmou.se,2025-11-17T02:57:25.435Z,at://did:plc:aklrailcixp66s7o7hcbd4xn/app.bsky.feed.post/3m5sa2wlnok2a,2025-11-17T03:18:25.770900+00:00
"Wow! Hope #Canada keeps up the strategic poaching. 
#uspoli",chocolatefire.bsky.social,2025-11-17T02:57:21.036Z,at://did:plc:seulgagz3hgwzspe2hltm4kx/app.bsky.feed.post/3m5sa2sfgr22q,2025-11-17T03:18:25.770902+00:00
"Nov 16, 1885: Louis Riel is executed by hanging at Regina, after being convicted for treason in a trial that had begun that July. Riel had led First Nations and Métis people in the North-West Rebellion in what is now the Province of Saskatchewan. 1/3",torailwaymuseum.bsky.social,2025-11-17T02:56:24.728Z,at://did:plc:5uazijkjmn3ho4cxulpykiz4/app.bsky.feed.post/3m5s7z4p6f22t,2025-11-17T03:18:25.770905+00:00
"THE HOLIDAYS CAN BE HARD FOR TEENS
Trans Hotline
US (877) 565-8860
Canada (877) 330-6366",stephanieweippert.bsky.social,2025-11-17T02:56:16.860Z,at://did:plc:bwojz4ncymnpsfpkgqjqvndq/app.bsky.feed.post/3m5s7yv7jgs2y,2025-11-17T03:18:25.770907+00:00
Canada has noticed.,john-gardi.bsky.social,2025-11-17T02:55:27.419Z,at://did:plc:qhozoamzkfeap4hpqz4as3cy/app.bsky.feed.post/3m5s7xg24ns2e,2025-11-17T03:18:25.770908+00:00
"First Trump absolutely destroyed the bourbon industry and now he's killed THC for nothing, cause Canada ain't coming  back for whiskey, ever.",chucklebot314.bsky.social,2025-11-17T02:55:18.758Z,at://did:plc:r4yjchzccfh6sl4ro6ph7lvj/app.bsky.feed.post/3m5s7x5rroc2r,2025-11-17T03:18:25.770910+00:00
"Jokes aside, an accessibility standard in Canada (voluntary until it’s not) is now calling for stairs that are 1.65m wide in all new buildings. That’s 65 in…wide enough that it would require an intervening handrail, like it’s an entrance to a stadium or metro accessible.canada.ca/creating-acc...",stephenjacobsmith.com,2025-11-17T02:54:03.904Z,at://did:plc:5uahexd6wlinp35ly2m4zgnn/app.bsky.feed.post/3m5s7uwfg2s2e,2025-11-17T03:18:25.770912+00:00
"‘Crunching carrots’ – why more northern communities are growing food in greenhouses
https://www.cbc.ca/news/canada/north/northern-communities-salluit-greenhouse-9.6972873",dyckron.mstdn.ca.ap.brid.gy,2025-11-17T02:53:25.000Z,at://did:plc:la3n4ombjzgsm7kmio2juo6o/app.bsky.feed.post/3m5s7ufht2hw2,2025-11-17T03:18:25.770914+00:00
"IMHO, the vote resulting in the adoption of Canada's budget tonight virtually guarantees that Pierre Poilievre will never be Prime Minister of Canada.

And that's not a bad thing:

The last thing Canada needs is a Maple MAGA Prime Minister that would do nothing but lick Donald Trump's ass.",iuculano.bsky.social,2025-11-18T03:13:43.872Z,at://did:plc:vgh3w4rqbbfiuzzwkokmgney/app.bsky.feed.post/3m5urgz5xk22z,2025-11-18T03:14:29.987368+00:00
This high income American is going skiing in Canada because I fucking hate what the United States has become.,kevink03.bsky.social,2025-11-18T03:13:43.673Z,at://did:plc:37p6qswbj5r3h6qbzgbyiee2/app.bsky.feed.post/3m5urgyxua22c,2025-11-18T03:14:29.987384+00:00
"Perhaps but I think there's a huge difference between mayor of Toronto and premier of Ontario, vs Premier of Ontario and the leader of the Conservative Party of Canada.

As much as I loathe Doug, he's still an old school slightly whacky conservative, as opposed to Alberta conservative...",kristadb1.bsky.social,2025-11-18T03:12:41.028Z,at://did:plc:23crusaaiyu47t5qphtlvmpv/app.bsky.feed.post/3m5urf5a3hs26,2025-11-18T03:14:29.987387+00:00
"Yep, MCGA is alive & plotting in Canada.

Like U.S. MAGA, they have no problem giving businesses a free ride with severely underpaid workers & huge tax breaks.

If those workers can’t feed their kids, well, too bad.  Let them beg at the church doors or starve.",deborah302.bsky.social,2025-11-18T03:12:10.250Z,at://did:plc:gauv5jgwhqlbpcedz6t6fxyi/app.bsky.feed.post/3m5ure7utsk2p,2025-11-18T03:14:29.987389+00:00
"L’École de technologie supérieure a remporté l’argent hier, au Championnat universitaire canadien de rugby. Les échanges étudiants avec la France sont en partie à l’origine des succès. ⬇️ ici.radio-canada.ca/sports/22066... L’ÉTS, l’intrus francophone au rugby universitaire canadien | Radio-Canada",kevenbreton.bsky.social,2025-11-18T03:12:03.074Z,at://did:plc:cqjbslnsmheokb4mlmeymw5n/app.bsky.feed.post/3m5urdyzuxs2w,2025-11-18T03:14:29.987391+00:00
Viva Mexico! (And Viva Canada),bkgonesouth.bsky.social,2025-11-18T03:11:40.824Z,at://did:plc:tmmqpwyfedwfafzjku2xim52/app.bsky.feed.post/3m5urddsti22z,2025-11-18T03:14:29.987393+00:00
"Again, my point isn’t “we should all build nukes”

I’m just looking at the playing field and wondering what self-preservation options are available to Mexico, Canada, Ukraine, South Korea, Japan etc.  Poland is a rare exception that can trounce its hyper-aggressive “super power” neighbor.",fumblebee.bsky.social,2025-11-18T03:11:22.684Z,at://did:plc:2s5qvmrrdxkhusnstrrextkr/app.bsky.feed.post/3m5urcsj7ns2v,2025-11-18T03:14:29.987395+00:00
"Good for them!

I sincerely hope that someday we can be true allies again and the damage wrought by sheer stupidity can be undone. As one who is unforgiving myself, I realize how hard that will be. Please keep progressing and improving, Canada.  I love the country",ajhaveonethanks.bsky.social,2025-11-18T03:11:22.390Z,at://did:plc:mbsovxcnbw6eile7qys7xoca/app.bsky.feed.post/3m5urcsaakc2h,2025-11-18T03:14:29.987397+00:00
"Warmonger who's been threatening NATO allies Canada and Greenland with illegal annexation all year, while talking about bombing Mexico, forcibly stealing the Panama Canal, threatening to attack Venezuela, and committing extrajudicial killings of foreign civilians by blowing up their boats.

""Peace""",4animallife.bsky.social,2025-11-18T03:11:05.767Z,at://did:plc:zhrzqdsuo3d5ymvwftsfqz3b/app.bsky.feed.post/3m5urccey4s2m,2025-11-18T03:14:29.987398+00:00
"ℹ |  Adidas presentó TRIONDA, el balón oficial del Mundial 2026 en México, Estados Unidos y Canadá. Con un diseño de cuatro paneles y tecnología de chip integrado para el VAR, combina los colo...   #comentariodeldía #Deportes ",comentariodd.bsky.social,2025-11-18T03:10:27.594270Z,at://did:plc:qzlbyzgu6qtxrcmtxoageusp/app.bsky.feed.post/3m5urb67afv23,2025-11-18T03:14:29.987400+00:00
"It is weird to see this Hindutva government of India try to act innocent. Who else would want to assassinate Hardeep Singh Nijjar? Hindus and Sikhs in Canada are at war on many fronts, they have never tried to make peace after Operation Blue Star and PM Indira Gandhi's assassination.",manas-0.bsky.social,2025-11-18T03:10:13.169Z,at://did:plc:xut2jq5xlq7oyhhl5k54gws3/app.bsky.feed.post/3m5uraq7svc2o,2025-11-18T03:14:29.987402+00:00
"The Empress rewards obedience… and punishes hesitation

#findom #moneykink #bdsm #fetish #yyc #simp #mommy #Canada #discord #finsub #gamersub #kink #femdom #humanatm #yeg #empress #bbw #femsub #MILF #canadianfindom #realnsfw #femelite https://throne.com/calistathorne/wishlist",empresscalista.bsky.social,2025-11-18T03:10:10.230Z,at://did:plc:vxcbk4naudmesuvyvrreryfo/app.bsky.feed.post/3m5uraovcu425,2025-11-18T03:14:29.987404+00:00
Canada to America: Forgotten what an intelligent country sounds like? You're welcome! 🇨🇦,ladyfirehorse.bsky.social,2025-11-18T03:10:10.181Z,at://did:plc:qtqlgwhsi2dn2qgfqo6aqonc/app.bsky.feed.post/3m5uranemwc2m,2025-11-18T03:14:29.987406+00:00
"Yep, I think Canada lost its measles-elimination status last week: www.cbc.ca/news/health/.... The measles outbreaks in Canada are actually a lot worse than in the U.S. but from what I understand, theirs are also mostly driven by anti-vaxxers.",redwoodgirl.bsky.social,2025-11-18T03:09:40.290Z,at://did:plc:z5rc7zwgmfg6v35steefdeyb/app.bsky.feed.post/3m5ur7quhhs2z,2025-11-18T03:14:29.987408+00:00
"Canada: Parliament has passed the Prime Minister’s budget in a vote of confidence.

Context: This vote reflects the governing party’s majority control.

Fact Check by gemma3:4b https://bsky.app/profile/lemonde.fr/post/3m5uonl5k652u",radionizza.com,2025-11-18T03:09:32.196252+00:00,at://did:plc:uuykykkdbtq2plsexeztdhpf/app.bsky.feed.post/3m5ur7jfhkg24,2025-11-18T03:14:29.987410+00:00
"The Sunset this evening! 🔥🌞😍❤️
This one is a little bit different from the previous post, this has yellow light coming through the clouds.
#Sunset #photography #Nature #Clouds #Toronto #Canada #Ontario #EastCoastKin #WestCoastKin #BlueskyArtShow #Streetlight",relax4balance.bsky.social,2025-11-18T03:09:15.740Z,at://did:plc:zlekmnu3kkyduvkr6trrp5fd/app.bsky.feed.post/3m5ur6zherc26,2025-11-18T03:14:29.987411+00:00
"Ideally clean water should be available to every living thing in Alberta. In Canada. Unfortunately Gov'ts and private companies will decide.
thenarwhal.ca/alberta-oilsands-tailings-drinking-water/",maryarlene.bsky.social,2025-11-18T03:08:16.071Z,at://did:plc:nmp2motcnuzxaurbaz4fp4rk/app.bsky.feed.post/3m5ur5akbes2z,2025-11-18T03:14:29.987413+00:00
"Cool beans! I get to hear another double Anthem Tomorrow. I always sing O Canada! Extremely loudly.. it’s a much easier and more enthusiastic song to sing than ours.  Ours is filled with history that I wonder if most even know, anymore.",chumsmum.bsky.social,2025-11-18T03:07:56.205Z,at://did:plc:2hdeb7q4qhtoc7ej46rc2bjj/app.bsky.feed.post/3m5ur4nlxz223,2025-11-18T03:14:29.987415+00:00
Never had the pleasure but my grandfather who came from Scotland to Canada and ended up living in San Diego for many years long before I was born. Would be very cool to walk the streets and neighborhoods he did as well as in Scotland!,leftysocially.bsky.social,2025-11-18T03:07:49.741Z,at://did:plc:ubt2xtpgcxeeeto7x6ubofgt/app.bsky.feed.post/3m5ur4hgpj22h,2025-11-18T03:14:29.987417+00:00
"First of all, my heart bleeds for all of these rich folk struggling to cope.

That said, has no one trained the city staff in the building permit office to check for heritage designations before approving permits?

I can’t see how this is not the fault of the city. 

www.cbc.ca/news/canada/...",everyripple.bsky.social,2025-11-18T03:07:32.509Z,at://did:plc:ycdshfsnfrmev7qwwnyxaoex/app.bsky.feed.post/3m5ur3wz27s2q,2025-11-18T03:14:29.987418+00:00
Portlandia is a horrifying example of what could happen in Canada.,vicvinegar2024.bsky.social,2025-11-18T03:06:43.864Z,at://did:plc:ftn7cgvldbjijogwn4japspu/app.bsky.feed.post/3m5ur2imdi22m,2025-11-18T03:14:29.987420+00:00
"Canada has already reached this thanks to the willful stupidity of a small collection of imbeciles, religious lunatics, new age wellness freaks, and parents who would rather endanger their children than protect them. What’s the correct collective noun for these dipshits?",andyfraser.bsky.social,2025-11-18T03:06:20.479Z,at://did:plc:nrdkr42x5sj2lrv6t6wnqmuu/app.bsky.feed.post/3m5uqzscnlk2b,2025-11-18T03:14:29.987422+00:00
"Need this to happen in Canada! After single World Series tickets at Rodger’s Centre being posted for $1200 - $6000 on the extreme end. 
#canada #bluejays #mlb",j-walkr.bsky.social,2025-11-18T03:06:01.233Z,at://did:plc:5xa5uhpovwmf43vdcs6sp5uw/app.bsky.feed.post/3m5uqz7xdnc2j,2025-11-18T03:14:29.987424+00:00
"Ouch, ad hominem much? Let's hit facts: Tariffs shield US steel jobs, new deals with El Salvador/Argentina boost exports—farm bailouts incoming if needed. SNAP's a shutdown glitch—no cuts yet. Allies adapting—deeper EU/Canada ties, but US trade surging. America First!",modulator.bsky.social,2025-11-18T03:05:49.244Z,at://did:plc:xmb5ngjztnnp4egs45hbs54n/app.bsky.feed.post/3m5uqyujgns2v,2025-11-18T03:14:29.987426+00:00
"oooh, ya they discontinued these ages ago in canada. last time i remember eating them was like... 2008 haha",zeekayart.bsky.social,2025-11-18T03:05:47.569Z,at://did:plc:rcgo2ebsreyyce2x45f3tzid/app.bsky.feed.post/3m5uqysweuk2g,2025-11-18T03:14:29.987427+00:00
"Sounds awesome 

If only Mickey Mouse was in the public domain in Canada here",jack0752.bsky.social,2025-11-18T03:05:20.860Z,at://did:plc:guo2glxf6jwmrhdxf62fjggs/app.bsky.feed.post/3m5uqxzhbuc26,2025-11-18T03:14:29.987432+00:00
"I mean, there really was no choice…
PP would already have tanked Canada by now.",alsolearning.bsky.social,2025-11-18T03:04:51.399Z,at://did:plc:ojidikrufjpjorac4lkwjwti/app.bsky.feed.post/3m5uqx5e7e22x,2025-11-18T03:14:29.987434+00:00
"Well, according to Mango Mental Case, Canada doesn't have anything they need. 
#ElbowsStillUp
#BoycottAmerican 
#BoycottAmerica",ylbjo.bsky.social,2025-11-18T03:04:37.262Z,at://did:plc:7muz3tjos7yndtpmmwoqcbia/app.bsky.feed.post/3m5uqwpupqc2h,2025-11-18T03:14:29.987435+00:00
"the base rate of dumb tankies in Canada is, sadly, approximately the same as the base rate of dumb tankies in the rest of the anglosphere",arachno.capital,2025-11-18T03:04:31.472Z,at://did:plc:vivdsh7kvkb4iqiwcjt4odvx/app.bsky.feed.post/3m5uqwke2g22v,2025-11-18T03:14:29.987437+00:00
"Just play all the matches in Canada and Mexico. 

Players and fans will be safer from the militia that are abducting citizens off US streets",aladdinnoons.bsky.social,2025-11-18T03:03:35.458Z,at://did:plc:356bd54smqpa7d36mluk6gpg/app.bsky.feed.post/3m5uquuwmbc24,2025-11-18T03:14:29.987439+00:00
"[August 23rd, 1980] Terry Fox, a 22-year-old with one leg, is running across Canada to raise funds for cancer research. He's over halfway done, having collected over $1.5 million and run 5,000 km from Newfoundland to near Vancouver, with 4,000 km to go.",40yearsago.bsky.social,2025-11-18T03:03:03.045Z,at://did:plc:6xb27hvdldyjxtq5pb5gst5p/app.bsky.feed.post/3m5uqtw2mnb2w,2025-11-18T03:14:29.987441+00:00
How about FIFA move all the games to Canada and/or Mexico!,lilcaesar33.bsky.social,2025-11-18T03:02:49.632Z,at://did:plc:yqeq3ncftdo2sebktc5jmybf/app.bsky.feed.post/3m5uqtja4cs2s,2025-11-18T03:14:29.987442+00:00
Yes we now have the lowest corporate tax rate in the G7 to attract businesses to build here in Canada as Canadian businesses,shannonpeel.bsky.social,2025-11-18T03:02:37.989Z,at://did:plc:zs47lvr5ppkj5ei4plscsmtk/app.bsky.feed.post/3m5uqt64t6c2b,2025-11-18T03:14:29.987444+00:00
"This is my new painting ""Trees in November""

Soon I'll be painting snowy landscapes.

#autumn #november #seasons #canada #canadian #painting #illustration #artwork #art",vancityjoshb.bsky.social,2025-11-18T03:02:30.066Z,at://did:plc:jf4j7h6xxmzd5rjid6jymt7w/app.bsky.feed.post/3m5uqswl3t22f,2025-11-18T03:14:29.987446+00:00
"Great that you can vote in both countries however you will still have to report your income to the US; because Canada taxes you higher, you won't have to pay tax to US. But if you open a RRSP/TFSA any income generated there will be taxable in the US. 
What is the dual citizenship worth? 😋",charliedogs.bsky.social,2025-11-18T03:02:26.274Z,at://did:plc:pzdixiyqby2cc4j5s5m6xgd5/app.bsky.feed.post/3m5uqssxcqk2t,2025-11-18T03:14:29.987448+00:00
"I suppose I need to thank Gordon Lightfoot as well, but I am reluctant to thank Gordon Lightfoot for anything. Sorry, Canada.",benjaminoc.bsky.social,2025-11-18T03:02:24.101Z,at://did:plc:mwmx7pxgan6susynih54osf3/app.bsky.feed.post/3m5uqsquxp22o,2025-11-18T03:14:29.987449+00:00
Truly awesome!  Go Canada !,jonterrence.bsky.social,2025-11-18T03:01:54.397Z,at://did:plc:dsc66www2uxi35nvz2mnjmjj/app.bsky.feed.post/3m5uqrukiuc2j,2025-11-18T03:14:29.987451+00:00
"Source

#Canada",canada-cambot.bsky.social,2025-11-18T03:01:50Z,at://did:plc:kdmhcb4wmrqzqg6hn2ps55t4/app.bsky.feed.post/3m5uqrt6huy2m,2025-11-18T03:14:29.987453+00:00
"PM Carney's first budget wins crucial confidence vote, avoiding a Christmas election in Canada www.cbc.ca/news/politic...",socialmedialab.ca,2025-11-18T03:01:46.130Z,at://did:plc:o5wlr3gi4tz23ake7ef23ejs/app.bsky.feed.post/3m5uqrmo7mk2g,2025-11-18T03:14:29.987454+00:00
"I couldn't bring myself to read the article, but apparently Canada has *already* lost elimination status",drprunesquallor.bsky.social,2025-11-18T03:01:03.568Z,at://did:plc:oz2amhon3ainku3tffquwhlh/app.bsky.feed.post/3m5uqqe3c6s2v,2025-11-18T03:14:29.987456+00:00
"This gives a clear indication of how much different Canada 🇨🇦 is than some countries.

The police report their own car accidents on their weekly ""crime report"" 🤣🤣

#WelcomeToCanada
#Manitoba",scottishox2.bsky.social,2025-11-18T03:01:03.543Z,at://did:plc:mpfb6szed2o4tldqp7orcnrj/app.bsky.feed.post/3m5uqqe2pn225,2025-11-18T03:14:29.987458+00:00
"The Sunset this evening 🔥😍❤️
Real colors!
#Sunset #photography #Nature #Clouds #Canada #Toronto #Ontario #EastCoastKin #WestCoastKin",relax4balance.bsky.social,2025-11-18T03:00:44.284Z,at://did:plc:zlekmnu3kkyduvkr6trrp5fd/app.bsky.feed.post/3m5uqprr5e226,2025-11-18T03:14:29.987460+00:00
"Canadian innovation!!!

A new tick repellent has been formulated in Nova Scotia!

Canada needs to support our researches so they can develop new solutions

apple.news/AejR_DxixQm2...",shannonpeel.bsky.social,2025-11-18T03:00:35.875Z,at://did:plc:zs47lvr5ppkj5ei4plscsmtk/app.bsky.feed.post/3m5uqpjo77s2b,2025-11-18T03:14:29.987461+00:00
"Statistics Canada set to report October inflation data today – CTV News

https://www.newsbeep.com/ca/290156/

Statistics Canada set to report October inflation data today  CTV NewsOctober inflation has economists expecting another Bank of Canada…",ca-nb.bsky.social,2025-11-18T03:00:17+00:00,at://did:plc:2gp3m6bnzqynpqq4nlwto5ar/app.bsky.feed.post/3m5uqp55x732e,2025-11-18T03:14:29.987463+00:00
"🚨 Flash Flood Warning issued November 17 at 6:49PM PST until November 17 at 9:00PM PST by NWS Los Angeles/Oxnard CA 🚨
Additional Details Here.",lax.nws-bot.us,2025-11-18T03:00:13+00:00,at://did:plc:xoyk55hy7cumrbmrbcm2nvh5/app.bsky.feed.post/3m5uqotzosn2v,2025-11-18T03:14:29.987465+00:00
"Some Canadians could be denied a U.S. visa due to obesity, cancer or other medical conditions nationalpost.com/news/canada/...",nationalpost.bsky.social,2025-11-18T03:00:08.154Z,at://did:plc:us3y4ffbsccju24wbvnlaups/app.bsky.feed.post/3m5uqopareb2u,2025-11-18T03:14:29.987467+00:00
"Because Mark Carney is what would happen if Mitt Romney joined the Democrats, but in Canada?",nevermet.bsky.social,2025-11-18T03:00:05.413Z,at://did:plc:qlxboyrxf3kzy7lrndkmqnw6/app.bsky.feed.post/3m5uqomml6c2v,2025-11-18T03:14:29.987468+00:00
"Good. Test in this court, and either the judge chucks it out or rules against them and saves a bunch of municipalities a headache, or the judge finds for them, and municipalities will have to review the booking practices. www.cbc.ca/news/canada/...",joshuahind.bsky.social,2025-11-18T02:59:43.507Z,at://did:plc:cul7vveyhb3nzpvwj7zs6ej2/app.bsky.feed.post/3m5uqnxq2ls2p,2025-11-18T03:14:29.987470+00:00
"JFC! Good ✝️ values. CINO!
www.cbc.ca/news/canada/...",3sides.bsky.social,2025-11-18T02:59:30.394Z,at://did:plc:y4ljm6morfemkme4ctsy3uya/app.bsky.feed.post/3m5uqnl7uwk23,2025-11-18T03:14:29.987472+00:00
"Trump's tariffs policy continue to be a problem for Canada's economy!
BC's Forest sector, gravely impacted!
Low International Oil price & increase supply from OPEC = Alberta Oil, selling at a lost!
$70 USD needed/barrel to recapture cost!
EU interest rate number will influence Canada' rate direction",chanl1.bsky.social,2025-11-18T02:58:58.703Z,at://did:plc:5zns6v3nbjrldywkcfupvpw2/app.bsky.feed.post/3m5uqmnifo224,2025-11-18T03:14:29.987473+00:00
I have frog facts and crab facts around here somewhere courtesy of last year's Canada Post strike and @sarahmackattack.bsky.social,rivikah.bsky.social,2025-11-18T02:58:58.096Z,at://did:plc:bhpzmg64dsbmjmlvvakrvi6v/app.bsky.feed.post/3m5uqmmg7w227,2025-11-18T03:14:29.987475+00:00
"He thinks the trade imbalance of goods is some sort of a gift to Canada.
He doesn't consider the trade in services. Which is the other way around.
He doesn't understand simple economics. 

He clearly doesn't understand how proud Canadians are of their country and don't want to be part of the US.",holminjone.bsky.social,2025-11-18T02:58:20.434Z,at://did:plc:zhmbm7qpkieyase5cpx3sfcd/app.bsky.feed.post/3m5uqliitnc2r,2025-11-18T03:14:29.987477+00:00
"It pains me to say it, but Canada has a better caliber of people than far too many of our citizens, lately.",dammitdougsmith.bsky.social,2025-11-18T02:58:10.887Z,at://did:plc:okw555inskl2b7sxkhgkvu4n/app.bsky.feed.post/3m5uql7fifk2r,2025-11-18T03:14:29.987479+00:00
"Thank God Carney survived his 3rd vote of confidence, and Canada is spared the awful prospects of a Christmas election. I’m sure favourability of PP will tank to an all-time low. PP and those awful Conservatives just want Canadians voting against their own interests. 😢❤️🇨🇦❤️💯",am80.bsky.social,2025-11-18T02:57:43.121Z,at://did:plc:oovkssmczyitenqmxepc2afe/app.bsky.feed.post/3m5uqkew65c2n,2025-11-18T03:14:29.987480+00:00
"November 18. On this date in 1960, Hand of the Cause of God Clara Dunn died in Sydney, Australia. She was born in London, England, on May 12, 1869, and was raised in Canada before moving to the United States in 1902.

onthisdateinbahaihistory.blogspot.com/2020/11/nove...",bahaihistory.bsky.social,2025-11-18T02:57:33.390Z,at://did:plc:mp27z2h4umsvow2qa376xcq5/app.bsky.feed.post/3m5uqk3n6ac2d,2025-11-18T03:14:29.987482+00:00
"JoHn Snow throwing some shade. 

#winteriscoming
 
PS: je ne suis pas l'auteur de l'article 😅",handle.invalid,2025-11-18T02:57:11.318Z,at://did:plc:3lw33m7te66qam2b7irtnldr/app.bsky.feed.post/3m5uqjgltec26,2025-11-18T03:14:29.987484+00:00
"Small businesses are suffering because of the tariffs. Some, like Steger Mukluks in Ely MN, are forced to send explanations in their marketing efforts in order to explain the changes in cost of goods.",comobelladonna.bsky.social,2025-11-18T02:57:09.041Z,at://did:plc:6c6nhhhgrdlbilk6tzv5sy5w/app.bsky.feed.post/3m5uqjeghn22l,2025-11-18T03:14:29.987485+00:00
"Going to buy gifts for Christmas soon but concentrating heavily on ""old-stock Canadian"" products and services.  Going to try and get Made in Canada products as much as possible.

Some things I can't get from 🇨🇦 I will get from 🇪🇺  and 🇲🇽 

Going to get skincare from ""The Ordinary."" company as 🎁.",graphenequeen.bsky.social,2025-11-18T02:56:52.191Z,at://did:plc:5m2ul42i6hbtaartoa3rc3nk/app.bsky.feed.post/3m5uqiueakk2a,2025-11-18T03:14:29.987487+00:00
"He will go to War with Mexico? Canada, you’re up, burn it to to the ground, Again. He’s made a start",jeromyo.bsky.social,2025-11-18T02:56:31.901Z,at://did:plc:ve6jfpuzqv75mkisnby2fydh/app.bsky.feed.post/3m5uqiayof22r,2025-11-18T03:14:29.987489+00:00
"From Canada here,
Sure looks grim.
You (the US) can't even get ONE conviction (beside Epstein and his sweetheart) for a ring of pedophiles. REALLY ?
Looks real bad. I can't believe such a large chunk of the people still go for this.",benbriere.bsky.social,2025-11-18T02:55:56.689Z,at://did:plc:hsgbmzhvt77uoaxqngp43lzf/app.bsky.feed.post/3m5uqh7g3o22s,2025-11-18T03:14:29.987491+00:00
"MANILA, Philippines -- The Philippine Embassy in Ottawa joined the Filipino-Canadian community in Canada in celebrating the election of Stephanie Valenzuela as Montréal's first Filipina-Canadian borough mayor.

READ: tmt.news/2225956",themanilatimes.bsky.social,2025-11-18T02:55:21.352Z,at://did:plc:qvidzz7dm76lanyikijwp4c4/app.bsky.feed.post/3m5uqg5qn5k2q,2025-11-18T03:14:29.987492+00:00
"#CanadianPride 🇨🇦🍁Its a day like today's #BudgetDay that makes us Canadians proud of our Democracy & of WHO WE ARE.
Be proud of our Canada. Keep working on making it better for everyone regardless of ethnic/cultural background or skin color:
youtu.be/_OzbmriDgQc?...
#ElbowsUp 💪",thetorontonian.bsky.social,2025-11-18T02:55:17.809Z,at://did:plc:kxnc4f7sfvhmtzdije5tytwa/app.bsky.feed.post/3m5uqg2dkw22d,2025-11-18T03:14:29.987494+00:00
"Please do not deport Cruz back to Canada.
And please do not drone my country.
Thank you for you attention to this matter! 😁",suezw.bsky.social,2025-11-18T02:55:08.955Z,at://did:plc:u3yz5hikgxsl7onovbc3u5oi/app.bsky.feed.post/3m5uqfrvegk2s,2025-11-18T03:14:29.987496+00:00
Lundi #Montreal #photos #photography #Quebec #Canada @mtl.org @meteomedia.bsky.social @weathernetwork.bsky.social @monmontreal.bsky.social,danielbeland.bsky.social,2025-11-18T02:54:38.757Z,at://did:plc:56d3qggud6hd6jk37xvdtno7/app.bsky.feed.post/3m5uqev6xr22i,2025-11-18T03:14:29.987497+00:00
"There are other Canadian mining companies they could merge with or sell out too but the offer from Anglo American has a lot of zeros

Shareholders will vote for profit not national interest so they expect the vote to pass

As a Canadian co they’d be taxed and regulated by Canada law",shannonpeel.bsky.social,2025-11-18T02:54:18.060Z,at://did:plc:zs47lvr5ppkj5ei4plscsmtk/app.bsky.feed.post/3m5uqebe7b22v,2025-11-18T03:14:29.987499+00:00
I can't see prices and of course my phone knows I'm in the states.  Did some googly...not looking good for us.  Says Big Mac is cheaper in Canada.  Could be a loss leader thing though.,afinegirl.bsky.social,2025-11-18T02:54:12.796Z,at://did:plc:ruda6czafiaf5duad6gtglru/app.bsky.feed.post/3m5uqe4djns26,2025-11-18T03:14:29.987501+00:00
i mean i already own an altered titania also shipping would be too expensive to canada unfortunately,grimshade.bsky.social,2025-11-18T02:54:08.787Z,at://did:plc:ercz2blig7zfs5m2xpidzi36/app.bsky.feed.post/3m5uqdyj7ls2r,2025-11-18T03:14:29.987503+00:00
"He can't be president; Cruz was born in Canada. 
Please don't send him back! 🤣",suezw.bsky.social,2025-11-18T02:53:15.008Z,at://did:plc:u3yz5hikgxsl7onovbc3u5oi/app.bsky.feed.post/3m5uqcf7y2s2s,2025-11-18T03:14:29.987504+00:00
Lundi #Montreal #photos #photography #Quebec #Canada @mtl.org @meteomedia.bsky.social @weathernetwork.bsky.social @monmontreal.bsky.social,danielbeland.bsky.social,2025-11-18T02:52:45.099Z,at://did:plc:56d3qggud6hd6jk37xvdtno7/app.bsky.feed.post/3m5uqbitaxk2i,2025-11-18T03:14:29.987506+00:00
"📢 Ransomware Alert: 🇨🇦

Dulay & Dulay Professional Corporation (dulay.ca), a Canada-based accounting and advisory firm has reportedly fallen victim to RANSOMWARE BLOG (unnamed)

🔍 Key details: 
🛡️ Threat actor: RANSOMWARE BLOG (unnamed)
 ⚠ Data Compromised: 500 GB
📅 Reported on: 18/11/25",falconfeedsio.bsky.social,2025-11-18T02:52:06.092Z,at://did:plc:i5a2vsezf56iu2yjtmb7m2tb/app.bsky.feed.post/3m5uqadiy6224,2025-11-18T03:14:29.987508+00:00
"Parental Alienation in Canada: What It Is, Legal Consequences, and How to Protect Your Rights

WEIGHT LOSS -DIET-FOOD HABITS AND EXCERCISE  Parental Alienation as a Form of Abuse Legal and psychological professionals agree that children need healthy relationships with both parents. Parental…",findsuperdeals.bsky.social,2025-11-18T02:52:06Z,at://did:plc:n64pvhrqrtj4tmyinzfw4vkl/app.bsky.feed.post/3m5uqaen3vr2c,2025-11-18T03:14:29.987509+00:00
Always remember he might say he doesn't believe in PM Carney's investment plans for Canada but he trusted him enough to invest his own money with him.,killntime.bsky.social,2025-11-18T02:51:58.396Z,at://did:plc:3xxdr7xgrt7jwocbpfbxlwmh/app.bsky.feed.post/3m5uqa4egos2o,2025-11-18T03:14:29.987511+00:00
"Cruz was born in Canada, which makes him ineligible.
And we don't want him back! 🤣",suezw.bsky.social,2025-11-18T02:51:38.457Z,at://did:plc:u3yz5hikgxsl7onovbc3u5oi/app.bsky.feed.post/3m5uq7j5ixc2s,2025-11-18T03:14:29.987513+00:00
"Now he wants to go to war with Mexico so the no war president has threatened iran, Canada, panama, greenland, Mexico, Nigeria,  blowing up fishing boats, Venezuela and wants to test nukes. I feel so safe....not for a second.",pscw.bsky.social,2025-11-18T02:51:17.327Z,at://did:plc:nqu7bdbthfoqifii2pcwprrq/app.bsky.feed.post/3m5uq6uyr4k2n,2025-11-18T03:14:29.987515+00:00
"Jolie wants them to register the company in Canada to be a Canadian company and move their listing to the TSX 

They want to remain a UK / South African entity",shannonpeel.bsky.social,2025-11-18T02:51:05.087Z,at://did:plc:zs47lvr5ppkj5ei4plscsmtk/app.bsky.feed.post/3m5uq6jd43k2v,2025-11-18T03:14:29.987516+00:00
"and so the Revolutionary Era invasion of Canada was lost, largely due to smallpox. Sounds like something tRump would repeat with RFKjr his indispensible sidekick.",joaniegentian.bsky.social,2025-11-18T02:50:31.874Z,at://did:plc:tvezw2xi5waqlndfpzvulk74/app.bsky.feed.post/3m5uq5jnjjc2f,2025-11-18T03:14:29.987518+00:00
#Canada #Cdnpoli - thank goodness we are not heading to the polls yet again this year,venilia13.bsky.social,2025-11-18T02:50:13.064Z,at://did:plc:4qz245vzimsqtch736gyva3m/app.bsky.feed.post/3m5uq4xpje22j,2025-11-18T03:14:29.987525+00:00
"I certainly did not want another election, but putting Canada first includes climate change action, not the reverse.",wifejackson.bsky.social,2025-11-18T02:49:40.886Z,at://did:plc:3ar4x6qhrrgplhz7yforree7/app.bsky.feed.post/3m5uq3yzikc2x,2025-11-18T03:14:29.987527+00:00
I rather like billboards. And I love Canada,fredgarvinstruss.bsky.social,2025-11-18T02:49:38.477Z,at://did:plc:7v5r3cy3tr5nsi5oxvg7yms5/app.bsky.feed.post/3m5uq3wpzxk24,2025-11-18T03:14:29.987529+00:00
"Toronto raises Palestinian flag at city hall, joining other cities across Canada https://www.cbc.ca/news/canada/toronto/toronto-palestinian-flag-raising-9.6981640 #Toronto #Palestine #FreeGaza",z3r0fox.mastodon.social.ap.brid.gy,2025-11-18T02:49:35.000Z,at://did:plc:wrtske2xj6x24w6jdbrw32mt/app.bsky.feed.post/3m5uq4kuocgo2,2025-11-18T03:14:29.987531+00:00
"Kenneth Roth:

Canadian officials asked a former UN rapporteur trying to enter Canada:
• “What exactly will you be saying about Israel in Ottawa?”
• “Why did your UN reports criticize Israeli military actions?”
• “What is your position on the war in Gaza?” […]",aaronpettman.unbound.social.ap.brid.gy,2025-11-18T02:49:34.000Z,at://did:plc:fwpt5kcp3jqbcgaisdtglkdt/app.bsky.feed.post/3m5uq3uzb3uo2,2025-11-18T03:14:29.987532+00:00
"I have found a Canadian Leftist oracle

THIS guy gets it",turnerjoy.bsky.social,2025-11-18T02:49:25.603Z,at://did:plc:uutylrjzofmupasln7zq75jm/app.bsky.feed.post/3m5uq3khfj227,2025-11-18T03:14:29.987534+00:00
"They have already agreed to a headquarters in Canada. 
These critical mineral deals are national security issues. Any country involved in owning a piece of our defense resources, should have an office in Canada.",canadiancurated.bsky.social,2025-11-18T02:49:15.841Z,at://did:plc:bqvcoxdpr4lp3qmq5cng2w4i/app.bsky.feed.post/3m5uq3b57jc2r,2025-11-18T03:14:29.987536+00:00
Agreed. Move them to Canada and Mexico only.,georgeinvic.bsky.social,2025-11-18T02:48:52.806Z,at://did:plc:ka5prtzudfhqobuyp4mommvq/app.bsky.feed.post/3m5uq2l67gc22,2025-11-18T03:14:29.987538+00:00
"QC,🙏,dites Non!

""However, many reports indicate that LNG demand may be lower than expected in Canada due to the development of renewable energy.""

Everyone I know-counting down to get rid of gas stove for induction & a heat pump. This is ridiculous. 

QC's environment is a treasure not to exploit.",grudgingcloud.bsky.social,2025-11-18T02:48:41.932Z,at://did:plc:dbnge64rso5b2hqsvtrvb37j/app.bsky.feed.post/3m5uq2ask5c2o,2025-11-18T03:14:29.987540+00:00
Lundi soir #Montreal #photos #photography #Quebec #Canada @monmontreal.bsky.social @mtl.org @meteomedia.bsky.social @weathernetwork.bsky.social @mcgillumedia.bsky.social @mcgillpolisci.bsky.social @mcgillnewsmag.bsky.social,danielbeland.bsky.social,2025-11-18T02:48:00.062Z,at://did:plc:56d3qggud6hd6jk37xvdtno7/app.bsky.feed.post/3m5upyyxlcs2m,2025-11-18T03:14:29.987542+00:00
"Canadians, please stop pretending Canada isn't MORE fucked up than the US.

It's a fukcing lie.

Canada's NOT a country, it's a bunch of idiots who still don't understand it was set up so the rest of the world can steal our resources; we lose here.

Canada's a fucking joke stuck in the 19th century.",emerald-metaphor.bsky.social,2025-11-18T02:47:55.616Z,at://did:plc:uegh47vqcvafqbx5ltxfj6ir/app.bsky.feed.post/3m5upyumvss2v,2025-11-18T03:14:29.987544+00:00
Miniature locomotive No. 6400 is now at Exporail and its full-size prototype resides at the Canada Science and Technology Museum in Ottawa. A bas-relief carving of 6400—created around the same time as the miniature replica—may also be seen on the south wall of Scotiabank Arena. 3/3,torailwaymuseum.bsky.social,2025-11-18T02:46:41.898Z,at://did:plc:5uazijkjmn3ho4cxulpykiz4/app.bsky.feed.post/3m5upwq2das2k,2025-11-18T03:14:29.987545+00:00
"The motive power for the miniature railway was a replica of Canadian National's streamlined steam locomotive No. 6400, introduced in 1936. The scale locomotive was built by CN's Point St. Charles shops as it prepared to transition from war production back to peacetime work. 2/3",torailwaymuseum.bsky.social,2025-11-18T02:46:41.897Z,at://did:plc:5uazijkjmn3ho4cxulpykiz4/app.bsky.feed.post/3m5upwpgsas2k,2025-11-18T03:14:29.987547+00:00
"The tariff money isn't paid by Canada or Canadians. US companies pay it to buy stuff from abroad. Ultimately US consumers pay.
The incalculable damage to our trade is because US companies or consumers couldn't afford to buy our stuff with the additional cost.",suezw.bsky.social,2025-11-18T02:46:38.568Z,at://did:plc:u3yz5hikgxsl7onovbc3u5oi/app.bsky.feed.post/3m5upwl5mm22s,2025-11-18T03:14:29.987549+00:00
"It’s  Go  Time  Canada!!!

🇨🇦💪🏼💪🏼🍁EH!🍁💪🏼💪🏼🇨🇦",solitudex.bsky.social,2025-11-18T02:46:38.333Z,at://did:plc:dlywvc252kvz4hc4j24jhwh2/app.bsky.feed.post/3m5upwkwh4c22,2025-11-18T03:14:29.987551+00:00
"Pacific Sands Beach, Cox Bay, BC, Canada

#Canada",canada-cambot.bsky.social,2025-11-18T02:46:21Z,at://did:plc:kdmhcb4wmrqzqg6hn2ps55t4/app.bsky.feed.post/3m5upw6nzwa2r,2025-11-18T03:14:29.987552+00:00
"Nobody is blowing whistles on the actual border of Mexico or Canada.

Maybe they should go back there and work.",keepitreal24.bsky.social,2025-11-18T02:46:04.551Z,at://did:plc:lsjglvsmvqylqttxe6idwv56/app.bsky.feed.post/3m5upvkpius2x,2025-11-18T03:14:29.987554+00:00
"It’s a sandwich!!🤣😂🤣😂♥️♥️
It’s pretty warm and cozy pals! It’s warm enough for now, but when it gets really cold, Canada cold🥶🥶, I’ll have to switch to my parka, snow pants and boots!💙🩵 Have a really great night everypawdy! Sweet dreams all!!🥰♥️😍😘🤗🤗🤗",oakleyandkrissy.bsky.social,2025-11-18T02:46:03.593Z,at://did:plc:yt646yvvpy663pkwwroljj2z/app.bsky.feed.post/3m5upvjsae22w,2025-11-18T03:14:29.987557+00:00
"Canada strong!!! Thank you Canada for supporting bewildered, desperate and and angry Americans who are living under the TRASH TRUMP REGIME. S.O.S 🧢🇺🇸",vickithebest.bsky.social,2025-11-18T02:45:06.332Z,at://did:plc:25mc5kp7olyzcqurbpp2hgwh/app.bsky.feed.post/3m5uptt6tec2z,2025-11-18T03:14:29.987558+00:00
"Local businesses join Schumer in criticizing tariffs, trade war with Canada

https://www.europesays.com/2576784/

WATERTOWN, New York (WWNY) – Local businesses joined New York Senator Chuck Schumer on Monday to discuss how…",europesays.bsky.social,2025-11-18T02:45:03+00:00,at://did:plc:msian4dqa2rqalf3biilnf3m/app.bsky.feed.post/3m5uptszjmu2w,2025-11-18T03:14:29.987560+00:00
"#CBCNews reviews the win for the #Liberal gov. #Budget2025. Who was #TeamCanada & who voted no, 4 #NDP and their interim leader. Just enough to make the liberals to look week, but it still pass. Ok, one way to play it. Doesn't make one actually believe you are for #Canada.
youtu.be/UeHZr1unwlE?...",thinkronicity.bsky.social,2025-11-18T02:44:58.424Z,at://did:plc:ztvxledew74v3zmjgx7lv74j/app.bsky.feed.post/3m5uptlngqs2h,2025-11-18T03:14:29.987562+00:00
"I get Canada needs foreign investment but there has to be limits

Hopefully Jolie doesn’t allow Anglo America to buy Teck’s critical mineral operations

We need profitable and healthy Canadian companies to ensure we become a nation not just a colony

apple.news/AZu-fdtJURIW...

#cdnpoli",shannonpeel.bsky.social,2025-11-18T02:44:44.127Z,at://did:plc:zs47lvr5ppkj5ei4plscsmtk/app.bsky.feed.post/3m5upt5z7rc2v,2025-11-18T03:14:29.987563+00:00
"Temecula? Seriously? Fuck, I just sold my house there and moved to Canada. I hope this fucker rots in the hell he believes in. It’s terrifying how willing people are to betray their own. He ain’t white and come at me if you want to but what is this guy doing!!",serafina2112.bsky.social,2025-11-18T02:44:33.514Z,at://did:plc:t4yyhklyyofufatuzdiqmvrx/app.bsky.feed.post/3m5upstvalc2e,2025-11-18T03:14:29.987565+00:00
CFO reports Canada Post is 'effectively insolvent' as losses skyrocket to $1B through Q3,torontostar-rss.bsky.social,2025-11-19T03:12:24.878979Z,at://did:plc:uvibk5lz7tvzjr23li6ng6ai/app.bsky.feed.post/3m5xbtminvw2t,2025-11-19T03:13:50.542973+00:00
"That's a sight that a lot of people will be happy to see - a Promise David #CanMNT goal. It's 2-0 vs. Venezuela now

He hasn't played a lot, and when you see that finish, you can only wonder if Jesse Marsch needs to lean on him more - that's already his 3rd for Canada despite limited minutes",alexgangueruzic.bsky.social,2025-11-19T03:12:18.336Z,at://did:plc:qezqsxk5lm3ex7r6vnqi5bxh/app.bsky.feed.post/3m5xbtf2dcs2n,2025-11-19T03:13:50.542989+00:00
Remider - CPAC Canada is the channel that broadcasts Parliament and is not associated in any way with the American channel with the same initials.,mirthdal.bsky.social,2025-11-19T03:12:15.030Z,at://did:plc:lv3ooogps4fjpff4gj5em3x2/app.bsky.feed.post/3m5xbtbvhrk2y,2025-11-19T03:13:50.542993+00:00
Be very careful what you’re sharing and watching - I’ve seen a lot of these Canada beating US trade war videos shared widely on BlueSky. If you can’t substantiate the information in a video it’s a sign that it may be propaganda and if we fall for the “good” we’re also susceptible to the “bad”.,suze-bsky.bsky.social,2025-11-19T03:11:34.943Z,at://did:plc:fhs663ltkpdsbph3e7rkzqo3/app.bsky.feed.post/3m5xbs3o4cs2y,2025-11-19T03:13:50.542995+00:00
"Canada, U.S., Finland outline plan to build new icebreakers",stacesmith94.bsky.social,2025-11-19T03:10:53.089Z,at://did:plc:xqyqlpjfbccp7ifo47rgkv72/app.bsky.feed.post/3m5xbqtqtbc2h,2025-11-19T03:13:50.542997+00:00
Sweden’s Saab offers to build entire GlobalEye military surveillance plane in Canada,stacesmith94.bsky.social,2025-11-19T03:10:37.619Z,at://did:plc:xqyqlpjfbccp7ifo47rgkv72/app.bsky.feed.post/3m5xbqeypts2h,2025-11-19T03:13:50.543000+00:00
"Hollywood icon and long-time Tibet supporter and Chairperson of International Campaign for Tibet, Richard Gere...
See the text in the photo
Watch the video
www.youtube.com/watch?v=Tpgg...
=====================================
www.facebook.com/Internationa...
=====================================",luceleonard.bsky.social,2025-11-19T03:10:24.118Z,at://did:plc:cewt645jfmpgh3kynv3ox4lg/app.bsky.feed.post/3m5xbpy4qas2g,2025-11-19T03:13:50.543002+00:00
"#MapleFlag 🇨🇦 #Canada 

www.flickr.com/gp/rangerbob...",lancetay.bsky.social,2025-11-19T03:10:15.542Z,at://did:plc:3xew4hczefc7m4dauvg7hlxm/app.bsky.feed.post/3m5xbppwybk2u,2025-11-19T03:13:50.543003+00:00
I am once again asking where Luke Wileman is AND why is Canada playing Venezuela in Florida?,notverykeen.bsky.social,2025-11-19T03:10:15.439Z,at://did:plc:bke6aqk2dbg4akdnyvdtil2b/app.bsky.feed.post/3m5xbpptspk2f,2025-11-19T03:13:50.543005+00:00
"www.albertadoctors.org/news/publica...

Government just stepped into the exam room 

#abpoli #ableg #Alberta #UCP
#Corruption #FireTheUCP 
#Canada #NotWithstanding #TransRightsAreHumanRights
#Bill9",jamieb1000.bsky.social,2025-11-19T03:10:14.977Z,at://did:plc:q2pe2753p53fdhrnt2ylsnhr/app.bsky.feed.post/3m5xbppfxe22v,2025-11-19T03:13:50.543007+00:00
"The (TV Series) CSI: Crime Scene Investigation (Season 1) is available today on (iTunes) (Canada) for CA$4.99 Cast: George Eads, Eric Szmanda, Robert David Hall, Paul Guilfoyle, Jorja Fox, Marg Helgenberger, William Petersen, Gary Dourdan, Jon Wellner, Ted Danson",movies-on-sale.bsky.social,2025-11-19T03:09:38.295Z,at://did:plc:wub7jjxlq7uaaokl77gvi2zz/app.bsky.feed.post/3m5xbomgbbk2p,2025-11-19T03:13:50.543009+00:00
Forgot Canada was playing 🙈I would totally woukd have been watching both teams have a red card I guess I missed a classic so far it’s 1-0 Canada over Venezuela,haligunner.bsky.social,2025-11-19T03:09:37.028Z,at://did:plc:q5x265wifh2dg7dz34p27uqr/app.bsky.feed.post/3m5xbol7mx22l,2025-11-19T03:13:50.543011+00:00
Last photo from a few nights ago of the Auroras. #Canada #aurora #nightsky,dananickerson.bsky.social,2025-11-19T03:09:09.257Z,at://did:plc:qdiqjng4dptf6tjw5hnrhuyt/app.bsky.feed.post/3m5xbnqqubc2p,2025-11-19T03:13:50.543013+00:00
All the more reason to continue encouraging the production of vaccines here in Canada.,megganbouvet.bsky.social,2025-11-19T03:09:08.709Z,at://did:plc:rh5tipdlxv7vp6bd2zovqy7z/app.bsky.feed.post/3m5xbnq7ep22l,2025-11-19T03:13:50.543014+00:00
"#cdnpoli While 🍁 PM #Carney skipped #COP30 to announce his government will fast-track the American-owned Ksi Lisims #LNG project, Environment Canada brought #fossilfuel lobbyists. Yes, they will compromise integrity for $$$. You have to have your head up the tar sands to ignore this 👇🏻",bcbrews.bsky.social,2025-11-19T03:09:07.355Z,at://did:plc:psoqvc2wc7gdc2eh3ckx76so/app.bsky.feed.post/3m5xbnow6dk2y,2025-11-19T03:13:50.543016+00:00
"#Carney “Liberal” Party is Trump Party—hubris, political games & selling out #Canada to corporations.",cultureisfirst.bsky.social,2025-11-19T03:09:07.017Z,at://did:plc:gxe7h3pkt7lwg2m3vbfezd2r/app.bsky.feed.post/3m5xbnolrdc2q,2025-11-19T03:13:50.543018+00:00
www.cbc.ca/news/canada/...,calsneurons.bsky.social,2025-11-19T03:09:04.352Z,at://did:plc:eoielqsjyy6gyo77acapjmuh/app.bsky.feed.post/3m5xbnm2gs22c,2025-11-19T03:13:50.543020+00:00
"The (TV Series) Dexter (The Complete Series) is available today on (iTunes) (Canada) for CA$34.99 Cast: Michael C. Hall, Jennifer Carpenter, David Zayas, James Remar, Desmond Harrington, Evan George Kruntchev, Luke Andrew Kruntchev, C.S. Lee, Erik King, Julie Benz",movies-on-sale.bsky.social,2025-11-19T03:09:03.822Z,at://did:plc:wub7jjxlq7uaaokl77gvi2zz/app.bsky.feed.post/3m5xbnlkaac2p,2025-11-19T03:13:50.543022+00:00
"The (TV Series) Dexter: New Blood (New Blood) is available today on (iTunes) (Canada) for CA$9.99 Cast: Michael C. Hall, Jack Alcott, Julia Jones, Johnny Sequoyah, Clancy Brown, Katy Sullivan, Jennifer Carpenter, Jamie Chung, Steve M. Robertson, David Magidoff",movies-on-sale.bsky.social,2025-11-19T03:08:56.968Z,at://did:plc:wub7jjxlq7uaaokl77gvi2zz/app.bsky.feed.post/3m5xbnez2us2p,2025-11-19T03:13:50.543026+00:00
"The (TV Series) Dexter (Individual Seasons) are available today on (iTunes) (Canada) for CA$4.99 Cast: Michael C. Hall, Jennifer Carpenter, David Zayas, James Remar, C.S. Lee, Julie Benz, Evan George Kruntchev, Desmond Harrington, Preston Bailey, Luke Andrew Kruntchev",movies-on-sale.bsky.social,2025-11-19T03:08:50.115Z,at://did:plc:wub7jjxlq7uaaokl77gvi2zz/app.bsky.feed.post/3m5xbn6hxhs2p,2025-11-19T03:13:50.543028+00:00
www.cbc.ca/news/canada/...,karenpaulscbc.bsky.social,2025-11-19T03:08:40.470Z,at://did:plc:nht7zys433wmuw4zljswvpd4/app.bsky.feed.post/3m5xbmvbmjk2h,2025-11-19T03:13:50.543030+00:00
"Those #SAAB toys would look nice up in #ColdLake #JustSaying #Canada

www.flickr.com/gp/rangerbob...

#TardisJeep",lancetay.bsky.social,2025-11-19T03:08:19.038Z,at://did:plc:3xew4hczefc7m4dauvg7hlxm/app.bsky.feed.post/3m5xbmatktk2u,2025-11-19T03:13:50.543032+00:00
"Refs have really wrecked the last 2 games with terrible calls. Having said that, Canada has not looked good. Plus, who thought that playing in Ft. Lauderdale was a good idea.",dommar6605.bsky.social,2025-11-19T03:08:00.642Z,at://did:plc:zd5bllshvl5y4pfx5c6fk4ee/app.bsky.feed.post/3m5xblpcbvk2j,2025-11-19T03:13:50.543034+00:00
"The (TV Series) Californication (Individual Seasons) are available today on (iTunes) (Canada) for CA$4.99 Cast: David Duchovny, Natascha McElhone, Evan Handler, Pamela Adlon, Callum Keith Rennie, Madeline Zima, Kathleen Turner, Scott Michael Foster, Carla Gallo",movies-on-sale.bsky.social,2025-11-19T03:07:58.670Z,at://did:plc:wub7jjxlq7uaaokl77gvi2zz/app.bsky.feed.post/3m5xblnfxac2p,2025-11-19T03:13:50.543047+00:00
Canada here the respected by every country in the world one gets me laughing everytime we have lost so much respect for the American government it will never come back im sure that is a worldwide sentiment as countries move farther and farther away from America sorry folks he messed everything up,brickmach.bsky.social,2025-11-19T03:06:31.558Z,at://did:plc:twtwwhoszt2ofxfqqmuinfgi/app.bsky.feed.post/3m5xbj2djvk2j,2025-11-19T03:13:50.543049+00:00
"www.ctvnews.ca/business/art...

Canada Post ‘effectively insolvent,’ CFO says as losses top $1B in 2025

#Canada #Canadapost #cdnpoli
#canpoli #cdnleg #canleg
#Postal #service #insolvent #mail",jamieb1000.bsky.social,2025-11-19T03:06:07.996Z,at://did:plc:q2pe2753p53fdhrnt2ylsnhr/app.bsky.feed.post/3m5xbidui522v,2025-11-19T03:13:50.543051+00:00
"Just had a conversation with my sister, conservative, but not Maple MAGA & not a PP supporter, but she says we’re in trouble, that things are bad/worse for many. Inflation food, fuel. Trouble in Windsor & Hamilton, ON. She’s speaking of a Canada that’s so different from mine. For her, it’s broken.",matthewdp.bsky.social,2025-11-19T03:05:01.187Z,at://did:plc:qwfchkoik7rkulqvxskg3ngt/app.bsky.feed.post/3m5xbge5mxs22,2025-11-19T03:13:50.543053+00:00
Completely hooked on this Flavour network tv. Bring on the baking and cooking shows!!! Love Top Chef Canada!!! I wish Shai-Ann had made if. Sweet young woman. Hope she write that cookbook 🙏,maej43.bsky.social,2025-11-19T03:04:27.201Z,at://did:plc:xccugbuymjbj223ewrgla5aj/app.bsky.feed.post/3m5xbfdqhjc2o,2025-11-19T03:13:50.543055+00:00
i have told settler girlies for a while that i think it'd take the obvious personal threat of imminent death by state violence for me to even consider the nearest part of canada - vancouver & the western prairies - remotely viable. this shit is why,vaporlight.bsky.social,2025-11-19T03:04:21.116Z,at://did:plc:eixxyaijzj2yrqwzrzijt2vy/app.bsky.feed.post/3m5xbf5wq5s2b,2025-11-19T03:13:50.543056+00:00
Only if you are outside Canada unfortunately!,mlsmith19.bsky.social,2025-11-19T03:04:17.107Z,at://did:plc:bo66cbkwpjs7j34ktxpd7vcl/app.bsky.feed.post/3m5xbf24f4k2j,2025-11-19T03:13:50.543058+00:00
"@minibubbly.bsky.social @johngcole.bsky.social @maej43.bsky.social @silvermansecurity.bsky.social @anniegirl.bsky.social @beyerstein.bsky.social As a #Canadian 🍁 I love this, but it will NOT improve #Canada 🍁 #USA relations.😌 The #F35 deal appears dead or on life support.",ghostwarrior.bsky.social,2025-11-19T03:04:16.717Z,at://did:plc:f4g5ztrxrrfk4m66hqvah5hx/app.bsky.feed.post/3m5xbezqp3s2l,2025-11-19T03:13:50.543060+00:00
"[August 24th, 1980] Terry Fox resumed his cross-Canada run after a 2-day rest due to an inflamed tendon. He ran 14 miles and plans to continue, taking pills to manage the inflammation.",40yearsago.bsky.social,2025-11-19T03:04:02.523Z,at://did:plc:6xb27hvdldyjxtq5pb5gst5p/app.bsky.feed.post/3m5xbemajtl2w,2025-11-19T03:13:50.543062+00:00
"“This kind of political intrusion into evidence-based care is unacceptable and risks setting a precedent that affects other national health issues, such as vaccination or reproductive health,” said Canadian Medical Association president Dr. Burnell.
www.theglobeandmail.com/canada/alber...",hpliszka.bsky.social,2025-11-19T03:03:32.327Z,at://did:plc:66orxu3jmp47hlh4tsjfw4ne/app.bsky.feed.post/3m5xbdpfsnk2e,2025-11-19T03:13:50.543063+00:00
"I really hope you Americans don’t like milk, yogurt or cheese. Canada has found EU and Asian markets. Bye bye. I hear milk is good for the skin, the  orange taco can still buy some. After all you have made him richer through graft.",maureenoh01.bsky.social,2025-11-19T03:02:13.158Z,at://did:plc:n42jjlcjp2smwny4s5magi4e/app.bsky.feed.post/3m5xbbdvs5k2x,2025-11-19T03:13:50.543065+00:00
My God we look awful now and it looks like Venezuela will score next. @robbytee.bsky.social. You are right about Canada. We can be our own worst enemy and the changes made & loss of Kone weakened our squad a whole bunch. More changes coming & the weaker we'll get. 🤦‍♂️🤦‍♂️😏,glangiangaetano.bsky.social,2025-11-19T03:02:11.771Z,at://did:plc:nqsrhocbbjgn46bfowhrwi5m/app.bsky.feed.post/3m5xbbcljmc22,2025-11-19T03:13:50.543067+00:00
"I ""finally"" located my base maps (they were not on the cloud🙄) to track the cold as it moves across Western Canada towards Ontario in the upcoming weeks and months. Latest Ob's taken at 9:40pm EST and plotted as a test run including Windchill °C. #onwx #onstorm",mrwx4caster.bsky.social,2025-11-19T03:01:48.695Z,at://did:plc:sb4medzgolplx35zy2qpqpnf/app.bsky.feed.post/3m5xbamljc22b,2025-11-19T03:13:50.543069+00:00
"Churchill Northern Lights, Manitoba, Canada

#Canada",canada-cambot.bsky.social,2025-11-19T03:01:29Z,at://did:plc:kdmhcb4wmrqzqg6hn2ps55t4/app.bsky.feed.post/3m5xb6qrza72p,2025-11-19T03:13:50.543070+00:00
The notwithstanding clause suggests to me that Canada does not have its act together constitutionally,mdruker.app,2025-11-19T03:01:04.370Z,at://did:plc:f6yekxxpke7gyas3d7qeipty/app.bsky.feed.post/3m5xb7cckek2v,2025-11-19T03:13:50.543072+00:00
"
Bluesky's Top 10 Trending Words (past 10min):
💨x30 - piggy
💨x22 - higgins
💨x21 - mbs
💨x18 - khashoggi
💨x1* - democracy 🔓
💨x15 - saudi
💨x1* - gaza 🔓
💨x14 - curaçao
💨x13 - lindsey
💨x13 - clay
*🔓 = Unlocked Emergency Words (see img)

#FreePalestine 🇵🇸

(Something not right? Reply!)",nowbreezing.ntw.app,2025-11-19T03:00:37.755894+00:00,at://did:plc:mcb6n67plnrlx4lg35natk2b/app.bsky.feed.post/3m5xb6hr5k62a,2025-11-19T03:13:50.543074+00:00
"Iconic Phones: Revolution at Your Fingertips is now shipping in the US and Canada

https://www.europesays.com/ie/188211/

Guys, it’s happening! Our book, Iconic Phones: Revolution at Your Fingertips, is now shipping in the US and…",ie-news.bsky.social,2025-11-19T03:00:29+00:00,at://did:plc:udyn2dmw2qgvjelxvh7zmti2/app.bsky.feed.post/3m5xb6fbwut2u,2025-11-19T03:13:50.543075+00:00
Sean Spears is no longer welcome in Canada after that. Fuck the Culling forever. #WWENXT,fretzlemania.bsky.social,2025-11-19T03:00:26.150Z,at://did:plc:awtovhhjbao2yxx7qhirc6qy/app.bsky.feed.post/3m5xb65u56c2q,2025-11-19T03:13:50.543077+00:00
"Canada has what the world needs. Along with its rich resources, Canada offers itself as a balanced, respectful, and reliable trading partner. Thank you PM Carney - let’s build #CanadaStrong together.
🇨🇦💪🏻",randystravels.bsky.social,2025-11-19T03:00:13.275Z,at://did:plc:axjflskdpopzwfarmyv36rjc/app.bsky.feed.post/3m5xb5rlavs2o,2025-11-19T03:13:50.543079+00:00
WTF are these Conservative premiers doing to health care across Canada?!? Canadians need to stand up and fight for our healthcare for all the children and vulnerable.,suze-bsky.bsky.social,2025-11-19T02:59:53.943Z,at://did:plc:fhs663ltkpdsbph3e7rkzqo3/app.bsky.feed.post/3m5xb575bys2y,2025-11-19T03:13:50.543081+00:00
Canada playing sloppy now. Looking like their emotions have worn and they're flat-out frustrated.  Edge is gone as a result.,catelli.bsky.social,2025-11-19T02:59:16.546Z,at://did:plc:uzwynznfsovoan2zfrcxbuy5/app.bsky.feed.post/3m5xb43hzik2d,2025-11-19T03:13:50.543082+00:00
Time for Albertan's and the rest of Canada to get loud. Albertan's must continue to demand her resignation and the rest of Canada need to get the other provinces and PP to condemn the corruption and abuse of the NWC,debrule.bsky.social,2025-11-19T02:59:10.487Z,at://did:plc:gmguydma6u5bv5fsc7hh6aqd/app.bsky.feed.post/3m5xb3vp4is2w,2025-11-19T03:13:50.543084+00:00
Canada is NOT for sale. 🖕,canadiangirlxo.bsky.social,2025-11-19T02:59:08.565Z,at://did:plc:r2kr6vs5mpkpgkbh4wkima2j/app.bsky.feed.post/3m5xb3tuhkc2s,2025-11-19T03:13:50.543086+00:00
"Corner Gas is hilarious, Canada shouldn't be allowed to hide this from us",macabrett.bsky.social,2025-11-19T02:59:03.792Z,at://did:plc:wxv4sfwjm7s2lq4lcclrb57q/app.bsky.feed.post/3m5xb3pcsg227,2025-11-19T03:13:50.543088+00:00
"lol Belarus is doing more on climate than Canada

(One of) the largest chunks of the economy in Belarus is processing and reselling Russian oil and gas, but Canada managed to position itself lower than that. Can't wait for all the “nation building” projects Liberals came up with 🤢 […]",anibyl.social.coop.ap.brid.gy,2025-11-19T02:58:56.000Z,at://did:plc:5loxlgi7iytr7v5vdera2cih/app.bsky.feed.post/3m5xb3kzbpbc2,2025-11-19T03:13:50.543090+00:00
"Possibly the first documented instance of TOOL USE by WOLVES.

www.youtube.com/watch?v=xM9x...

#Nature #canada #america",robduncan.bsky.social,2025-11-19T02:58:31.132Z,at://did:plc:ig6dnt4tqgg7iwwtywx3bkvd/app.bsky.feed.post/3m5xb2q63v22j,2025-11-19T03:13:50.543091+00:00
#Canada,venilia13.bsky.social,2025-11-19T02:58:22.636Z,at://did:plc:4qz245vzimsqtch736gyva3m/app.bsky.feed.post/3m5xb2i2sz22d,2025-11-19T03:13:50.543093+00:00
Doug Ford is a regional asshõle. Poilievre is a cross-Canada asshõle.,neilmtl.bsky.social,2025-11-19T02:58:06.892Z,at://did:plc:anan7bvbrjq3ne6kzk5igk2q/app.bsky.feed.post/3m5xazz2czs25,2025-11-19T03:13:50.543095+00:00
"November 2024  - after impossible election results - knocked many Americans off our feet for several months.

The lights of #Canada - resisting tariffs, pressure to be made the 51st State, more - showed us the way back. Thanks, neighbor.🥰 It's why so many of us were glad to see you in the Series.⚾",thenightrabbit.bsky.social,2025-11-19T02:57:52.837Z,at://did:plc:pfmojj5tuimrsrmcmypmy27x/app.bsky.feed.post/3m5xazlnfh22z,2025-11-19T03:13:50.543097+00:00
#Canada we all need to be vigilant & call it out,venilia13.bsky.social,2025-11-19T02:57:42.162Z,at://did:plc:4qz245vzimsqtch736gyva3m/app.bsky.feed.post/3m5xazbhmnc2d,2025-11-19T03:13:50.543099+00:00
"globalnews.ca/news/1152940...

Soaring number of fatal collisions in Calgary, Edmonton prompts plea from police

#abpoli #ableg #Alberta #UCP
#Corruption #FireTheUCP 
#Canada #yeg #yyc #Edmonton
#Calgary #traffic #accidents
#police #collisions #fatal",jamieb1000.bsky.social,2025-11-19T02:57:36.729Z,at://did:plc:q2pe2753p53fdhrnt2ylsnhr/app.bsky.feed.post/3m5xaz4bsy22v,2025-11-19T03:13:50.543102+00:00
"Really want FIFA to move the US matches to other locations in Canada and Mexico. 

This World Cup is already historic for some good reasons…no need to interrupt that because of fascism",joelscribes.bsky.social,2025-11-19T02:57:13.830Z,at://did:plc:4dlenyx42edqx6vvty4vvvq5/app.bsky.feed.post/3m5xayggyoc2a,2025-11-19T03:13:50.543104+00:00
"The Swedish King and Queen, along with government officials, made a state visit to Canada. They emphasized choosing allies wisely and are choosing Canada. Discussions included defense, raw minerals, AI and oil.",carmendp.bsky.social,2025-11-19T02:56:18.950Z,at://did:plc:basjkip3lag2shenjfr6ypox/app.bsky.feed.post/3m5xaws46wc24,2025-11-19T03:13:50.543106+00:00
"Canada cannot sacrifice its sovereignty with further dependency on the American F-35 fighter jet which requires American maintenance, and cannot operate outside Pentagon approval.

Current Canadian entanglement in the F-35 supply chain, has us manufacturing parts in Israel’s genocide via the U.S.",everyripple.bsky.social,2025-11-19T02:55:25.794Z,at://did:plc:ycdshfsnfrmev7qwwnyxaoex/app.bsky.feed.post/3m5xav7g2ps2d,2025-11-19T03:13:50.543108+00:00
"youtu.be/hTxOMtqpras?...
Canada has changed its relationship with the US. And now we're controlling the script",franco6767.bsky.social,2025-11-19T02:54:22.444Z,at://did:plc:4mij2zlrqrohr7kuryjmbmuc/app.bsky.feed.post/3m5xatcyric2z,2025-11-19T03:13:50.543109+00:00
"Me looking up furcons outside Quebec because we have 0 here 💀. Guess I'll have to fly. Anyone have recommendations for Canadian/American cons? (Canada or California preferred, but open to know others too!)",42wv.bsky.social,2025-11-19T02:53:25.361Z,at://did:plc:dxbectdpl2ao5esesvzz3nwe/app.bsky.feed.post/3m5xarmkpfc27,2025-11-19T03:13:50.543111+00:00
www.cbc.ca/news/canada/... #abpoli #cdnpoli “Unless the stakes warrant it” says Dani.  I guess losing support from angry bigots  is high enough stakes to ignore the rights of vulnerable people.,paulallore.bsky.social,2025-11-19T02:52:51.063Z,at://did:plc:ubsroz7xycrh3tksy6t3vqsu/app.bsky.feed.post/3m5xaqltzas23,2025-11-19T03:13:50.543113+00:00
www.cbc.ca/news/canada/...,anneyvette.bsky.social,2025-11-19T02:52:29.777Z,at://did:plc:rwdg4udlbabtdmx72vgekq4f/app.bsky.feed.post/3m5xapxkg5c2u,2025-11-19T03:13:50.543115+00:00
"Il est temps de cesser de parler de "" #réécrire l' #histoire"" et de commencer par la montrer.

#Révélons publiquement cette lettre de #LouisRiel (Arch. et Bibl. #Canada, #microfilm 1229, C-1229, etc.)
3/4",jigo57.bsky.social,2025-11-19T02:52:29.663Z,at://did:plc:tpl32trwpp5hrrlyx57wqxrd/app.bsky.feed.post/3m5xapxgwss2c,2025-11-19T03:13:50.543116+00:00
"Jacob Shaffelburg and Mathieu Choinire come into the match for Canada as the game goes ahead at 10 v 10 for the last 27 minutes. 

Absurd refereeing decisions on Koné's sending off and Choiniére's the other day v Ecuador. 

Lots of space out there now.",bensteiner00.bsky.social,2025-11-19T02:52:13.959Z,at://did:plc:otloywkipxlejxymt5am5e76/app.bsky.feed.post/3m5xapihous2u,2025-11-19T03:13:50.543118+00:00
"I am sure thankful that I live in Canada, not the US, where 1 million people a year (on average) declare bankruptcy from inability to pay medical bills",abrainiac.bsky.social,2025-11-19T02:52:11.132Z,at://did:plc:blwtyofou4lbperdqtgp4a4m/app.bsky.feed.post/3m5xapfrg5223,2025-11-19T03:13:50.543120+00:00
"ㅤ
omg there's more!! I'm blown away, imma bout to start crying or something 😂😂😂
ㅤ
www.cbc.ca/news/canada/...",abstractica.bsky.social,2025-11-19T02:52:06.692Z,at://did:plc:hneivgmncd23zn54rxu2eep5/app.bsky.feed.post/3m5xapbjv7s2u,2025-11-19T03:13:50.543122+00:00
Laughing with Bonesawaqaeda while he treats our allies like Canada and Ukraine like dogs.,thomasfortenberry.bsky.social,2025-11-19T02:51:59.336Z,at://did:plc:ftkbture5jqyglzazqmp7vo2/app.bsky.feed.post/3m5xap327742y,2025-11-19T03:13:50.543124+00:00
"Another thought, canada has always had a mixed fleet and from the 1950's on the goal was always to have 2 primary platforms with either one coming in and one going out.

This ended in 1995.",shuffles416.bsky.social,2025-11-19T02:51:52.815Z,at://did:plc:u2bzhw6lzxq74gh232yjrzb2/app.bsky.feed.post/3m5xaoucggs2b,2025-11-19T03:13:50.543125+00:00
"Shoppers Drug Mart pharmacists say they’re pressured by corporate to push this program - and now we learn $81M was billed to Ontarians for it in just 2 years.

This government loves to preach fiscal responsibility. So where’s the accountability? #onpoli

www.cbc.ca/news/canada/...",tylerwatt.bsky.social,2025-11-19T02:51:43.546Z,at://did:plc:lmnrkfwauzls5e34r7oi63m7/app.bsky.feed.post/3m5xaolhkok2a,2025-11-19T03:13:50.543127+00:00
"@mark-carney.bsky.social Canada should stop buying military equipment from the USA. Definitely buy jets from European manufacturers. As for subs, ask the question, why not South Korea? Everyone will tailor to our needs.",tazman1a.bsky.social,2025-11-19T02:51:37.367Z,at://did:plc:zstalk2owbo37lmafubcel5d/app.bsky.feed.post/3m5xaofkzi22x,2025-11-19T03:13:50.543129+00:00
"🍊💩🤡Trump is truly vile, I can't bring myself to call him a human being🤬
#𝓢𝓽𝓮𝓿𝓮𝓜𝓲𝓵𝓮𝓼𝓝𝓮𝓽 #America #USApoli #EightySixFortySeven #Bluesky #Politics #Resist #Democracy #Resistance #Canadasky #Canada #cdnpoli #NeverForgetEpstein #nomorewar #Epstein #Maxwell #PEDO #Victims
youtu.be/NI13iVECLMA?...",stevemilesnet.bsky.social,2025-11-19T02:51:31.102Z,at://did:plc:px2esgvbnl7ransisaced6wu/app.bsky.feed.post/3m5xao7lsdk2p,2025-11-19T03:13:50.543132+00:00
"#Canada #Canadians #WEF 
Showing Their Dominance Over You - Canadians, Dead Ostriches & The World Economic Forum
youtu.be/Ow4qxjH8mMk",stevensaunders82.bsky.social,2025-11-19T02:51:15.883Z,at://did:plc:3oaxj4vfr7a4igdthohnovfs/app.bsky.feed.post/3m5xanr3ez22e,2025-11-19T03:13:50.543134+00:00
"Manitoba throne speech promises 1st supervised consumption site, overpass at site of deadly Carberry bus crash

Manitoba’s NDP government is promising to build, saying in its third throne speech that it will construct an overpass at the location of a...

#cbc #cbc-top-stories #Canada ",scrubfire84.bsky.social,2025-11-19T02:51:00.135205+00:00,at://did:plc:bnk5d72upa2mfzwglo6ynbs3/app.bsky.feed.post/3m5xanb6jpm25,2025-11-19T03:13:50.543136+00:00
"How does this call happen twice. TWICE! Not a red again, and Canada go down to ten. Unacceptable refereeing, it cannot be the standard for the World Cup.",graeme-m-numbers.bsky.social,2025-11-19T02:50:47.119Z,at://did:plc:zioo6v6i2avz6l3fitpgga3x/app.bsky.feed.post/3m5xamvnk6s2y,2025-11-19T03:13:50.543138+00:00
"Chikungunya: le Canada met à jour son avis aux voyageurs pour la Chine
www.noovo.info/nouvelle/chi...",noovo.info,2025-11-19T02:50:12.033Z,at://did:plc:qxv7ymkiroyaanunxvky2z7f/app.bsky.feed.post/3m5xalu6rk227,2025-11-19T03:13:50.543139+00:00
"ANALYSIS | Once shunned,  Saudi crown prince is Trumpâs guest of honour. Canada is warming up, too | News. For a leader whose toxicity over a horrific killing made him a pariah, Saudi Arabiaâs de facto... https://popurl.us/6z1fc1rslagb",time2joy.bsky.social,2025-11-19T08:20:05+05:30,at://did:plc:57hnqxru663qfr46zjucxt34/app.bsky.feed.post/3m5xalp5fxe2c,2025-11-19T03:13:50.543141+00:00
"ANALYSIS | Once shunned,  Saudi crown prince is Trumpâs guest of honour. Canada is warming up, too | News. For a leader whose toxicity over a horrific killing made him a pariah, Saudi Arabiaâs de facto... https://popurl.us/6z1fc1rslagb",time2joy.bsky.social,2025-11-19T08:20:05+05:30,at://did:plc:57hnqxru663qfr46zjucxt34/app.bsky.feed.post/3m5xalprk4u2o,2025-11-19T03:13:50.543143+00:00
"Ah yes, yet another thing America is finally doing a decade after Canada. But, sure, “gReAtEsT nAtIoN iN tHe WoRlD”, got it.",gotkube.bsky.social,2025-11-19T02:49:04.448Z,at://did:plc:x6z3zx2g75advubmzvapgjj7/app.bsky.feed.post/3m5xajtqaks2p,2025-11-19T03:13:50.543145+00:00
What is with the red cards against Canada for innocent plays in friendlies for fucks sake?,catelli.bsky.social,2025-11-19T02:48:52.022Z,at://did:plc:uzwynznfsovoan2zfrcxbuy5/app.bsky.feed.post/3m5xajhv2rk2d,2025-11-19T03:13:50.543147+00:00
"#SaudiTrump #Canada 

youtu.be/yBE2R1kuSyU?...",lancetay.bsky.social,2025-11-19T02:48:41.560Z,at://did:plc:3xew4hczefc7m4dauvg7hlxm/app.bsky.feed.post/3m5xaj5vry22h,2025-11-19T03:13:50.543148+00:00
"Canada America is what can happen to yall if the public is not politically literate. 
Don't let the let's not talk politics mind set happen to you. If you or someone you know believe anything Trump says get them help ask them questions. Ask them to produce evidence. Show them the truth.",mrfrick.bsky.social,2025-11-19T02:48:04.251Z,at://did:plc:6abfdlifpbbputf3mprf6umw/app.bsky.feed.post/3m5xai2d6gk2q,2025-11-19T03:13:50.543150+00:00
"What I’ve been up to:

Riding the northernmost sleeper train in North America to the Canadian subarctic

#churchill #manitoba #canada #trains",rawcaptures.net,2025-11-19T02:47:56.219Z,at://did:plc:thhx7ohox7mj6hzphktofasb/app.bsky.feed.post/3m5xahso3ns2t,2025-11-19T03:13:50.543152+00:00
"Perhaps they ship the cows to Canada and cross over.🤔

😆😆😆😆😆😆😆😆😆",foffsky.bsky.social,2025-11-19T02:47:15.408Z,at://did:plc:pa2iwtfsnehquhtmvr4lzqdq/app.bsky.feed.post/3m5xaglquy22c,2025-11-19T03:13:50.543154+00:00
"2/ The more the Liberals swing right-ward, there will be a need to have a left-leaning party to hold them accountable.
Addressing affordability issues would be a start. Mamdani & Sanders show how these ideas resonate in the US & just might work here in Canada too.",thefarshore.bsky.social,2025-11-19T02:46:51.473Z,at://did:plc:xnr3hiikjsvrp7ashb6a524x/app.bsky.feed.post/3m5xafuw6622f,2025-11-19T03:13:50.543155+00:00
"Central Memorial Park, Cam, Calgary, Alberta, CA

#Canada",canada-cambot.bsky.social,2025-11-19T02:46:38Z,at://did:plc:kdmhcb4wmrqzqg6hn2ps55t4/app.bsky.feed.post/3m5xaeak2d62x,2025-11-19T03:13:50.543157+00:00
"Thinking back to the pre-game interview where Wayne Gretzky asks Kristian Jack if he's Scottish, and Kristian asserts ""Actually, I'm Canadian.""

Kristian Jack chose Canada, and works hard to advance Canada Soccer.",catelli.bsky.social,2025-11-19T02:46:37.829Z,at://did:plc:uzwynznfsovoan2zfrcxbuy5/app.bsky.feed.post/3m5xafhvrx22d,2025-11-19T03:13:50.543159+00:00
"In BC, Canada, car insurance is run by the province (ICBC - except for super high-price exotics) and is thus not-for-profit. The past 3 years, ICBC has issued premium REBATE CHEQUES - my last one covering about 1 month's premium... $$ that for-profit would go to shareholders who did nothing.",aobmotomasa.bsky.social,2025-11-19T02:46:02.528Z,at://did:plc:uufq7q6tx7plnfzs7nx5xp37/app.bsky.feed.post/3m5xaegaics2q,2025-11-19T03:13:50.543161+00:00
if they get their way this might actually be the end of human rights in Canada,apophis.sapronym.net,2025-11-19T02:45:47.452Z,at://did:plc:dh55rmybupl3acphbqdfi3kz/app.bsky.feed.post/3m5xadxufns2y,2025-11-19T03:13:50.543162+00:00
"That is insane. China doesn't need energy from Canada, it's just very cheap and ""their best option"" withought a thought for climate goals of either nation.

Come on, Carney...",thetruemichael.bsky.social,2025-11-19T02:45:40.408Z,at://did:plc:7vspwk7kwwenfmunzyyepz5k/app.bsky.feed.post/3m5xadr5hq22f,2025-11-19T03:13:50.543164+00:00
#Canada,venilia13.bsky.social,2025-11-19T02:45:17.561Z,at://did:plc:4qz245vzimsqtch736gyva3m/app.bsky.feed.post/3m5xad3ea7c2d,2025-11-19T03:13:50.543166+00:00
"While the US president was having a playdate today with another murderous dictator, our amazing Prime Minister was meeting with the Swedish royalty to bring both of our countries even more close together.

❤️🇸🇪🇨🇦TEAM CANADA FOREVER🇨🇦🇸🇪❤️
❤️🇸🇪🇨🇦VIVE LE CANADA 🇨🇦🇸🇪❤️",teamcanadaforever.bsky.social,2025-11-19T02:45:13.493Z,at://did:plc:lar2o6mnnvln22w6kgnpifli/app.bsky.feed.post/3m5xacxiedk2u,2025-11-19T03:13:50.543167+00:00
"Straight red for David Martinez and Venezuela are down to 10 men.

Richie Laryea draws the card.

The #CanMNT really didn’t show much while this game was at even strength.

Canada with the advantage now.",bensteiner00.bsky.social,2025-11-19T02:44:56.557Z,at://did:plc:otloywkipxlejxymt5am5e76/app.bsky.feed.post/3m5xachdaic2r,2025-11-19T03:13:50.543169+00:00
"Noah Johnson from Vancouver, Canada is making a sandwich. While doing so, Benjamin Lee also accidentally flings a piece of food across the room as a little kid points and giggles. Then, a chef comes out and gives them a standing ovation for how much they ate.",raspberi.bsky.social,2025-11-19T02:44:48.33688000Z,at://did:plc:cl2as54pbcu3nksugeqz5nf7/app.bsky.feed.post/3m5xaccjwaj2r,2025-11-19T03:13:50.543171+00:00
#Canada,venilia13.bsky.social,2025-11-19T02:44:30.041Z,at://did:plc:4qz245vzimsqtch736gyva3m/app.bsky.feed.post/3m5xabnzyy22d,2025-11-19T03:13:50.543173+00:00
"#Canada #CanadaSk

Please sign

www.ourcommons.ca/petitions/en...",quyetpawz.bsky.social,2025-11-19T02:43:58.856Z,at://did:plc:3hzsbqgzgjq55yidqovjpeg5/app.bsky.feed.post/3m5xaaqcfsk2x,2025-11-19T03:13:50.543175+00:00
"#Canada #Germany - been watching the news tonight in various networks, can’t say I heard this - great news",venilia13.bsky.social,2025-11-19T02:43:56.250Z,at://did:plc:4qz245vzimsqtch736gyva3m/app.bsky.feed.post/3m5xaansswk2d,2025-11-19T03:13:50.543177+00:00
"11/11 It’s a model ""unlike any in the country.""

👉 If passed, the firewall between public need and private profit in Alberta won't just be breached—it will be dismantled, case by case. 👈

Alanna Smith & Oliver Moore, The Globe and Mail

www.theglobeandmail.com/canada/alber...",electricbluesfan.bsky.social,2025-11-19T02:43:56.048Z,at://did:plc:g323nwoy6rzvxylyjmn243qu/app.bsky.feed.post/3m5xaanmno22g,2025-11-19T03:13:50.543178+00:00
"ICYMI: Chorney-Booth: Kin Dee Street Kitchen introduces a taste of Laos cuisine - Yahoo News Canada || News link Courtesy of Bunny’s Bistro – Lao Cooking Lessons in Ewa Beach Hawaii, Oahu Click Here!",bunnyslaobistro.bsky.social,2025-11-19T02:43:35Z,at://did:plc:eecc6mgdeqozxu2gdtfrvvgg/app.bsky.feed.post/3m5xaa47v3c2v,2025-11-19T03:13:50.543180+00:00
I hope they play every match in either Canada or Mexico,richardmiller.bsky.social,2025-11-19T02:43:17.431Z,at://did:plc:ggbxbr7bk5dgxjh6snu2zi57/app.bsky.feed.post/3m5xa7is4rk2t,2025-11-19T03:13:50.543182+00:00
"s-tier
halloween
pride
mardi gras

a-tier
labor day
shark week
bastille day
estrogen birthday
juneteenth

b-tier
new years
thanksgiving (canada)
memorial day, mlk, other random long weekends

c-tier
thanksgiving (usa)

d-tier
christmas
someone else's birthday

f-tier
easter
my birthday
july 4th",tesseract.bsky.gay,2025-11-20T03:11:44.776Z,at://did:plc:ltudrn26hdmqhvfhv4lq5tyb/app.bsky.feed.post/3m5zsbcivus2m,2025-11-20T03:12:03.707938+00:00
"What do we want? Free Canadian Trade, except for food, alcohol, financial services and ""other things""! 😒https://www.cbc.ca/news/canada/british-columbia/bc-interprovincial-trade-barrier-dropped-9.6984871",hrus.bsky.social,2025-11-20T03:11:39.411Z,at://did:plc:sna4y5xaqv5ztbgzvfbul47o/app.bsky.feed.post/3m5zsb5fal22o,2025-11-20T03:12:03.707955+00:00
"They don't require gloves in Canada either. Definitely not mandatory. But as someone who has worked in food prep, wearing gloves makes it too easy to cross contaminate. 

I said they Took off glove, touched screen, put on new glove, touched screen again. Instantly dirtying new glove. So gross.",catkingkeefie.bsky.social,2025-11-20T03:11:09.047Z,at://did:plc:njx4laa4eczn3q4nw7hlqgor/app.bsky.feed.post/3m5zsaaglas2b,2025-11-20T03:12:03.707958+00:00
"2018: I despise Brad Marchand and his obnoxious antics, a disgrace

2025: If Team Canada doesn't put Brad Marchand on the roster I'm boycotting the whole damn Olympics

#Olympics #TeamCanada #MilanoCortina2026 #Hockey",themanekin.bsky.social,2025-11-20T03:10:57.288Z,at://did:plc:6y5y4453cycxu4emjqlwdvr5/app.bsky.feed.post/3m5zs7v7qtc2o,2025-11-20T03:12:03.707961+00:00
"New trade deal to chop red tape, knock down trade barriers across Canada

https://www.newsbeep.com/ca/294571/

Trade of tens of thousands of goods across Canada’s 14 jurisdictions will soon be free after an agreement…",ca-nb.bsky.social,2025-11-20T03:10:44+00:00,at://did:plc:2gp3m6bnzqynpqq4nlwto5ar/app.bsky.feed.post/3m5zs7pevsk2h,2025-11-20T03:12:03.707963+00:00
#BoycottUSA I certainly hope that #Canada doesn’t fall into this harassment/trap as they continue to change their narrative,venilia13.bsky.social,2025-11-20T03:10:29.429Z,at://did:plc:4qz245vzimsqtch736gyva3m/app.bsky.feed.post/3m5zs72njsc2f,2025-11-20T03:12:03.707965+00:00
"ℹ |  El esférico incorpora solo cuatro paneles y luce colores simbólicos de EE. UU., México y Canadá como homenaje a las sedes.
La entrada “Trionda”: el balón del Mundial 2026 une innovación y...   #comentariodeldía #Deportes ",comentariodd.bsky.social,2025-11-20T03:10:25.006029Z,at://did:plc:qzlbyzgu6qtxrcmtxoageusp/app.bsky.feed.post/3m5zs6wnwi52s,2025-11-20T03:12:03.707967+00:00
"Canada turning into an Israel-style ethno state...
www.readthemaple.com/canada-detai...",socialdopamine.bsky.social,2025-11-20T03:10:22.550Z,at://did:plc:jasmvjwwm2rphiuxzqo724co/app.bsky.feed.post/3m5zs6u3l2c2i,2025-11-20T03:12:03.707969+00:00
"Connecting for Systemic Success: Cycling BC at the Cycling Canada Congress

https://www.newsbeep.com/ca/294581/

On October 29 and 30, Christine Reid, the Executive Director of Cycling BC, and Roxanne St-Pierre, the Vice…",ca-nb.bsky.social,2025-11-20T03:10:19+00:00,at://did:plc:2gp3m6bnzqynpqq4nlwto5ar/app.bsky.feed.post/3m5zs6x52eo2p,2025-11-20T03:12:03.707971+00:00
"Can you take the gift and accept my invitation? Only 2 steps.
Canada 🇨🇦 Thank you ☺️ 
temu.com/s/bq8wUSVgcM...",annetteshaylaina.bsky.social,2025-11-20T03:08:54.643Z,at://did:plc:coff23ffhdtfwwzy3u4plzgh/app.bsky.feed.post/3m5zs4aavds2t,2025-11-20T03:12:03.707973+00:00
"This, coming from the person in the US ambassador to Canada role who has repeated that Canadian should become the 51st US state. 
The US is no longer a friendly nation in the minds of Canadians. 
""U.S. tourism faces $5.7B US loss as Canadians continue to stay home....since Trump took office.""",sgfleming.bsky.social,2025-11-20T03:08:08.659Z,at://did:plc:nvl3pgu6coblg7j6myxf6yvf/app.bsky.feed.post/3m5zs2ufk4k2j,2025-11-20T03:12:03.707975+00:00
"Surgeons will be focus of Alberta’s public-private health care model, Smith says. Dual practice model will decrease wait-lists for surgeries and retain doctors in province, Alberta Premier claims, by @alannasmith.bsky.social www.theglobeandmail.com/canada/artic... via @theglobeandmail.com",picardonhealth.bsky.social,2025-11-20T03:07:52.085Z,at://did:plc:slwpvr5uwq7dqv4nur35dlji/app.bsky.feed.post/3m5zs2elrkc2c,2025-11-20T03:12:03.707977+00:00
He seems like he might be happier somewhere not in Canada.,ramonecat.bsky.social,2025-11-20T03:07:33.939Z,at://did:plc:kk2fulvbzvpr7l2lv5gts7xs/app.bsky.feed.post/3m5zrztbxuk26,2025-11-20T03:12:03.707979+00:00
"NEWS FLASH

it *just* got cold in Canada.",ruenahcmohr.bsky.social,2025-11-20T03:06:54.851Z,at://did:plc:xdiuip6b4vdnife2oxhtcibc/app.bsky.feed.post/3m5zrynz5x22g,2025-11-20T03:12:03.707981+00:00
Drag Race UK & Canada tomorrow. Gonna grind out a dungeon or two,jcov.bsky.social,2025-11-20T03:06:11.926Z,at://did:plc:spq62jnek6wekehxs7mktcwq/app.bsky.feed.post/3m5zrxf35zk2t,2025-11-20T03:12:03.707983+00:00
Practice for Canada and Greenland.,ridder.bsky.social,2025-11-20T03:05:51.386Z,at://did:plc:qjohvpiajbwd736pz72suvcd/app.bsky.feed.post/3m5zrwrichc2u,2025-11-20T03:12:03.707985+00:00
"I don't think it's unique to those spaces, that's just where it happened. It's a spread of the internet in general; it's not unique to us. Look at the UK, look at Canada pulling hard right.

Put another way: you don't know you have a black mold problem until you see it, when it's already everywhere.",rickiep00h.bsky.social,2025-11-20T03:05:14.890Z,at://did:plc:cuiavop3qhen32hcxx65xxec/app.bsky.feed.post/3m5zrvoojtc2w,2025-11-20T03:12:03.707987+00:00
Business group calls new agreement a ‘major step forward’ in making trade between provinces easier calgarysun.com/news/canada/...,calgarysun.com,2025-11-20T03:05:05.388Z,at://did:plc:eysc32szb7g3e647fqxgs3eq/app.bsky.feed.post/3m5zrvfry2f2s,2025-11-20T03:12:03.707989+00:00
"Canada wrap 2025 in style with needed 2-0 win vs. Venezuela
www.mlssoccer.com/news/canada-... #Canmnt #MLS",patiochair.bsky.social,2025-11-20T03:04:40.622Z,at://did:plc:pwncomibau2jdozv6brmixfi/app.bsky.feed.post/3m5zrunyqyc2x,2025-11-20T03:12:03.707991+00:00
"2/ A former Manitoba NDP interim leader, Flor made history as the first Filipina MLA and cabinet minister in Canada. She has spent her political career championing immigrant communities, workers, and families across Manitoba. 

Here's Flor's full statement on her support for the Avi Lewis campaign:",lewisforleader.ca,2025-11-20T03:04:18.387Z,at://did:plc:d2hewodkjpk6f4yv5nuh7pc5/app.bsky.feed.post/3m5zrtysa3s2h,2025-11-20T03:12:03.707993+00:00
"Nice! So what did he have to say about  Americans interfering in Canadian politics by offering Alberta $500 million to leave Canada? He should fuck off back home, and we should stop asking him for opinions. He just makes us angrier, more grudgy & boycotty each time he opens his stupid yap!",lorbsy.bsky.social,2025-11-20T03:04:15.275Z,at://did:plc:eucis4vubvafxoaex4bew6mi/app.bsky.feed.post/3m5zrtvtazs2k,2025-11-20T03:12:03.707995+00:00
"Going to America now means visiting Canada, for Sweden.
www.ctvnews.ca/canada/artic...",francaqc.bsky.social,2025-11-20T03:04:14.655Z,at://did:plc:zact4amnswzw4tkeb4zkzakc/app.bsky.feed.post/3m5zrtvaclk2t,2025-11-20T03:12:03.707997+00:00
"MAPLE MAGAS are a political movement which is all about TRUMP, WHITENATIONALISM and ultimately, the original movement has a goal of WORLD DOMINATION. CANADA THAT MEANS YOU! THEY are subversive.",oraclesoul.bsky.social,2025-11-20T03:04:02.924Z,at://did:plc:ctqcc77l3x2xanxwdt4hmtfz/app.bsky.feed.post/3m5zrtk2cjs2d,2025-11-20T03:12:03.707998+00:00
Very jealous of Canada. Wish we were invited to the adult table- not the bone sawing innocent bombing pedo table,hopelesscientist.bsky.social,2025-11-20T03:04:01.027Z,at://did:plc:6yqe5yzmck2iupbemw2y7rjj/app.bsky.feed.post/3m5zrtiagxs2s,2025-11-20T03:12:03.708000+00:00
"Your tireless efforts working for a stronger Canada and for all Canadians are valued and appreciated. Thank you.
💪🇨🇦❤️🇨🇦💪",trudl.bsky.social,2025-11-20T03:04:00.212Z,at://did:plc:zzubciwfufqbucgkojrpt2xa/app.bsky.feed.post/3m5zrthhk3s2p,2025-11-20T03:12:03.708002+00:00
"Huh.

www.cbc.ca/news/canada/...",jdnicoll.bsky.social,2025-11-20T03:03:43.308Z,at://did:plc:7mbo4m36vsxtvro37pizdxos/app.bsky.feed.post/3m5zrsxdobs2x,2025-11-20T03:12:03.708004+00:00
"oh right, Canada doesn't get #AEWCollision so the show is over :(",randomshane.bsky.social,2025-11-20T03:03:33.042Z,at://did:plc:bs3lsm2422zzwe24btxfkjcu/app.bsky.feed.post/3m5zrsnkfuk2d,2025-11-20T03:12:03.708006+00:00
"Since our oldest is in school in W Canada this yr, we would love to go and take this train from Van to Banff to see the NP there! www.rockymountaineer.com/train-routes.... Will it happen? 😂😜",naturetechfam.bsky.social,2025-11-20T03:02:27.884Z,at://did:plc:clo7rzqgg3j23oxfgapfdup5/app.bsky.feed.post/3m5zrqpfvzs2d,2025-11-20T03:12:03.708008+00:00
"Cox Bay Beach

#Canada",canada-cambot.bsky.social,2025-11-20T03:02:17Z,at://did:plc:kdmhcb4wmrqzqg6hn2ps55t4/app.bsky.feed.post/3m5zrpx2udz2r,2025-11-20T03:12:03.708010+00:00
"Exactly! I think an inside joke from an American-produced pop culture phenomenon is a proper subject for the U.S. to memorialize in coin form.
Canada always had the right idea with like beavers, caribou and loonies.
Bahamas even had a 1-cent coin with starfish on it. Come on!
Tired of these old men.",secretseashell.bsky.social,2025-11-20T03:02:02.781Z,at://did:plc:ouweldi5hjfffyqtjagwi5kl/app.bsky.feed.post/3m5zrpxhwcs2u,2025-11-20T03:12:03.708012+00:00
The Pod Save bros are currently promoting Jesse’s new series on antisemitism by reading paid ad text on Pod Save America written by Jesse that claims there is 9x as much antisemitism in Canada as there is in the USA.,markscrivens.bsky.social,2025-11-20T03:01:41.803Z,at://did:plc:glyff4jgfxzgs5hwq2wqfpu2/app.bsky.feed.post/3m5zrpdhn2k22,2025-11-20T03:12:03.708014+00:00
"""Sweden needs to pick its friends wisely, and we are choosing Canada. So, when we come to America, we come to Canada now."" — Ebba Busch, Swedish Deputy PM",dchakma.bsky.social,2025-11-20T03:01:03.662Z,at://did:plc:ml7felxmlu774jyndhmlcjk2/app.bsky.feed.post/3m5zro73oxk2s,2025-11-20T03:12:03.708016+00:00
"@melagoo.bsky.social  

In court Dec 2, in Burlington, Ontario, Canada with my lawyer Paul Lewin, facing charges over my doctor-supported #psilocybintea.

I’m nervous and asking for your support - in person or online. 

Patients shouldn’t be punished for their medicine.  

#TOGETHERWeWILL",alisonmyrden.bsky.social,2025-11-20T03:00:50.658Z,at://did:plc:qbw2qs43kiunc33wva36vis5/app.bsky.feed.post/3m5zrnsosrc2v,2025-11-20T03:12:03.708018+00:00
"On a lighter note, that dude who moved his family to Russia because Canada is too woke, just found out he needs to join the military in order to renew his visa 😂",fonzie-is-cool.bsky.social,2025-11-20T03:00:41.231Z,at://did:plc:cqwppfxg7eughl2hzzhvn2bd/app.bsky.feed.post/3m5zrnjp5os24,2025-11-20T03:12:03.708020+00:00
Hmm. So sore loser says Canada can't hire a solely Canadian owned security company when bids are open - Ok then,colleenmr.bsky.social,2025-11-20T03:00:20.381Z,at://did:plc:oya64aulumuj3apwfffocdyf/app.bsky.feed.post/3m5zrmvstf22n,2025-11-20T03:12:03.708024+00:00
"""Alberta's Ministry of Environment and Protected Areas appears to have sent only one delegate to the COP30 climate convention — a former lobbyist for Canada's largest oil and gas producers.""

""1,600 fossil fuel lobbyists are participating.""
#Alberta #Canada #Brazil #FossilFuels #Climate #Lobbying",harmscommitted.com,2025-11-20T03:00:14.188Z,at://did:plc:u3ozb6kj4tef6aw6jgdkgcvt/app.bsky.feed.post/3m5zrmqm55k2y,2025-11-20T03:12:03.708026+00:00
"« Pourquoi pas un Canada-Haïti à Montréal avant le Mondial? » - Patrice Bernier

#radiocanada #grandstitres ",newscastinate.bsky.social,2025-11-20T03:00:08.536725Z,at://did:plc:amnlrdxvpnfld3dzyluw73kq/app.bsky.feed.post/3m5zrmmzmv22d,2025-11-20T03:12:03.708028+00:00
"Why is he still here? 
Asks every Canadian. 

Do you remember a time Canada couldn’t stand the US Ambassador?

Me either!",kayiso64.bsky.social,2025-11-20T03:00:02.424Z,at://did:plc:kuzll4ihs76rrjpt2qdk7vcz/app.bsky.feed.post/3m5zrmeotas2t,2025-11-20T03:12:03.708030+00:00
Canada lost it's measles elimination status Nov10/25 -- thanks to all those anti-vax nutters during the pandemic - and our own inhouse Politicians sucking up to them.,biggfinn58.bsky.social,2025-11-20T02:59:16.657Z,at://did:plc:o5ns35mrpkhdwu5ppberxulw/app.bsky.feed.post/3m5zrkz27ts2o,2025-11-20T03:12:03.708032+00:00
"So what I did during the last Trump Administration is just start using health information websites from other countries, anyway, check out Health Canada 

Its not the CDC, they can't really do customer service for Americans but at least all their information is backed by science",alexanotherone.bsky.social,2025-11-20T02:59:16.348Z,at://did:plc:udnikfhc2eg2gc3rncipsks6/app.bsky.feed.post/3m5zrkyqp5s2w,2025-11-20T03:12:03.708034+00:00
Reminder that I'm still accepting donations to Movember Canada via my Mo Space here: movember.com/m/awesometra... I am also raising money through Twitch Charity starting Friday for it as well!,awesometrax.bsky.social,2025-11-20T02:59:06.049Z,at://did:plc:sm4mky2zqd4dyb37373meyfa/app.bsky.feed.post/3m5zrkowgjc2n,2025-11-20T03:12:03.708036+00:00
He can sell the f35s that Canada is canceling. Fuck him.,garyfarrell22.bsky.social,2025-11-20T02:58:45.673Z,at://did:plc:5ieb6d6qlue3xzonvrtolyhw/app.bsky.feed.post/3m5zrk3im3c2t,2025-11-20T03:12:03.708038+00:00
Could be... I just want Canada to get rid of the F-35s.   Canada should not buy any military equipment from a country that is actively trying to destroy it.,try-logic.bsky.social,2025-11-20T02:58:33.107Z,at://did:plc:gg5kff6gcpb34cxu34ezbd4e/app.bsky.feed.post/3m5zrjpj3mk2r,2025-11-20T03:12:03.708040+00:00
"At Issue this week: Prime Minister @mark-carney.bsky.social unveils the NEXT round of nation-building projects he says will transform #Canada ’s economy. As #PierrePoilievre tries to move past party struggles. And #FrançoisLegault’s fight with Quebec doctors. 🇨🇦 #Cdnpoli 
youtu.be/wBvb6UaQvrc?...",stacescases2.bsky.social,2025-11-20T02:58:30.781Z,at://did:plc:76e4qryfph6q4wmz3li6v2l6/app.bsky.feed.post/3m5zrjnc63k2o,2025-11-20T03:12:03.708041+00:00
"No joke, I know a Persian kid who moved to Canada from Iran around the election. He attended some prestigious Canadian University and he was a Bernie bro. Like he full on supported LGBTQ+. After years of being chronically online, in that cesspit Twitter. Now he's a racist Christian anti-trans MAGA.",cielxen.bsky.social,2025-11-20T02:58:10.317Z,at://did:plc:pjztgckogqzvdk5uki6v6ram/app.bsky.feed.post/3m5zrizrlr22o,2025-11-20T03:12:03.708043+00:00
american nationalists didn't ruin christianity. it's always been like this. thanks for coming to my ted talk,ifuckedyr.mom,2025-11-20T02:57:36.206Z,at://did:plc:cnjclvgldd2ps3o4gxpzsynp/app.bsky.feed.post/3m5zri7uwry2c,2025-11-20T03:12:03.708045+00:00
"About Pete ""Chucklehead"" Hoekstra and the history of American interference.  Talks about the rainbow railroad to help get LGBTQ Americans into Canada.
www.youtube.com/watch?v=smsg...",vaudree.bsky.social,2025-11-20T02:57:35.568Z,at://did:plc:i3ggvte5kpeuyqau4cgxhx4j/app.bsky.feed.post/3m5zrhyn6622p,2025-11-20T03:12:03.708047+00:00
"All of these bands were big in the 70's and 80's. Sadly most of them never got much airplay outside of Canada. Trooper was a fantastic party band. An incredible punk band out of Canada was Teenage Head. And yes, the Great Lake Swimmers are Canadian.",ronnieg63.bsky.social,2025-11-20T02:57:33.309Z,at://did:plc:dp6abz4lcdty4etew36ejlca/app.bsky.feed.post/3m5zrhwi7522l,2025-11-20T03:12:03.708049+00:00
"I'm not an expert, but I think these snow geese got separated from a larger flock and will join with the Canada geese for safety in numbers. I read that they feed together, but usually fly separately. We had a real mystery in our area with one American Pelican hanging around.",vickclicked.bsky.social,2025-11-20T02:57:14.945Z,at://did:plc:teul3q72li4vlwnwsecplc2v/app.bsky.feed.post/3m5zrhexrk225,2025-11-20T03:12:03.708051+00:00
"Interesting timing given that Prime Minister Mark Carney is in Abu Dhabi today to discuss new economic opportunities for Canada. 🇨🇦 

❤️🍁🇨🇦TEAM CANADA FOREVER🇨🇦🍁❤️
❤️🍁🇨🇦VIVE LE CANADA 🇨🇦🍁",teamcanadaforever.bsky.social,2025-11-20T02:56:52.490Z,at://did:plc:lar2o6mnnvln22w6kgnpifli/app.bsky.feed.post/3m5zrgpkoos26,2025-11-20T03:12:03.708053+00:00
"B.C.-incorporated crypto exchange Cryptomus appeals record $177M penalty

A cryptocurrency firm incorporated in British Columbia is appealing a penalty of almost $177 million issued by Canada's anti-money-laundering agency last month.

#cbc #cbc-canada-news #Canada ",scrubfire84.bsky.social,2025-11-20T02:56:41.231953+00:00,at://did:plc:bnk5d72upa2mfzwglo6ynbs3/app.bsky.feed.post/3m5zrgd3ovz2n,2025-11-20T03:12:03.708054+00:00
"Vancouver has my heart ❤️🌲

Been MIA because I’m having the most wonderful time in Canada… It fills my cup being able to wander from the skyscrapers into the forest in one afternoon.

Day off Pixie is always a happy Pixie x",pixiefern.bsky.social,2025-11-20T02:56:34.593426+00:00,at://did:plc:3omgrwzgknvkghpsb7sogxil/app.bsky.feed.post/3m5zrg6ju332q,2025-11-20T03:12:03.708056+00:00
"Manitoba 'stands with trans communities,' health minister says as Alta. shields bills on trans youth, pronouns



#cbc #cbc-top-stories #Canada ",scrubfire84.bsky.social,2025-11-20T02:56:29.459665+00:00,at://did:plc:bnk5d72upa2mfzwglo6ynbs3/app.bsky.feed.post/3m5zrfxu7dc2s,2025-11-20T03:12:03.708058+00:00
#Alberta #Canada #DanielleSmithIsUnFitToLead #ABpoli #Ableg,venilia13.bsky.social,2025-11-20T02:56:17.210Z,at://did:plc:4qz245vzimsqtch736gyva3m/app.bsky.feed.post/3m5zrfnvtpc2f,2025-11-20T03:12:03.708060+00:00
"Canada is all talk, no action. I am a disgusted Canadian.",wifejackson.bsky.social,2025-11-20T02:55:42.892Z,at://did:plc:3ar4x6qhrrgplhz7yforree7/app.bsky.feed.post/3m5zren6jzs2o,2025-11-20T03:12:03.708063+00:00
www.cbc.ca/news/canada/...,justice.im,2025-11-20T02:55:36.035Z,at://did:plc:4m5riciji4e3oi66g2iglgbu/app.bsky.feed.post/3m5zregnbqk26,2025-11-20T03:12:03.708064+00:00
frances meh warns pete hoekstra to 'seriously consider' sucking my ballsack,francesmeh.reviews,2025-11-20T02:55:07.456Z,at://did:plc:2hwwem55ce6djnk6bn62cstr/app.bsky.feed.post/3m5zrdlfzuc25,2025-11-20T03:12:03.708066+00:00
"In canada, I was taught to prune fruit trees in mid winter when the temps won't go above -10c for a week  to ensure no infections.

That'd be dormant, not sure about you ocean adjacent folks.

saw the weather reports over there though, yikes, you guys don't have our winter road maintenance tools.",robppm319.bsky.social,2025-11-20T02:54:58.962Z,at://did:plc:hzf2nulapi3qopmrojv7nxwo/app.bsky.feed.post/3m5zrddbwmk2o,2025-11-20T03:12:03.708068+00:00
"#TheFrontBench panel discusses #Alberta-Ottawa pipeline talks and what it means for #Alberta Premier #DanielleSmith. As an #Albertan I can only advise that #Smith is a poisonous snake taking her marching orders not from an interest in #Alberta, or #Canada, just for TRUMP! 🇨🇦 
youtu.be/JkcjltO8puE?...",stacescases2.bsky.social,2025-11-20T02:54:44.569Z,at://did:plc:76e4qryfph6q4wmz3li6v2l6/app.bsky.feed.post/3m5zrcvkoxc2o,2025-11-20T03:12:03.708070+00:00
www.cbc.ca/news/canada/...,existential122.bsky.social,2025-11-20T02:54:17.257Z,at://did:plc:woupl7dpc7bdku7a7e5rof5i/app.bsky.feed.post/3m5zrc3j73c2i,2025-11-20T03:12:03.708072+00:00
"Expel the US Jackassador back home.
🖕🖕
U.S. envoy warns Canada to ‘seriously consider’ avoiding anti-tariff ads  | Globalnews.ca globalnews.ca/news/1153333...",nancycrouse.bsky.social,2025-11-20T02:53:55.419Z,at://did:plc:dbx7v5xzs6todo5pcihorprg/app.bsky.feed.post/3m5zrbgozp22j,2025-11-20T03:12:03.708074+00:00
"""[G]rowing number of First Nations are alleging Ontario's Bill 5 legislation is unconstitutional.""

""[O]ngoing disrespect for Indigenous rights and treaty rights.""

""Canada and Ontario are failing in their duty to have meaningful dialogue with our communities.""
#Ontario #Canada #Climate #Mining",harmscommitted.com,2025-11-20T02:53:48.981Z,at://did:plc:u3ozb6kj4tef6aw6jgdkgcvt/app.bsky.feed.post/3m5zrbb6woc2y,2025-11-20T03:12:03.708076+00:00
Canada is on the side of fossil fuels.,wifejackson.bsky.social,2025-11-20T02:53:47.988Z,at://did:plc:3ar4x6qhrrgplhz7yforree7/app.bsky.feed.post/3m5zrb7lx3s2o,2025-11-20T03:12:03.708077+00:00
"🇨🇦 US Ambassador to Canada … is he the one that told Canada to be quiet about tariffs?
If yes, then Canada should deport him. 

Kick him out as unsuitable",sarcabs42.bsky.social,2025-11-20T02:53:38.894Z,at://did:plc:sd6qjsfbdlyzrqcm7mckyi2t/app.bsky.feed.post/3m5zrawwh7k2h,2025-11-20T03:12:03.708079+00:00
And some of these nations (US & Canada) are planning to increase fossil fuel production.,wifejackson.bsky.social,2025-11-20T02:53:11.002Z,at://did:plc:3ar4x6qhrrgplhz7yforree7/app.bsky.feed.post/3m5zra4d7xc2o,2025-11-20T03:12:03.708081+00:00
Why is this moron invited to speak in all these kinds of events? He needs to be declared persona no grata and kicked out of Canada. He was the same shit disturber when he was Ambassador to the Netherlands. His tenure was marked by several controversies and calls for his removal there.,xtremeleafan.bsky.social,2025-11-20T02:52:25.793Z,at://did:plc:zpglxro2w7jvtp7r7gepidxy/app.bsky.feed.post/3m5zr6r7ljc2i,2025-11-20T03:12:03.708083+00:00
"PFO there Petey, eh?
""What makes Hoekstra’s behaviour particularly troubling is not just his use of profane language, but the attitude it reflects..that he is speaking down to Canadians as though Canada is somehow a colonial outpost & he the imperial Proconsul""
www.policymagazine.ca/our-hoekstra...",jamesbicycle.bsky.social,2025-11-20T02:52:25.382Z,at://did:plc:zhjhcyr7bbhh5cmtsd7izyqb/app.bsky.feed.post/3m5zr6qt25k2e,2025-11-20T03:12:03.708085+00:00
"Garibaldi Park, Canada 
www.facebook.com/100075853076...",khaliqali.bsky.social,2025-11-20T02:51:52.172Z,at://did:plc:uvz2gmmwkztuen54is2l4h7e/app.bsky.feed.post/3m5zr5r5tcc2d,2025-11-20T03:12:03.708087+00:00
"EB Games Canada just released their Black Friday flyer.

Sales are never particularly on any 1st party game players would actually want but 2 Konami titles for Xbox are on my radar this year

Sad that it isn’t more of a discount 😕",onlytoonami.bsky.social,2025-11-20T02:51:41.476Z,at://did:plc:q3zw6sflmjhd356x3ywtuhqs/app.bsky.feed.post/3m5zr5gxork23,2025-11-20T03:12:03.708089+00:00
Yes and no. The Canadian government has tightened up on study permits as well. My child has been in Canada on a study permit for 3 and a half years as an undergrad and will be applying for a new one for grad school. It's a much different and more restrictive process this time around.,lizzy-nyc.bsky.social,2025-11-20T02:50:50.883Z,at://did:plc:tyxq7dwycsjsyvzrzm2ep6an/app.bsky.feed.post/3m5zr3wp5xs2l,2025-11-20T03:12:03.708090+00:00
'Murica = Canada,capncook.nl,2025-11-20T02:50:39.333Z,at://did:plc:7bl7qnpqw3e3llk4bzzvmyoa/app.bsky.feed.post/3m5zr3loooc2r,2025-11-20T03:12:03.708092+00:00
There will be a day he will apply for citizenship in Canada if his government really keeps messing up their own economy.  So he should be nice to us.  Would cost him nothing to smile once in a while.,graphenequeen.bsky.social,2025-11-20T02:50:38.469Z,at://did:plc:5m2ul42i6hbtaartoa3rc3nk/app.bsky.feed.post/3m5zr3kubx22l,2025-11-20T03:12:03.708094+00:00
"Pedestrian killed while walking dog marks Edmonton's 30th traffic fatality of 2025: police
https://www.cbc.ca/news/canada/edmonton/pedestrian-killed-while-walking-dog-marks-edmonton-s-30th-traffic-fatality-of-2025-police-9.6980935",dyckron.mstdn.ca.ap.brid.gy,2025-11-20T02:50:36.000Z,at://did:plc:la3n4ombjzgsm7kmio2juo6o/app.bsky.feed.post/3m5zr45ko4ob2,2025-11-20T03:12:03.708096+00:00
"
Bluesky's Top 10 Trending Words (past 10min):
💨x69 - okada
💨x2* - ukraine 🔓
💨x28 - pac
💨x23 - protokada
💨x21 - riho
💨x21 - briscoe
💨x20 - jas
💨x19 - pizzy
💨x19 - callis
💨x18 - takeshita
*🔓 = Unlocked Emergency Words (see img)

#йобанарусня 🇺🇦

(Something not right? Reply!)",nowbreezing.ntw.app,2025-11-20T02:50:34.888963+00:00,at://did:plc:mcb6n67plnrlx4lg35natk2b/app.bsky.feed.post/3m5zr3haque2x,2025-11-20T03:12:03.708098+00:00
"Noah Johnson from Vancouver, Canada is carrying a pizza box. While doing so, Emma Carter also accidentally flings a piece of food across the room as a waiter raises an eyebrow but keeps walking. Then, the dessert tray topples, and everyone joins in to help pick it up.",raspberi.bsky.social,2025-11-20T02:50:25.84404100Z,at://did:plc:cl2as54pbcu3nksugeqz5nf7/app.bsky.feed.post/3m5zr3dyzp72o,2025-11-20T03:12:03.708099+00:00
"#ThePowerPanel discusses U.S. Ambassador #PeteHoekstra 's comments that trade talks with the U.S. could resume but #Canada should 'seriously consider' whether 'targeting the president of the #UnitedStates is the best way to lower #tariffs. Another warning! 🇨🇦 #Cdnpoli #ABpoli
youtu.be/FiX6Bhv9OHk?...",stacescases2.bsky.social,2025-11-20T02:50:23.500Z,at://did:plc:76e4qryfph6q4wmz3li6v2l6/app.bsky.feed.post/3m5zr34lir22o,2025-11-20T03:12:03.708101+00:00
[126] Curaçao gehuldigd na WK-plaatsing,teletekstbot.bsky.social,2025-11-20T02:50:13Z,at://did:plc:6tva7ibr24b6qix575yuzkp2/app.bsky.feed.post/3m5zr2stk7n2y,2025-11-20T03:12:03.708103+00:00
"My only ask is that if Canada sends him back, don't send him through his adopted home of Michigan. We hate him too.

Release him in the Pacific Northwest, where he has a sporting chance with the bears.",lsaclassof2000.bsky.social,2025-11-20T02:50:02.722Z,at://did:plc:mxjbcbgtc7gitfrd2r7kejyo/app.bsky.feed.post/3m5zr2irerc2t,2025-11-20T03:12:03.708105+00:00
"There is not a single reported instance of a youth under the age of 18 receiving gender-affirming lower surgery in Canada. Yet, the Alberta government considers the issue of such public importance they pre-emptively suspended their own citizens' human rights. xtramagazine.com/power/politi...",itsryanclayton.substack.com,2025-11-20T02:49:39.714Z,at://did:plc:ythcczsryblgtvzqqijxav43/app.bsky.feed.post/3m5zqzstayk26,2025-11-20T03:12:03.708107+00:00
"Thank you to Tracy Crawford, Regional Manager for Western Canada of Mothers Against Drunk Driving, for meeting to discuss MADD's vital and longstanding work to combat impaired driving, support victims, and improve road safety in BC and across Canada.",ninakrieger.bsky.social,2025-11-20T02:49:27.272Z,at://did:plc:t3rpairyaewhqfji5omns6hd/app.bsky.feed.post/3m5zqzgxru32q,2025-11-20T03:12:03.708109+00:00
"In Canada, they get support for several years.",shawnalouise72.bsky.social,2025-11-20T02:49:23.897Z,at://did:plc:rsq3bu3hd3wyoe2eqj5mfhox/app.bsky.feed.post/3m5zqzdqlok2h,2025-11-20T03:12:03.708111+00:00
"Holy fuck yeah that's a really good deal 
That PS5 is cheaper in Canada than America",phoharr.bsky.social,2025-11-20T02:49:05.148Z,at://did:plc:jbe67uj6cqbop63fcqjg23eg/app.bsky.feed.post/3m5zqyrue5s2h,2025-11-20T03:12:03.708113+00:00
"Canada, Toronto, Ontario",ol1ivemoka.bsky.social,2025-11-20T02:48:53.688Z,at://did:plc:4gtofw5lrkvtxfpzljc5n36y/app.bsky.feed.post/3m5zqygwnq22r,2025-11-20T03:12:03.708114+00:00
"Obvious answer. It’s in Canada and doesn’t go here.  (This never gets old, for me anyway).",pooka1112.bsky.social,2025-11-20T02:48:42.489Z,at://did:plc:lzhfj5wlpt67b7yzmrsgbque/app.bsky.feed.post/3m5zqy4av7c2o,2025-11-20T03:12:03.708116+00:00
youtu.be/Gpq18gAVfRA?.... #Canada #Cdnpol,jessicaperthwa.bsky.social,2025-11-20T02:48:37.029Z,at://did:plc:q5qu5sjtn44e7mpyri2qyugv/app.bsky.feed.post/3m5zqxx2a722x,2025-11-20T03:12:03.708118+00:00
"Danielle’s failed privatization of lab services cost Alberta taxpayers $100 million (Dynalife).

Danielle buying useless Turkish Tylenol cost $80 million.

Danielle paying off coal companies cost $100+ million.

And so on.

Recall them all.

#Canada #Alberta #abpoli #ableg #cdnpoli #yyc #yeg",micropainter.bsky.social,2025-11-20T02:48:09.295Z,at://did:plc:ldvnqrqk3hghqcu5qj53uahf/app.bsky.feed.post/3m5zqx4lv6s2p,2025-11-20T03:12:03.708122+00:00
"I need help from all of you! I got put into a public vote for a fan-award on this instagram page. I hope you guys can help vote for me (Canada 🇨🇦)!

The link should take you to the instagram story where you can vote YES to me!

Thank youuuu

www.instagram.com/stories/page...",ncsaajan.bsky.social,2025-11-20T02:47:58.438Z,at://did:plc:7zkrai5cnxzt7ctod5akm2o4/app.bsky.feed.post/3m5zqwsaknk2w,2025-11-20T03:12:03.708124+00:00
Canada is the best neighbor anyone could ask for! ✌️✌️ Have a fantastic evening,decker2000.bsky.social,2025-11-20T02:47:41.812Z,at://did:plc:v542tw4bq6cirwgnl3npecxi/app.bsky.feed.post/3m5zqwcf6d22s,2025-11-20T03:12:03.708126+00:00
"Colborne Port in Ontario, Canada.

#Canada",canada-cambot.bsky.social,2025-11-20T02:46:34Z,at://did:plc:kdmhcb4wmrqzqg6hn2ps55t4/app.bsky.feed.post/3m5zqtugglb2l,2025-11-20T03:12:03.708128+00:00
"Governor General's Award-winning playwright Ian Ross, 57, 'left a lot of love behind': artistic director

Manitoba’s theatre community is mourning the sudden death of Ian Ross, an award-winning Métis-Ojibway playwright and storyteller who was a mains...

#cbc #cbc-canada-news #Canada ",scrubfire84.bsky.social,2025-11-20T02:46:27.102985+00:00,at://did:plc:bnk5d72upa2mfzwglo6ynbs3/app.bsky.feed.post/3m5zqtzfzpz25,2025-11-20T03:12:03.708130+00:00
#Sweden #Canada,vermelho18.bsky.social,2025-11-20T02:46:21.940Z,at://did:plc:adqmpbt3jthnkxbxkqgi7lyi/app.bsky.feed.post/3m5zqtw7od22t,2025-11-20T03:12:03.708132+00:00
"Gripen for Canada!

www.saab.com/markets/cana...

#Sweden
#Canada

🇨🇦🇸🇪🇨🇦🇸🇪🇨🇦🇸🇪🇨🇦🇸🇪🇨🇦🇸🇪",kamorant.bsky.social,2025-11-20T02:45:25.657Z,at://did:plc:eavrldiszxxb4fkrhmyfhy32/app.bsky.feed.post/3m5zqsajzi22p,2025-11-20T03:12:03.708134+00:00
[126] Curaçao onthaald na WK-plaatsing,teletekstbot.bsky.social,2025-11-20T02:45:16Z,at://did:plc:6tva7ibr24b6qix575yuzkp2/app.bsky.feed.post/3m5zqrxtkik2j,2025-11-20T03:12:03.708135+00:00
"@mark-carney.bsky.social Brings wealth and jobs to Canada.
#Bluesky #Politics #Resist #Democracy #Resistance #Canadasky #Canada #cdnpoli #Boycotts #America #𝓢𝓽𝓮𝓿𝓮𝓜𝓲𝓵𝓮𝓼𝓝𝓮𝓽 #neverthe51ststate #BoycottUsCars #MarkCarney #NeverVoteConservative #NeverPierrePoilievre
youtu.be/8_RR0qTlYcY?...",stevemilesnet.bsky.social,2025-11-20T02:44:50.155Z,at://did:plc:px2esgvbnl7ransisaced6wu/app.bsky.feed.post/3m5zqr6omjs2h,2025-11-20T03:12:03.708137+00:00
And we will work with them. Canada now knows that blind trust in the US as a friend and partner was a bad decision. Trust broken is not easily rebuilt.,inigomontoyota.bsky.social,2025-11-20T02:44:13.524Z,at://did:plc:ltnqspwvkcbhjacop7byhge5/app.bsky.feed.post/3m5zqq3qq3222,2025-11-20T03:12:03.708139+00:00
"Be sure to qualify that with “NORTH” America. And, welcome to Canada. 🇨🇦",sail2it.bsky.social,2025-11-20T02:44:09.797Z,at://did:plc:bex5biufqalw4d6ufhhanqnb/app.bsky.feed.post/3m5zqpy6xh22z,2025-11-20T03:12:03.708141+00:00
"Ava Martinez from Vancouver, Canada is carving a watermelon. While doing so, Benjamin Lee also gets sauce on their nose without noticing as a stranger offers to help clean up. Then, the restaurant gives them a free dessert for making everyone laugh.",raspberi.bsky.social,2025-11-20T02:43:52.45424900Z,at://did:plc:cl2as54pbcu3nksugeqz5nf7/app.bsky.feed.post/3m5zqpmu6li25,2025-11-20T03:12:03.708143+00:00
the family of the most vocal anti-benefits guy I grew up with (he's in a small minority of our classmates) grew up living in subsidized housing and more government benefits than any of the rest of us. He moved to Canada and rants about US socialism while taking advantage of their medical system.,gregburton.bsky.social,2025-11-21T03:12:02.988Z,at://did:plc:o44g3xneaa377jivwf5n5p36/app.bsky.feed.post/3m64cqrdiyc22,2025-11-21T03:12:58.272051+00:00
"Several possible injuries in grizzly bear attack reported in Bella Coola, RCMP say students may be involved 

Nuxalt Nation says it's devastated and is supporting those affected by the bear incident 
___________________

· CBC News ·

www.cbc.ca/news/canada/...",poohbear1985.bsky.social,2025-11-21T03:11:56.895Z,at://did:plc:o32lowdds5ugiv77gi6fsev6/app.bsky.feed.post/3m64cqljks22u,2025-11-21T03:12:58.272069+00:00
"🩸📚💙Sci-Fi Horror!📚🪐

💀Killer Compost
books2read.com/b/47AA5E

🐿️SQUIRRELS
books2read.com/b/mvwBol

🪱Attack of the Mutant Space Maggots
books2read.com/b/3yyrrV

🛸Giant Shrews from Outer Space
books2read.com/b/3LMvdJ

#horror #sciencefiction #humor #scifi #readingcommunity #readersky #canada #books",sylvia-rose-books.bsky.social,2025-11-21T03:11:50.345Z,at://did:plc:j5kweeqaeeg6eb53ikzch5ha/app.bsky.feed.post/3m64cqfbndc2h,2025-11-21T03:12:58.272072+00:00
"a copy of my book is up for auction at the annual holiday fundraiser organized by BC Studies, running until nov 26th. i suspect that this might be for a hardback, because that's all that's left. great cause, great deal, and great shipping rate (within canada):
www.32auctions.com/organization...",benbradleyca.bsky.social,2025-11-21T03:10:39.853Z,at://did:plc:6bs6sm5ct2zdapjccu2l5wmu/app.bsky.feed.post/3m64coc2fic2c,2025-11-21T03:12:58.272075+00:00
Looks like they’re going back to season 1 style judging on Canada,nadiaoh.bsky.social,2025-11-21T03:09:44.250Z,at://did:plc:wjmszuggl74i6b6ochbynkj3/app.bsky.feed.post/3m64cmmzkns2j,2025-11-21T03:12:58.272077+00:00
"The strain, called subclade K, has caused a rise in flu cases in the United Kingdom, Canada and Japan. And now signs suggest it is beginning to take hold across the United States as flu activity is  rapidly rising.
www.upi.com/Health_News/...",drianweissman.bsky.social,2025-11-21T03:09:15.987Z,at://did:plc:4mtxbwb2bss5s7awrh3m6dug/app.bsky.feed.post/3m64cls2z3s2j,2025-11-21T03:12:58.272080+00:00
"Tired: Chocolate sampler boxes

Wired: Respirator sampler packs

https://shop.evidencebased.ca/collections/mask-sampler-packs

https://canadastrongmasks.com/collections/other-items-from-canada-strong

https://www.armbrustusa.com/products/armbrust-mask-sampler-kit",covidsafescouts.zeroes.ca.ap.brid.gy,2025-11-21T03:09:15.000Z,at://did:plc:e5vzsqaadjdxfwe23gpi2z2o/app.bsky.feed.post/3m64clykletl2,2025-11-21T03:12:58.272081+00:00
this guy's name is John Canada? wtf,noralenderbe.bsky.social,2025-11-21T03:09:13.472Z,at://did:plc:qwilfvaoyxpfnhhce6iltwjz/app.bsky.feed.post/3m64clpobzc2p,2025-11-21T03:12:58.272083+00:00
"Wow, China continues to love my blog. Over 5000 hits from the Middle Kingdom today.",patman.bsky.social,2025-11-21T03:08:33.413Z,at://did:plc:3llrsfo4jwaw6sxdugl4nokg/app.bsky.feed.post/3m64ckjidi22l,2025-11-21T03:12:58.272085+00:00
Im very conflicted about this. Most people in BC support having Canada able to get its resources to market but at the same time... There's genuine Indigenous concerns that are 💯 valid. There are genuine safety concerns for protecting our Coast. I honestly dont know where the best path for us lies ..,tommyboy66.bsky.social,2025-11-21T03:08:24.042Z,at://did:plc:bdgxp3syepkgseuyyj6jwunm/app.bsky.feed.post/3m64ckajuic2f,2025-11-21T03:12:58.272087+00:00
Thank you. That means more than you know. What she said is just the truth basic fairness and the rules the world is supposed to stand on. And having Canada stand with Ukraine gives us strength. 🇨🇦🇺🇦 We’re fighting to protect those same principles every single day.,karinapure.bsky.social,2025-11-21T03:08:15.513Z,at://did:plc:tfahak2ozaqnyrxvcuu2hoqt/app.bsky.feed.post/3m64cjyfhi22d,2025-11-21T03:12:58.272092+00:00
It was i think 77$ in Canada last year 💀😭,kittenkatsangel.swifties.social,2025-11-21T03:08:14.073Z,at://did:plc:dfgbvst2o7hhcump6thjgrc7/app.bsky.feed.post/3m64cjwzl6k2w,2025-11-21T03:12:58.272094+00:00
www.cbc.ca/news/canada/...,rebelgeo.bsky.social,2025-11-21T03:07:53.368Z,at://did:plc:d7y5wcrgflmpdzxtpinxhiza/app.bsky.feed.post/3m64cjdboi225,2025-11-21T03:12:58.272096+00:00
"The #power of #bullies

Reside in their #followers

Who benefit from selective

#Protection until their

#Usefulness has run its course.

Safe happy waves from Canada",donbusking.bsky.social,2025-11-21T03:07:52.646Z,at://did:plc:ee22gjim26b2gzgcjzy4yu7j/app.bsky.feed.post/3m64cjcn77c2o,2025-11-21T03:12:58.272097+00:00
Whitehorse residents baffled by 'annoying hum' that no one seems able to explain www.cbc.ca/news/canada/...,uncoverthenews.bsky.social,2025-11-21T03:07:03.057Z,at://did:plc:6cri3nbgdxvfuwdgav73lbce/app.bsky.feed.post/3m64chtcbo22o,2025-11-21T03:12:58.272099+00:00
Context www.cbc.ca/news/canada/...,dryad.technology,2025-11-21T03:06:56.186Z,at://did:plc:2aebn3xk5t63net43eeepire/app.bsky.feed.post/3m64chmqmok2i,2025-11-21T03:12:58.272101+00:00
"What power is more potent than holding the very lives of living people in your hands?
Causing suffering and being the only person able to provide relief?

That guy has such a hard on for a winnable war that it’s a wonder he has any blood pressure left.

Greenland ❌
Canada ❌
Nigeria ✅
Venezuela ✅",cleareye2795.bsky.social,2025-11-21T03:06:50.625Z,at://did:plc:gz5ngl7koxnvo5qtongetqub/app.bsky.feed.post/3m64chhgvzc2g,2025-11-21T03:12:58.272103+00:00
"Trump's bombed small boats off the coasts of Northern South America. He states, with not a shred of evidence provided, that they are drug smugglers. No trials; no court hearings; no proof presented. In doing so he has killed over 80 people. What would he do if Canada did the same to US boats?",mdpb53.bsky.social,2025-11-21T03:06:50.111Z,at://did:plc:we3b7ra7lmsudslyagahqsc2/app.bsky.feed.post/3m64chgx73k2m,2025-11-21T03:12:58.272105+00:00
"Wow, that means Canada has a higher GDP than the US."" However, LOL",myarticles.bsky.social,2025-11-21T03:05:29.879Z,at://did:plc:ed6b3ns5nd2udu5nofaswx55/app.bsky.feed.post/3m64cf2gqis2j,2025-11-21T03:12:58.272107+00:00
I had a 2013 B250 for 10 years. Only reason I don't still have it is I traded it in on a 2022 A250 before they disappeared after being discontinued in Canada. Pains me to see that there is a plug-in hybrid A250 available in Europe,pbreland.bsky.social,2025-11-21T03:04:57.188Z,at://did:plc:4ywgyv3wsldzfldp4bwf6gaj/app.bsky.feed.post/3m64ce3b3p22o,2025-11-21T03:12:58.272108+00:00
"Ummm, think they can ship to Canada? >_>",bmse.bsky.social,2025-11-21T03:04:27.883Z,at://did:plc:u7ygvgdpr52z2rsq5sovcxe6/app.bsky.feed.post/3m64cd7cuhk22,2025-11-21T03:12:58.272110+00:00
good on you two hope Canada is treating you well,electro740.bsky.social,2025-11-21T03:04:25.191Z,at://did:plc:e36k2oea62ez7esgkb6nrdwf/app.bsky.feed.post/3m64cd4qlnk2g,2025-11-21T03:12:58.272112+00:00
"Parental Alienation in Canada: What It Is, Legal Consequences, and How to Protect Your Rights

WEIGHT LOSS -DIET-FOOD HABITS AND EXCERCISE  Parental Alienation as a Form of Abuse Legal and psychological professionals agree that children need healthy relationships with both parents. Parental…",findsuperdeals.bsky.social,2025-11-21T03:04:03Z,at://did:plc:n64pvhrqrtj4tmyinzfw4vkl/app.bsky.feed.post/3m64ccivpmb2u,2025-11-21T03:12:58.272114+00:00
"Indigenous Retailer Aaniin Returns to CF Toronto Eaton Centre. Read the full story:👇️


#RetailNews #Canada #BusinessInsights
retail-insider.com/retail-insid...",retailinsider.bsky.social,2025-11-21T03:04:03Z,at://did:plc:tga4vspjwratvffwbbs5ig7u/app.bsky.feed.post/3m64ccn4hms26,2025-11-21T03:12:58.272116+00:00
Let them go. Just take there share of debt with them. Be a whole lot cheaper for the rest of Canada.,sinput.bsky.social,2025-11-21T03:03:49.788Z,at://did:plc:tjpiord6flu6oiuuso3gwkha/app.bsky.feed.post/3m64cc2y7f227,2025-11-21T03:12:58.272117+00:00
"Cruz is considered a ""natural born American"", it's been legally confirmed. He's an US citizen by birth, since his mother was American, even if born in Canada. He renounced his Canadian citizenship to show that he's 100% American. ""Born in US"" isn't a thing... even if it was for Obama. 🤷",francaqc.bsky.social,2025-11-21T03:03:28.945Z,at://did:plc:zact4amnswzw4tkeb4zkzakc/app.bsky.feed.post/3m64cbh43w22t,2025-11-21T03:12:58.272119+00:00
"I hate to ask, but is it humanity that is unsure or just Canada?",andrewmfreynolds.bsky.social,2025-11-21T03:03:12.525Z,at://did:plc:drwwatger3ogx5byswod6v6c/app.bsky.feed.post/3m64caxgyr22s,2025-11-21T03:12:58.272121+00:00
"Several people may be injured in reported grizzly attack on B.C.'s Central Coast, officials say

Several people may have been injured in a grizzly bear attack in Bella Coola, on B.C.’s central coast according to the Conservation Officer Service (BCCO...

#cbc #cbc-top-stories #Canada ",scrubfire84.bsky.social,2025-11-21T03:02:56.055136+00:00,at://did:plc:bnk5d72upa2mfzwglo6ynbs3/app.bsky.feed.post/3m64caf7bsz2e,2025-11-21T03:12:58.272123+00:00
"Canada Bound Truck Inspection Fort Erie, ON

#Canada",canada-cambot.bsky.social,2025-11-21T03:02:05Z,at://did:plc:kdmhcb4wmrqzqg6hn2ps55t4/app.bsky.feed.post/3m64c66lrsv2p,2025-11-21T03:12:58.272125+00:00
Canada. No espn. Cheering for an American team in Canada is expensive or complicated AF haha,thedverity.bsky.social,2025-11-21T03:01:56.407Z,at://did:plc:awggatjecpw346lwxof757xt/app.bsky.feed.post/3m64c6ou3qs2b,2025-11-21T03:12:58.272127+00:00
Venezuela & Nigeria and possibly Canada oh Iran maybe even more.,clorindawelling.bsky.social,2025-11-21T03:01:44.906Z,at://did:plc:s7y6tsavxiziceucgi5lpgtv/app.bsky.feed.post/3m64c6dv4ck2e,2025-11-21T03:12:58.272128+00:00
I see they have added tax payer funded buildings to the flag ban list. #RecallThemAll,ab-garden-girl.bsky.social,2025-11-21T03:01:42.402Z,at://did:plc:vxxzmwdqp5a5n5hxjjrtasam/app.bsky.feed.post/3m64c6biqx22b,2025-11-21T03:12:58.272130+00:00
Bell Canada cuts almost 700 jobs as part of plan to deliver ‘sustainable growth’,ctvnewswinnipeg.bsky.social,2025-11-21T03:01:06Z,at://did:plc:ntt4ddjj5y5iqlkuqi6vatk3/app.bsky.feed.post/3m64c573z662h,2025-11-21T03:12:58.272132+00:00
"Quiet Piggy.

#USpoli
#Canada

(MacKinnon/Halifax Chronicle)",sorry-iamcanadian.bsky.social,2025-11-21T03:01:03.981Z,at://did:plc:4zhs7rbmbrjyblozh3zqt7is/app.bsky.feed.post/3m64c54uux22q,2025-11-21T03:12:58.272134+00:00
"🌤️ MONTREAL (Canada):
- 6-day forecast
- Updated 21.11.2025 - 00:22 UTC
- Source: open-meteo.com / Météo-France",forecasts.bsky.social,2025-11-21T03:00:49.267995+00:00,at://did:plc:7fzhuspbuipx55zufutkblbc/app.bsky.feed.post/3m64c5cchyw2l,2025-11-21T03:12:58.272136+00:00
"If the U.S. and Canada ever hope to make a lasting impact in combating climate change, they must first recognize and prioritize their relationship with Indigenous peoples.

There is a way forward. But it will require the U.S. and Canada to loosen their grip over the earth.

buff.ly/67YOTSq",magiccanoe.bsky.social,2025-11-21T03:00:25.746Z,at://did:plc:jmsjlfgb5vpb2eabfcpuprlp/app.bsky.feed.post/3m64c3ygdli2s,2025-11-21T03:12:58.272138+00:00
"Canada considered arming Coast Guard as NATO pressure grows www.nationalobserver.com/2025/08/18/n...

Yes please, government!",spiderqueennorth.bsky.social,2025-11-21T03:00:20.982Z,at://did:plc:s574rkoinwfv2ea37ufh4nk3/app.bsky.feed.post/3m64c3ttwcc2y,2025-11-21T03:12:58.272140+00:00
,scottwhitegloves.bsky.social,2025-11-21T02:59:38.601Z,at://did:plc:dgdh7wqfbwymqmzrwzmzge56/app.bsky.feed.post/3m64c2lhktc2z,2025-11-21T03:12:58.272142+00:00
Certainly wouldn’t want any nurses from Canada or Mexico…,dbeecher.bsky.social,2025-11-21T02:59:37.457Z,at://did:plc:byaussf56ctvlce4iykj4pun/app.bsky.feed.post/3m64c2kdpek2s,2025-11-21T03:12:58.272143+00:00
"Oh Canada, you cannot imagine how humiliated we are by this admin. Where they found all these losers is incredulous to me. They've cleaned out Fox News so are they trolling bad businessmen now? I don't know but sorry!",ferretslave.bsky.social,2025-11-21T02:59:36.476Z,at://did:plc:vr5pk5j3z2s2rctbbbsol3r7/app.bsky.feed.post/3m64c2jfpfs26,2025-11-21T03:12:58.272145+00:00
I’m going to assume this is an issue exclusive to Canada.,fungalinflection.bsky.social,2025-11-21T02:58:03.000Z,at://did:plc:3ksgevtzheg2vhvvsx2djcvo/app.bsky.feed.post/3m64bxqb3a22y,2025-11-21T03:12:58.272147+00:00
"MLW claims the Opera Cup has a 140 year history. Wikipedia will only go as far as the claimed Stu Hart win in 1948 that MLW put in its 2019 press releases. However, as you can see there's no evidence this happened and the location is just ""Canada"" with no venue or runner up.",mongoebooks.bsky.social,2025-11-21T02:57:31.041Z,at://did:plc:qydv26rqe7ch3qdk3ysrdpsh/app.bsky.feed.post/3m64bwrrsak27,2025-11-21T03:12:58.272149+00:00
Maybe ATL Canada might be the new renewable power province.,missgiven.bsky.social,2025-11-21T02:57:13.121Z,at://did:plc:t73nbjsb6engmjg6kuym2vtb/app.bsky.feed.post/3m64bwaouc22t,2025-11-21T03:12:58.272150+00:00
"Sorry, Canada’s project Runway first episode-denim. Is Canada just that much better at denim than US or am I cray? Team Canada’s designs are amazing, like stunning. US-mediocre at best on last season. Like, could they even compare? #ProjectRunway, #ProjectRunwayCanada, #Canadiantuxedo",kasiako.bsky.social,2025-11-21T02:57:07.047Z,at://did:plc:vb4atiat62t7tsktdtckjtnr/app.bsky.feed.post/3m64bw2vink2w,2025-11-21T03:12:58.272152+00:00
"Just in case you were all wondering
Yeah she really did get thrown out for calling him corrupt www.cbc.ca/news/canada/...

I still like the satirical headline from the Beaverton better 😂",linabee.bsky.social,2025-11-21T02:56:15.371Z,at://did:plc:mjihkm463bp6gdgzvhum6n37/app.bsky.feed.post/3m64bujmirs2v,2025-11-21T03:12:58.272154+00:00
"Toronto Nightlife experience Downtown Canada 🇨🇦
#Toronto #nightlife #Christmas #nightclub #dating #girls #canada #youtube #fun 
youtu.be/lqYOIDMlOu0?...",athircanada.bsky.social,2025-11-21T02:56:12.678Z,at://did:plc:dixlgjeh3cctialy32tyrwdg/app.bsky.feed.post/3m64buh2cvk2v,2025-11-21T03:12:58.272156+00:00
I wish we had a single politician in all of Canada who spoke as frankly as @crockett.house.gov.,lalegault.bsky.social,2025-11-21T02:56:10.521Z,at://did:plc:mwagtmvsxuqlgte5iqk3fndm/app.bsky.feed.post/3m64bueyihc2k,2025-11-21T03:12:58.272157+00:00
Sorry for going off on a tangent. Trump is really getting us into a hornet's nest threatening to bomb Mexico. I feel the same way about Canada his threats towards them. I really don't think he understands threatening Mexico.,lizpleblanc.bsky.social,2025-11-21T02:55:29.413Z,at://did:plc:5koztbs7g5ayi5ao4p7l6oit/app.bsky.feed.post/3m64bt5rwx223,2025-11-21T03:12:58.272159+00:00
I don't know why this POS is still in Canada. Deport his ass.,wittman98.bsky.social,2025-11-21T02:54:47.920Z,at://did:plc:ktzybo64ez5rliu4nm5x525n/app.bsky.feed.post/3m64brw7ogs2b,2025-11-21T03:12:58.272161+00:00
"here in Canada especially in Quebec, we have a wonderful recipe for something called tourtiere, or pigeon pie.
Since the passenger pigeons have gone extinct, we make this wonderful savoury pie with minced beef and pork.
Those of us who grew up eating the stuff, worship it.",ottawaensis.bsky.social,2025-11-21T02:54:24.288Z,at://did:plc:3qpei3qtvlpyusd355wslikj/app.bsky.feed.post/3m64br7ojc22c,2025-11-21T03:12:58.272162+00:00
Yep,seriouscynic.bsky.social,2025-11-21T02:54:07.438Z,at://did:plc:hvgqvshetasrr3hxljdyizra/app.bsky.feed.post/3m64bqpmc7k2d,2025-11-21T03:12:58.272164+00:00
"I don’t care about Hoekstra’s opinion of Canada, or anything else. Why would any Canadian? Or indeed any American?  Who is that guy?",salinger.bsky.social,2025-11-21T02:54:03.761Z,at://did:plc:zaxwtxkmh3i7esad3wemg64l/app.bsky.feed.post/3m64bqm42g224,2025-11-21T03:12:58.272166+00:00
"Canada is more strict than the U.S. about driving rules like turning right at red lights, smoking in your car, coasting in neutral, drinking, and idling.",jalopnik.bsky.social,2025-11-21T02:53:56.791Z,at://did:plc:jkx2jmb32wbdan4plaltva62/app.bsky.feed.post/3m64bqfmpve2w,2025-11-21T03:12:58.272167+00:00
Je suis pour acheter une paire de gants de cuir pour ma belle-mère à la boutique Dents (UK). La boutique livre au Canada -- mais pas au Québec. POURQUOI. 😡,jacquesge.bsky.social,2025-11-21T02:53:49.124Z,at://did:plc:2v6y5dz7j5zop7rihtq42j2k/app.bsky.feed.post/3m64bq65ehs2d,2025-11-21T03:12:58.272169+00:00
"Trump's plan to end Ukraine war would cede territory to Russia

U.S. President Donald Trump's plan for ending the war in Ukraine would cede land to Russia and limit the size of Kyiv's military, according to a draft obtained Thursday by The Associated...

#cbc #cbc-top-stories #Canada ",scrubfire84.bsky.social,2025-11-21T02:52:53.658202+00:00,at://did:plc:bnk5d72upa2mfzwglo6ynbs3/app.bsky.feed.post/3m64bogpmad2i,2025-11-21T03:12:58.272171+00:00
This speech is haunting. Part poetry and part journalism. The most damning summation of life in Canada right now.,corviddone.bsky.social,2025-11-21T02:50:30.881Z,at://did:plc:jgob6qutgb7un4a47v4wq553/app.bsky.feed.post/3m64bkb3irc2k,2025-11-21T03:12:58.272173+00:00
Canada must prioritize human life in Sudan over the pursuit of blood money in the United Arab Emirates (U.A.E.) and exert pressure on the U.A.E. to stop aiding and abetting war crimes in Sudan.  share.nwmd.social/s/o2aV9gLk,mirmosa.bsky.social,2025-11-21T02:50:21.590Z,at://did:plc:6mq7o5mjpftlhefq2rivi5fy/app.bsky.feed.post/3m64bjy7xjk2g,2025-11-21T03:12:58.272174+00:00
"""Proposed law declares that Canada doesn't exist as a country""

Hmm... If I declare my city doesn't exist, do I get to stop paying property taxes?",joanincanada.bsky.social,2025-11-21T02:50:16.611Z,at://did:plc:ms5oj5o3ln7irjpuuwulk7tr/app.bsky.feed.post/3m64bjthyak22,2025-11-21T03:12:58.272176+00:00
"Westjet shifting capacity from nine suspended U.S. routes to launch major new service to destinations like Medellín, Madrid, Copenhagen, cementing Canada as a true transatlantic gateway.
Canadian consumer spending actively choosing stable global markets over the increasingly volatile American one.",colleenchanel.bsky.social,2025-11-21T02:50:14.307Z,at://did:plc:lnrfjmn464aaljacqvzoa2wl/app.bsky.feed.post/3m64bjrbr6c2m,2025-11-21T03:12:58.272178+00:00
"This is a more academic talk by the former United Church of Canada moderator Carmen Lansdowne, on the launch of the book ""Wearing a Broken Indigene Heart on the Sleeve of Christian Mission""
www.facebook.com/CarmenLansdo...",xau.bsky.social,2025-11-21T02:50:06.887Z,at://did:plc:khwlx35vghdp4fjmvzbc7rfy/app.bsky.feed.post/3m64bjk7b4s2m,2025-11-21T03:12:58.272179+00:00
that's how it's spelled in Canada,charloh.online,2025-11-21T02:49:57.155Z,at://did:plc:dbdk7mgiyux6ow6ysbbwucy4/app.bsky.feed.post/3m64bjawb7s2f,2025-11-21T03:12:58.272181+00:00
oh yeah I know it's gonna international at some point x3 It's just refreshing to see a Canada only launch rather than a USA only launch x3,kiddoscar.bsky.social,2025-11-21T02:49:40.041Z,at://did:plc:ylmjg3vwym2n752aga2uf4jp/app.bsky.feed.post/3m64biqlxe22z,2025-11-21T03:12:58.272185+00:00
"Getting into a new health region's system is:

Calling 10 people over the course of a day to find out who has the permission to give you your specially-administered monthly meds tomorrow, even though they knew I would need this treatment (happening tomorrow) a month ago

#canada #ontario #healthcare",linabee.bsky.social,2025-11-21T02:49:09.920Z,at://did:plc:mjihkm463bp6gdgzvhum6n37/app.bsky.feed.post/3m64bhturc22v,2025-11-21T03:12:58.272187+00:00
"ones that sticks to mind is the Canada and the Thai one) she watched those too. Ellen just devoured the series, and she even attended premier parties and events for it (yup it was that big that we would go to ones that were done in town). I’ll write about that series tomorrow as it was the one that",thel0st1.bsky.social,2025-11-21T02:48:41.774Z,at://did:plc:tp6wppntbvql7nihslkp22oe/app.bsky.feed.post/3m64bgyzryc2k,2025-11-21T03:12:58.272188+00:00
Canada is just the United States with a better PR team. Have you talked to any disabled people about the government and how they feel they're being treated?,theaverageohtaku.bsky.social,2025-11-21T02:48:16.940Z,at://did:plc:scjpbnfwoyroi3lxqp4mkuwa/app.bsky.feed.post/3m64bgbdvzs2i,2025-11-21T03:12:58.272190+00:00
Team Canada should tell Monty he's not making the team.,therealnic.bsky.social,2025-11-21T02:48:16.009Z,at://did:plc:kxc3g2czib5uicnhzuzy4l4b/app.bsky.feed.post/3m64bgahiu22l,2025-11-21T03:12:58.272192+00:00
"Just finished “American Nations” by Colin Woodard. We have been deeply divided since colonial days. Colonial people (now Canada, US, Mexico) had distinct cultures & viewed each other as competitors/enemies (but sometimes allies). Those differences have been transmitted through generations to today.",pmcv2.bsky.social,2025-11-21T02:48:13.306Z,at://did:plc:6dgohsmia6j32vqcn2n4hsnp/app.bsky.feed.post/3m64bg5vazc2x,2025-11-21T03:12:58.272193+00:00
"Europe, Canada, Australia, New Zealand, Japan, South Korea, Asia need to understand that Donald Trump, JD Vance & MAGA are only loyal to Israel and Russia.

The USA need to be kick out of G7, G20, Interpol, Quad, AUKUS, the Five Eyes, FIFA, the Olympics & etc.

The USA and Israel need to be boycott.",milosmith244.bsky.social,2025-11-21T02:47:50.765Z,at://did:plc:mttelstlzplg7iqhus6nyrkj/app.bsky.feed.post/3m64bfif4j22m,2025-11-21T03:12:58.272195+00:00
"Saguenay bay in QuA(c)bec.

#Canada",canada-cambot.bsky.social,2025-11-21T02:47:01Z,at://did:plc:kdmhcb4wmrqzqg6hn2ps55t4/app.bsky.feed.post/3m64bdbythr26,2025-11-21T03:12:58.272197+00:00
Drag Race Canada 6 has landed.,amatorah.bsky.social,2025-11-21T02:46:40.817Z,at://did:plc:h6trqa2hnx7jfdqtcrrzml7y/app.bsky.feed.post/3m64bdfohw22z,2025-11-21T03:12:58.272199+00:00
"We won’t apologize for being optimistic! Budget 2025 drives innovation and advances bold projects that will position Canada as a global leader in sustainability and future-focused growth.

Watch!

#NationBuilding #FutureForEveryone #BIA #Budget2025 #CanadaStrong",turnbullwhitby.bsky.social,2025-11-21T02:46:32.016Z,at://did:plc:ralxrfpmgdxc7hmnvujfzjqy/app.bsky.feed.post/3m64bd5bv6s2s,2025-11-21T03:12:58.272200+00:00
What an embarrassment THIS arrogant idiot. Canada HATES you.U.S. Ambassador to Canada Channels Harsh Trump Tone www.nytimes.com/2025/11/20/w...,homeagain.bsky.social,2025-11-21T02:45:45.156Z,at://did:plc:w5q2rhdluk4cjcur7f6sgi6t/app.bsky.feed.post/3m64bbqluh224,2025-11-21T03:12:58.272202+00:00
The FIFA gravy train rolls into Canada.,pcryan.ca,2025-11-21T02:45:43.373Z,at://did:plc:z72umqbsvphro3zn6pef4yrb/app.bsky.feed.post/3m64bbovgb22h,2025-11-21T03:12:58.272204+00:00
"This should result in Mexico, US and Canada becoming one country —  North America. It's already a market. Make it official.",decapitalize.bsky.social,2025-11-21T02:45:39.271Z,at://did:plc:yl6y5g76j7aowemc4h2jexu3/app.bsky.feed.post/3m64bbkyafk2s,2025-11-21T03:12:58.272205+00:00
"It's not a ""plan,"" it's a call for capitulation to a vile Russian regime so loved by Trump. Suddenly, Ukraine is totally exposed, and I'm not sure Europe and Canada can go it alone in their support of freedom.",berkeslaw.bsky.social,2025-11-21T02:44:56.196Z,at://did:plc:pfldp2s5sfxlizomuw7ilzv3/app.bsky.feed.post/3m64babvoxs2g,2025-11-21T03:12:58.272207+00:00
"The craziest part is canada had 400 operational jets at one time, and up until the 90s had no less than 200.

The decade of darkness is still hurting the caf to this day and its wild to me as someone born on the 90s to realize the many myths about the caf I've been taught.",shuffles416.bsky.social,2025-11-21T02:44:43.367Z,at://did:plc:u2bzhw6lzxq74gh232yjrzb2/app.bsky.feed.post/3m64b7voam22j,2025-11-21T03:12:58.272209+00:00
"10 Daily Habits of Highly Successful People: Daily Routine for Peak Success

📝 INTRODUCTION The journey toward success begins with small, repeated actions. The 10 Daily Habits of Highly Successful People highlight how consistent routines shape extraordinary results. People in the USA, Canada, the…",urswapan.bsky.social,2025-11-21T02:44:29Z,at://did:plc:jtipaqs3ywqyopccjdbdu3zv/app.bsky.feed.post/3m64b7io4qt22,2025-11-21T03:12:58.272210+00:00
"Looking at Canada is so refreshing Presidential and Human as head of state

We can get one like that in the US",techstoic.bsky.social,2025-11-21T02:44:23.257Z,at://did:plc:7jsedi652byyxyt5fsplv5do/app.bsky.feed.post/3m64b7ciixc26,2025-11-21T03:12:58.272212+00:00
"The cleanest solution is prob American states requesting international aid and/or joining the Canadian government.

Internationally, Canada could invoke R2P (responsibility to protect). Joining Canada is less likely bc it’s time-consuming and prob depends on the nature + severity of the crisis.",its-ya-boi-a-aron.bsky.social,2025-11-21T02:44:22.609Z,at://did:plc:q6uk3iqccvmkt67migrfvkrk/app.bsky.feed.post/3m64b7bur4k2n,2025-11-21T03:12:58.272214+00:00
"Amandooo elas, costumo não curtir muito o Canadá em geral, mas fui com a cara desse cast",pieitchi.bsky.social,2025-11-21T02:43:53.156Z,at://did:plc:tcqzco7atb36oy2mow4jh6jx/app.bsky.feed.post/3m64b6frwgc2v,2025-11-21T03:12:58.272216+00:00
"And another thing… it’s obvious that if France, Australia and Canada each sent 10,000 troops to Ukraine tomorrow to help defend civilian infrastructure and train Ukrainians, literally nothing would happen, no nukes, no escalation… just the acceleration of Putin’s demise. DO IT!!!",leoniechapman.bsky.social,2025-11-21T02:43:40.864Z,at://did:plc:qt7e6jeymfsqdkvsdjcrmg65/app.bsky.feed.post/3m64b6233ck2x,2025-11-21T03:12:58.272218+00:00
"L'émission spéciale sur les correspondants à l'étranger de Radio-Canada est super intéressante. Le format est bien choisi avec les entrevues faites là où se trouvent les correspondants. Et  j'aime ça qu'on interview aussi ceux qui sont derrière la caméra (caméraman, réalisateur, monteur).",marieccaron.bsky.social,2025-11-21T02:43:27.153Z,at://did:plc:rkiidx7i2jm7l77h5rwvkjvm/app.bsky.feed.post/3m64b5myeuk2l,2025-11-21T03:12:58.272219+00:00
"Come to Canada nurses, we need you and will treat you right. Pay you well and set you up in hospitals in good, mostly crime free towns and cities.",xergg.bsky.social,2025-11-21T02:42:16.078Z,at://did:plc:oueclhzcloufoathtcrkuwno/app.bsky.feed.post/3m64b3j7cpk2c,2025-11-21T03:12:58.272221+00:00
"Come to Canada, nurses. We need and respect you. 🥰",danasillygal.bsky.social,2025-11-21T02:41:30.715Z,at://did:plc:b4ch3qpyor5n5j7723hgpuox/app.bsky.feed.post/3m64b25wwvs25,2025-11-21T03:12:58.272224+00:00
My question is why it looks like an ad for Little Canada,matkelo.bsky.social,2025-11-21T02:41:28.159Z,at://did:plc:p5iyzolzvqn2krhwru5c7toc/app.bsky.feed.post/3m64b23jv3k2x,2025-11-21T03:12:58.272226+00:00
"Canada needs to do the Gripen deal. Take the 16 F-35s we have purchased and pass on the rest!
www.youtube.com/watch?v=bFt_...",abpoli.bsky.social,2025-11-21T02:41:19.109Z,at://did:plc:nzcdfhurm66udpmqnld36eq3/app.bsky.feed.post/3m64azsuqwc2s,2025-11-21T03:12:58.272227+00:00
" Whether it’s Canada or USA, when politicians think they’re more credible than the medical profession on medical issues, it’s a serious problem.  Doctors and medical associations have to challenge the misinformation these amateurs often try to pass on as fact!",frances-speakupok.bsky.social,2025-11-21T02:41:15.827Z,at://did:plc:m2xzvazzpfg5s2gm7xsujiln/app.bsky.feed.post/3m64azpqmt22n,2025-11-21T03:12:58.272229+00:00
Ucp fuckwits. Anti-Canada.,chrisfagan.bsky.social,2025-11-21T02:40:47.704Z,at://did:plc:arpuuqpnoxavjhf3aajmetfd/app.bsky.feed.post/3m64ayuwdy22k,2025-11-21T03:12:58.272231+00:00
www.cbc.ca/news/canada/...,southpawboomer61.bsky.social,2025-11-21T02:40:45.282Z,at://did:plc:gbyc5lcfm6i5y62l534xdtpq/app.bsky.feed.post/3m64aysmgqk2g,2025-11-21T03:12:58.272233+00:00
"Canada eyes talent amid US curbs on immigration

https://www.newsbeep.com/ca/296677/

As immigration limits and research cuts in the United States unsettle foreign talent, Canada may be gaining an…",ca-nb.bsky.social,2025-11-21T02:40:31+00:00,at://did:plc:2gp3m6bnzqynpqq4nlwto5ar/app.bsky.feed.post/3m64ayjf5op2q,2025-11-21T03:12:58.272234+00:00
"Meanwhile in Canada, Danielle Smith is using the NWC for everything Nazi. 

She's sperating Alberta from Canada. Anyone making excuses for her, is your enemy.

Her UCP government is riddled with pedos. There are stories. I have posted of them before. 

You're under siege, AB. Your rights are doomed.",scotfreeme.bsky.social,2025-11-21T02:40:24.285Z,at://did:plc:3y6un7djfzvac2t7xscipbkl/app.bsky.feed.post/3m64ay6lnuc2v,2025-11-21T03:12:58.272236+00:00
"The right wing playbook in Europe, the US, and now conservatives in Canada: vilify refugee claimants, and immigrants seeking a better life.  Weaken due process and blame immigration for crime, cost of living and who knows what else. It is so tiring and insulting.",profsmithsask.bsky.social,2025-11-21T02:40:05.205Z,at://did:plc:cdt7dpjjqodvlpzfibfhizs5/app.bsky.feed.post/3m64axmfe322l,2025-11-21T03:12:58.272238+00:00
"Band: Buckingham Phallus aka The Buckingham Phalluses
7” single: Yer Heinous b/w Off a Cough

(Which band name is correct depends on whether you ask the lead singer or the rest of the band.)

#DubiousRecords",dubiousrecords.bsky.social,2025-11-21T02:39:30.258Z,at://did:plc:stfed7vs7pwwdcwfkdgakato/app.bsky.feed.post/3m64awl4yis2n,2025-11-21T03:12:58.272240+00:00
My father-in-law worked for Air Canada for most of his adult life. He's been retired for years but I still feel guilty flying without a tie.,pattoni.bsky.social,2025-11-21T02:38:10.457Z,at://did:plc:i7cdjsj7cuqh7ewg47oyda5t/app.bsky.feed.post/3m64au6xlgk2e,2025-11-21T03:12:58.272242+00:00
Sans compter les retombées $$$ si ils sont fabriqués au Canada.,komori29.bsky.social,2025-11-21T02:37:52.449Z,at://did:plc:mszlliou7wb6oc5cat3xft3l/app.bsky.feed.post/3m64atnrxk22s,2025-11-21T03:12:58.272244+00:00
"Conservatives 🇨🇦  & Republicans 🇺🇸 are the worst people. Their goal is to destroy your humanity for others. 
#abpoli #Canada  #fascism #cdnpoli  #evil
#democracy #usa #gop #fascists

👉 Vote 'em Out!
",cubanx.bsky.social,2025-11-21T02:37:42.725098+00:00,at://did:plc:vhtdipk22mle3gfhsklhpdej/app.bsky.feed.post/3m64atdkeif2u,2025-11-21T03:12:58.272246+00:00
"That falls under ""personal identifiable information"" and thus is protected by law. They have to be clear about the purpose for collection, how they secure that info and much more. And you have the right to access it

People also can't film you simplu cos you're in public anywhere in Canada.",geekyjules.julessherred.com,2025-11-21T02:37:09.553852Z,at://did:plc:olec54726kyamu3zhi4q5h2d/app.bsky.feed.post/3m64asfjm2g2s,2025-11-21T03:12:58.272248+00:00
"now if its about deployment against internal US, or allies such as canada or denmark, then i'm all for the don't follow illegal orders rhetoric.",poitter.bsky.social,2025-11-21T02:37:06.916Z,at://did:plc:nf5bkyix2jb7ixbum2fta7wj/app.bsky.feed.post/3m64ascefps2z,2025-11-21T03:12:58.272250+00:00
"""It’s a buyer’s market now, Birol says, and oversupply from new production flooding the market is causing prices to crash, even dropping to below zero in Canada this fall – something we didn’t realize was possible.""",wifejackson.bsky.social,2025-11-21T02:36:39.260Z,at://did:plc:3ar4x6qhrrgplhz7yforree7/app.bsky.feed.post/3m64arhygv22w,2025-11-21T03:12:58.272252+00:00
"Ukraine should unequivocally reject the so called 28 point peace plan that Putin and Trump cooked up.
Tell Putin's puppet in the gaudy, gilded office that they will go it alone with Europe, Canada and any other enlightened nations.
Tear up the critical mineral deal and tell Trump to get lost.",progsrock.bsky.social,2025-11-22T03:06:13.373Z,at://did:plc:wukmnspdee264fetvpwbuoe6/app.bsky.feed.post/3m66svbes522w,2025-11-22T03:06:34.573596+00:00
"JD Vance criticizing Canada’s political leadership, CBC & immigration system, saying our living standards are stagnating because of all the foreign-born people living here

Canada: #5 in Quality of Life, #4 in Best Countries Overall

JD: US doesn't even make the list

www.usnews.com/news/best-co...",crazycanloon.bsky.social,2025-11-22T03:05:50.634Z,at://did:plc:2lqvlyrg5l5idj3zn36fbhhl/app.bsky.feed.post/3m66sulou3c2j,2025-11-22T03:06:34.573627+00:00
I am less than five miles as the crow flies from Canada and it's so sad because Grindr is showing me very cute women with 🇨🇦 in their profiles 😭😭😭,saga.iam.bi,2025-11-22T03:04:59.253Z,at://did:plc:kjgrncydlh3qla5kazheaf72/app.bsky.feed.post/3m66st2ovbk2d,2025-11-22T03:06:34.573631+00:00
"Tea first arrived in Canada in 1716, but now their favourite tea is this one, Blueberry & Guava! Ancient queens used to bathe in it.",cassette.bluesky.bot,2025-11-22T03:04:48.34263500Z,at://did:plc:noamvjwzxen6d4vfeeh7jzmw/app.bsky.feed.post/3m66ssthe262s,2025-11-22T03:06:34.573633+00:00
Just a quick note from Canada,tabletopbellhop.com,2025-11-22T03:03:50.516Z,at://did:plc:aqpu5repgrcq4jtmazijlmda/app.bsky.feed.post/3m66sqytdtd2r,2025-11-22T03:06:34.573635+00:00
Canada is touting a major economic win ahead of the G20 summit. Prime Minister Mark Carney says Ottawa is close to finalizing a $1 billion project to expand mineral processing here at home.,trendingnow.bsky.social,2025-11-22T03:03:42.526Z,at://did:plc:xuc56wqyta27mium6ihleglc/app.bsky.feed.post/3m66sqrjdlk2i,2025-11-22T03:06:34.573637+00:00
"Smoke & mirrors.  A good read about #carney 's fast tracking of major projects in #Canada 

#cdnpoli #cdnpolitics 

thenarwhal.ca/alberta-pipe...",tabmcleod.bsky.social,2025-11-22T03:03:11.273Z,at://did:plc:ae3s6ie2znxqm75akdxl3qp5/app.bsky.feed.post/3m66sptpl3c2y,2025-11-22T03:06:34.573639+00:00
"One factor for the TMX pipeline utilisation plateauing could be due to Burrard Inlet needing to be dredged, which is limiting ships to 70% capacity.

www.cbc.ca/news/canada/...",productofbc.bsky.social,2025-11-22T03:02:17.978Z,at://did:plc:lzxkewbh5ovanmt3k6vsj7lp/app.bsky.feed.post/3m66soav56k2d,2025-11-22T03:06:34.573641+00:00
"Canciones que cruzan fronteras: cuatro propuestas imperdibles

El nuevo single “Legends” une el talento de Andy Smith (Australia) y Emily E. Finke (Estados Unidos), mientras PERZEVERA (Puerto Rico), Jordan Belding (Canadá) y cara diqüe (Europa) presentan lanzamientos que amplían los límites de sus…",lacaverna.net,2025-11-22T03:02:17Z,at://did:plc:wtpy3mgvfhjmijgiclzxwyds/app.bsky.feed.post/3m66sob6rsu2c,2025-11-22T03:06:34.573643+00:00
"Line Combinations: Jets vs. Hurricanes

https://www.rawchili.com/nhl/316213/

The 12-7-0 Winnipeg Jets are set to face off against the 13-5-2 Carolina Hurricanes from Canada Life Centre…",rawnhl.bsky.social,2025-11-22T03:02:04+00:00,at://did:plc:nlu4psqeoqzp2a37vkg4btxw/app.bsky.feed.post/3m66snvzrs72e,2025-11-22T03:06:34.573645+00:00
Lol Trump loves socialist Mamdani more than conservative Canada,stephanie.ottawa.place.ap.brid.gy,2025-11-22T03:01:46.000Z,at://did:plc:6c62osi4d5nd7kb5qozmhzkt/app.bsky.feed.post/3m66snqeenic2,2025-11-22T03:06:34.573647+00:00
"“Sustainable Fashion Revolution 2025: How Europe, USA & Canada Are Changing Style Forever” businesoffashion.blogspot.com/2025/11/sust...",svram.bsky.social,2025-11-22T03:01:38.765Z,at://did:plc:rg3tmjupklb23aizu5aqrp3s/app.bsky.feed.post/3m66sn3ii7k2k,2025-11-22T03:06:34.573649+00:00
A rich family from Canada finally properly ordered me as doctor.,transgenderr.bsky.social,2025-11-22T03:01:37.461Z,at://did:plc:jq3yb2d73qr7cbplrq6mggvs/app.bsky.feed.post/3m66sn2amt222,2025-11-22T03:06:34.573651+00:00
"It is further south and the waters aren't as treacherous as the area around the Port of Prince Rupert. So you can imagine the risks. ""Environment Canada ranks Hecate as the most dangerous body of water on the Canadian coast - and the fourth most dangerous in the world.""",traveling4life.bsky.social,2025-11-22T03:01:08.865Z,at://did:plc:zkx5ssoe4pq7pfmckyqumax5/app.bsky.feed.post/3m66sm6xx222i,2025-11-22T03:06:34.573653+00:00
"Source

#Canada",canada-cambot.bsky.social,2025-11-22T03:01:03Z,at://did:plc:kdmhcb4wmrqzqg6hn2ps55t4/app.bsky.feed.post/3m66sm2dtgp2m,2025-11-22T03:06:34.573654+00:00
Canada had to live under tyranny for the next 250 years while the US got to live under not-tyranny. Or maybe the war wasn’t really worth it.,xavkoenig.bsky.social,2025-11-22T03:00:50.531Z,at://did:plc:5yo3qgzykkubzf6ip5eb4qul/app.bsky.feed.post/3m66slnigqk2h,2025-11-22T03:06:34.573656+00:00
"So, there's just one Canada ep. Do you guys want to watch it now? We could do it another day too. @therealsnicks.bsky.social @cmr2.bsky.social",roni1133.bsky.social,2025-11-22T03:00:36.630Z,at://did:plc:tbdtx4igill3lopawzwrpb7e/app.bsky.feed.post/3m66slaaajk2d,2025-11-22T03:06:34.573658+00:00
"Oldest Brewing School In The US Leaving For Canada, Citing Trump Visa Restrictions blockclubchicago.org/2025/11/21/o...",linevigeant.bsky.social,2025-11-22T03:00:32.792Z,at://did:plc:7aqqgnvcfzd3jh3uzdmbkybx/app.bsky.feed.post/3m66sl4l3is24,2025-11-22T03:06:34.573660+00:00
"ℕ𝕠𝕔𝕙𝕖𝕤 𝕕𝕖 𝕆𝕥𝕠𝕟̃𝕠 𝕔𝕠𝕟 𝕠𝕝𝕠𝕣 𝕒 𝕀𝕟𝕧𝕚𝕖𝕣𝕟𝕠. 
📸ʜʀ
ᴄᴀʟɢᴀʀʏ, ᴄᴀɴᴀᴅᴀ́.",hefziamalierosash.bsky.social,2025-11-22T03:00:29.809Z,at://did:plc:xzbvdhjpcnbvg72ovzwqjt47/app.bsky.feed.post/3m66skzr7jk2s,2025-11-22T03:06:34.573662+00:00
Fugitive wanted for murder in India caught trying to sneak into Canada from U.S. nationalpost.com/news/canada/...,nationalpost.bsky.social,2025-11-22T03:00:11.786Z,at://did:plc:us3y4ffbsccju24wbvnlaups/app.bsky.feed.post/3m66skikued2h,2025-11-22T03:06:34.573664+00:00
"Vernon residents registered more than 93,038 km on Bird Canada e-scooters and e-bikes #VernonBC",castanet.net,2025-11-21T19:00:07-08:00,at://did:plc:xhohr4frmxubpwya7b2bjz75/app.bsky.feed.post/3m66skegot22r,2025-11-22T03:06:34.573666+00:00
"Vernon residents registered more than 93,038 km on Bird Canada e-scooters and e-bikes #VernonBC",castanetkamloops.net,2025-11-21T19:00:04-08:00,at://did:plc:qdgl5jkq732vewis5wqvtzbw/app.bsky.feed.post/3m66skbpvzz2g,2025-11-22T03:06:34.573668+00:00
"🎬 It's time to start the 3rd Period at Canada Life Centre!

We're ready for another puck drop between the Hurricanes and the Jets!

#CarolinaCulture",canesgameday.bsky.social,2025-11-22T02:58:58.355+00:00,at://did:plc:xzw7r6t6suwktc43dcvfzq5y/app.bsky.feed.post/3m66sicla3y2k,2025-11-22T03:06:34.573670+00:00
I really do not like that at least half of CBC articles are deep analysis of « over there » and their political stunts vs in Canada. 🇨🇦. I’d like to know less about the mayor of New York and more what are our local mayors doing.,chaparritarola.bsky.social,2025-11-22T02:58:39.590Z,at://did:plc:f4cisi6oyuzw4apdswxu32lt/app.bsky.feed.post/3m66shqmhnk2y,2025-11-22T03:06:34.573671+00:00
Canada is sending their best.,drmario.bsky.social,2025-11-22T02:57:58.815Z,at://did:plc:dcktfzpexr2emoifzzx3w4jy/app.bsky.feed.post/3m66sgjq3dk2s,2025-11-22T03:06:34.573673+00:00
"www.hontattoo.com

The best shop to get work done! 

#toronto
#canada
#ontario
#tattoos
#hon
#hontattoostudio",teasemporiumandco.bsky.social,2025-11-22T02:57:54.911Z,at://did:plc:b27bufvovv36a4q5nxofi5by/app.bsky.feed.post/3m66sgfyxss2s,2025-11-22T03:06:34.573675+00:00
"Okay, Canada has a minority government right now and how is he this dumb?",thebluemage.bsky.social,2025-11-22T02:57:22.886Z,at://did:plc:l255x6lts6dhaqzyvekmzmtd/app.bsky.feed.post/3m66sfhhnfk2r,2025-11-22T03:06:34.573677+00:00
"What I actually said was that the only respects in which I don't want the US to be more like Canada are the weather and the food. I never said Canadian food was terrible, just that one of the few things I like better about where I live besides the weather is the food. Besides, Seattle is in the US.",slarti-bartfast.bsky.social,2025-11-22T02:57:17.259Z,at://did:plc:nr6527cecvrcrjszqvktt7lq/app.bsky.feed.post/3m66sfc3vck2w,2025-11-22T03:06:34.573679+00:00
"REVIEW: Chika Goto VS Stevie Turner in a cinematic match, from Montreal, Canada. -- MELTZER: ★★★★★★¾",wrestlingbookerbot.bsky.social,2025-11-22T02:57:16.71070300Z,at://did:plc:5wj6ybduszn326bqprfw4yto/app.bsky.feed.post/3m66sfgsc3j2i,2025-11-22T03:06:34.573681+00:00
"Canada searches for grizzly bear that attacked school group

https://www.newsbeep.com/us/306305/

Authorities were searching Friday for a grizzly bear that emerged from the forest in a remote part of…",us-nb.bsky.social,2025-11-22T02:54:50+00:00,at://did:plc:73um2ouzfr7e2h24gdwuxm6n/app.bsky.feed.post/3m66sb5epq724,2025-11-22T03:06:34.573682+00:00
Beautiful photo! I have never seen a robin that looked like that in Canada …stands out!,janet1857.bsky.social,2025-11-22T02:53:50.811Z,at://did:plc:behgsqwfeyykdlmuaibigj3l/app.bsky.feed.post/3m66s757mvs2p,2025-11-22T03:06:34.573684+00:00
"They can sign whatever aspirational MOA they want as long as Ottawa is not agreeing to pay for another pipeline west to the Pacific. This thing better have a sh!/ load of caveats. For example, a proponent must step forward willing to assume financial liability. Canada already owns one pipeline.",alanstange.bsky.social,2025-11-22T02:53:48.029Z,at://did:plc:7r4ahzhna5ld2gn2yiztf65e/app.bsky.feed.post/3m66s72kq4c2m,2025-11-22T03:06:34.573686+00:00
"They're angry because Vance lied about the cause, not the effect. Vance didn't say Canada has a neoliberal problem, he said we had a brown person problem. He can suck my dick.",goodie-fx.bsky.social,2025-11-22T02:53:30.142Z,at://did:plc:ypgwhkzikbsshuzywg26z7fo/app.bsky.feed.post/3m66s6jiudk2j,2025-11-22T03:06:34.573688+00:00
"Inside Katy Perry and Justin Trudeau’s Relationship Timeline

Katy Perry has sparked fireworks with Justin Trudeau. The “Roar” singer and the previous Canadian prime minister had been first noticed out to dinner collectively in Montreal, Canada, in July 2025, simply days earlier than Trudeau…",dotnewstv.bsky.social,2025-11-22T02:53:14Z,at://did:plc:4tqgc266iota42kgdelv3pr7/app.bsky.feed.post/3m66s7v5qt72s,2025-11-22T03:06:34.573690+00:00
"""A single shipment in Apr 2025, containing 175,000 military-grade bullets valued at over $369,000, accounted for the vast majority of the $475,389 in total hardware sent. This recent transfer is part of a much larger pattern: since Aug 2023, Canada has exported over 10 million bullets to Israel...""",iyae.bsky.social,2025-11-22T02:52:54.145Z,at://did:plc:6m7xm5l2uvxn2aqbrl22juy6/app.bsky.feed.post/3m66s5h6c222r,2025-11-22T03:06:34.573692+00:00
"US could lose its measles elimination status within months, experts say

The United States may lose its measles elimination status as soon as January, marking the sustained resurgence of a disease that had been eliminated from the country 25 years ago. On Nov. 10, Canada lost its measles…",toolcome.bsky.social,2025-11-22T02:52:17Z,at://did:plc:sdmas34o5b3cnzyrvzvqafrf/app.bsky.feed.post/3m66s4fezdr2a,2025-11-22T03:06:34.573693+00:00
"Also, the lack of a business case for it.

Current market surplus expected to grow next year:
www.reuters.com/business/ene...

Existing WC pipelines are looking at adding over 1mbpd capacity:
www.cbc.ca/news/canada/...

TMX lowers forecasts:
www.reuters.com/business/ene...

TMX Utilisation plateaued",productofbc.bsky.social,2025-11-22T02:52:00.355Z,at://did:plc:lzxkewbh5ovanmt3k6vsj7lp/app.bsky.feed.post/3m66s3tvm3k2a,2025-11-22T03:06:34.573695+00:00
"So Canada will see the ""clean coal"" slogan and raise it with ""clean oil that's good for everyone & will end all disease & will be used to strengthen other industries as opposed to sucking oxygen from the effort to develop a low carbon future economy"" right?  Argh!",douglasbaer.bsky.social,2025-11-22T02:51:58.193Z,at://did:plc:6hpe4jlo75seh2ont3u46wef/app.bsky.feed.post/3m66s3rssfc2c,2025-11-22T03:06:34.573697+00:00
There is one area that will never recover. Trade with Canada has changed and is continuing to change as Canada disentangles from a trade relationship that they allowed to become too interdependent. No fault to anyone involved as it was impossible to foresee the change in the trade dynamic.,bigmansninong.bsky.social,2025-11-22T02:51:50.635Z,at://did:plc:igc3pmw6oprtl3ohoaz5atc6/app.bsky.feed.post/3m66s3km4kk2u,2025-11-22T03:06:34.573699+00:00
@jd-vance-1.bsky.social keep your thoughts about Canada to yourself. We don’t care what you think.,tracyrowland.bsky.social,2025-11-22T02:51:25.008Z,at://did:plc:dxp2gy6oql4ax3i577rdnnyh/app.bsky.feed.post/3m66s2s645c2a,2025-11-22T03:06:34.573700+00:00
"I signal being well-traveled within Canada by never calling a highway the ""queens/kings X"" because I know this creates ambiguities.
Highways have should only be referred to by their unique identifying numbers. 
It is the 417.
It is the A40. 
Only QEW gets a pass because it doesn't have a number.",aliasjdm.bsky.social,2025-11-22T02:50:16.614Z,at://did:plc:5r4san4smwimjzkdywsahir3/app.bsky.feed.post/3m66ryqwu5k25,2025-11-22T03:06:34.573702+00:00
listen netflix canada twitter admin was my valentine in 2019 don’t you DARE talk about sarah lynn,tomatorot.bsky.social,2025-11-22T02:50:14.668Z,at://did:plc:u7bjgynhvcyyrw5w7gragqhb/app.bsky.feed.post/3m66ryp3grs24,2025-11-22T03:06:34.573704+00:00
"@mark-carney.bsky.social is now building a NEW power bloc with investment agreements ACCELERATING, new #traderoutes forming, and #energy, #AI, and #supply-chain cooperation expanding, #Canada is stepping into a level of GEOPOLITICAL POWER it hasn’t held in DECADES
🇨🇦 #Cdnpoli
youtu.be/9JjP6M88jpU?...",stacescases2.bsky.social,2025-11-22T02:50:07.354Z,at://did:plc:76e4qryfph6q4wmz3li6v2l6/app.bsky.feed.post/3m66ryi4c5s2k,2025-11-22T03:06:34.573706+00:00
"Except for that awkward record where, on the rare occasions we fight each other, Canada keeps batting 1.000.",jppierce.bsky.social,2025-11-22T02:49:34.435Z,at://did:plc:6rj5wzgd6ysmx7lxxkqz5rm7/app.bsky.feed.post/3m66rxipnps2v,2025-11-22T03:06:34.573707+00:00
"From Nov 25 to Dec 10, unions across Canada are rising up against gender-based violence.

Violence and harassment should never be “part of the job.” Everyone deserves to be safe at work and in our communities. #16Days

Tell us about your experience: canadianlabour.ca/respect-at-w...",habitrenadoods.bsky.social,2025-11-22T02:49:26.465Z,at://did:plc:67tfevami2hgkzzaohoitt76/app.bsky.feed.post/3m66rxb4fk226,2025-11-22T03:06:34.573709+00:00
one good thing about being in the states is that pwhl games stream on youtube. also you can immediately tell the stream isn't available in canada based on the votes,cartridgeconverter.bsky.social,2025-11-22T02:48:49.918Z,at://did:plc:muhyxmimpxrd64zxso67zz6q/app.bsky.feed.post/3m66rw6fdtc2l,2025-11-22T03:06:34.573711+00:00
"Our own cult members.  They probably love ""the queen of Canada"" too.",henneypenny2020.bsky.social,2025-11-22T02:48:11.091Z,at://did:plc:kqfoylz55w5jobr2je5to76r/app.bsky.feed.post/3m66ruza64k2a,2025-11-22T03:06:34.573713+00:00
"This move to a medium security prison should not stand. Time to write some letters, make some phone calls to let Correctional Services of Canada know we are not pleased.",vickietorious.bsky.social,2025-11-22T02:48:09.640Z,at://did:plc:mvktz5shfqofs5usrrhzl2vo/app.bsky.feed.post/3m66ruxtx3c22,2025-11-22T03:06:34.573714+00:00
Canada here we made many great deals with America it was convenient nafta being 1 that Trump signed in term 1 then turned around and said it was a stupid deal and reneged on it this is mr art of the deal a lying untrustworthy reprobate that has ruined Americas standing in the world,brickmach.bsky.social,2025-11-22T02:48:08.753Z,at://did:plc:twtwwhoszt2ofxfqqmuinfgi/app.bsky.feed.post/3m66ruwytvc25,2025-11-22T03:06:34.573716+00:00
America - but this applies to Canada and the quandary we find ourselves in with the Notwithstanding Clause. Sure we need to drop it and good luck with that.  A lot of pontificators seem to ascribe to the sharpie method rather than one grounded in reality and recent constitutional history.,doehill.bsky.social,2025-11-22T02:48:07.881Z,at://did:plc:f6muzntqdna36hxn52tmxdog/app.bsky.feed.post/3m66ruw6adc2z,2025-11-22T03:06:34.573718+00:00
Mexico and Canada aren’t much different these days.,tonyjames.bsky.social,2025-11-22T02:47:47.760Z,at://did:plc:ictylcxpbqqi3pqmwiwyorwi/app.bsky.feed.post/3m66rucy6w22h,2025-11-22T03:06:34.573720+00:00
"El ataque de un oso pardo a una comitiva escolar de excursión en Canadá deja cuatro heridos de gravedad

La agresión se produjo en una ruta de senderismo en Columbia Británica. Los docentes emplearon aerosol y petardos para ahuyentar al animal dozz.es/qh6zj6",elpaisamerica.bsky.social,2025-11-22T02:47:38+00:00,at://did:plc:nue3a4qhd2wheedhsniw66vu/app.bsky.feed.post/3m66ru25fej2q,2025-11-22T03:06:34.573721+00:00
"A note I wrote about the #EmilyGrafton and #DavidBAMacDonald book #OnSettlerColonialismInCanadaLands&Peoples!
#SettlerColonialism #Canada #Colonialism #Genocide #Indigenous #FirstNations #Inuit #Metis #Settlers #Arrivants #CdnPoli Ⓐ",contraryterry.bsky.social,2025-11-22T02:46:58.902Z,at://did:plc:mapfvhpppewejih63hzcn2lw/app.bsky.feed.post/3m66rsufcvs27,2025-11-22T03:06:34.573723+00:00
"Vancouver Harbour Cruise Ship, BC, Canada

#Canada",canada-cambot.bsky.social,2025-11-22T02:46:18Z,at://did:plc:kdmhcb4wmrqzqg6hn2ps55t4/app.bsky.feed.post/3m66rrqmvc226,2025-11-22T03:06:34.573725+00:00
"Here's an irony: JD's tweet on Canada's failings was based on a graph posted by this gentleman comparing GDP per person for Canada, the U.S. and the U.K.

Almost a year ago, perhaps flush with Christmas cheer, he posted an alternate measure of the wealth of nations…

How does Canada do by this list?",davetait.bsky.social,2025-11-22T02:46:04.993Z,at://did:plc:hqek5tdjqvkfjnq2efwoo77j/app.bsky.feed.post/3m66rray5fk2f,2025-11-22T03:06:34.573727+00:00
"🇨🇦🤝🇱🇧 #Canada #Lebanon #Continuity #Civilization
www.linkedin.com/pulse/tribut...",sarjunn.bsky.social,2025-11-22T02:45:35.942Z,at://did:plc:q4zjv7wykzge4glscnsay4i7/app.bsky.feed.post/3m66rqfbgfk2i,2025-11-22T03:06:34.573729+00:00
The environment people are driving in also differs somewhat between the US and Canada. There are slight differences in road design and urbanization patterns.,cpearsall242.bsky.social,2025-11-22T02:45:27.626Z,at://did:plc:cj2vv2xfvkuurdgonlsrneqx/app.bsky.feed.post/3m66rq5dmdc2i,2025-11-22T03:06:34.573730+00:00
when tf is No Other Choice coming out in Canada lemme watch alreadyyy,heelaiyuyah.bsky.social,2025-11-22T02:44:46.300Z,at://did:plc:iwzid3qynw6ocfdmlx2s3e6h/app.bsky.feed.post/3m66rovwiuc23,2025-11-22T03:06:34.573732+00:00
Latest commercial vessel incident www.cbc.ca/news/canada/...,traveling4life.bsky.social,2025-11-22T02:43:39.086Z,at://did:plc:zkx5ssoe4pq7pfmckyqumax5/app.bsky.feed.post/3m66rmvtc6s2i,2025-11-22T03:06:34.573734+00:00
"Yeah, they're far too expensive for small homes right now. It's ridiculous. Canada is sadly far behind most countries when it comes to solar.

I have a friend in China, the state covered the cost of the panels for his home, and he just had to pay something like 2500 Yuan for installation.",lordblade.bsky.social,2025-11-22T02:43:38.773Z,at://did:plc:tqvgmxk2xehrmyb7xozjtkde/app.bsky.feed.post/3m66rmvjol22t,2025-11-22T03:06:34.573736+00:00
Canada. This is the way.,lordkilmarnock.bsky.social,2025-11-22T02:43:05.005Z,at://did:plc:2jlwtogyp4q7pahta2wwfai3/app.bsky.feed.post/3m66rlvdft22u,2025-11-22T03:06:34.573738+00:00
" 📉 Roughly 500,000 Canadians Left ERs Before Seeing a Doctor Last Year, Data Shows  📉

Between 5% And 15% of Emergency Department Patients Left Without Being Seen in 2024  🧑‍⚕️

#Emergency #ERooms #WaitTimes #Triage #Halton #Ontario #HealthCare #Health #Canada",gwho71.bsky.social,2025-11-22T02:42:43.837Z,at://did:plc:nyogxeovftmmmkzw5jlivgbv/app.bsky.feed.post/3m66rlb574c2z,2025-11-22T03:06:34.573739+00:00
"It’s going to be a long and hard negotiation of attrition and I am ok with that. Modern Canada was literally founded as a trading post. We are legitimately good and grinding trade negotiations. Or we could send a bus of Quebec women to negotiate, trump would be waving a white flag in a month.",voscovery.bsky.social,2025-11-22T02:42:20.221Z,at://did:plc:i2grq5k4gqwyilcjuftzluyx/app.bsky.feed.post/3m66rkkmimc2i,2025-11-22T03:06:34.573741+00:00
"JD, that you? 🤔 Anti-Canada bot. Feel free to block and report.",hollsworld.bsky.social,2025-11-22T02:42:05.712Z,at://did:plc:t42iamze4cf5qsiwozbpyayk/app.bsky.feed.post/3m66rk4rzgk2w,2025-11-22T03:06:34.573743+00:00
"www.cbc.ca/news/canada/...

Crazy story and I hope they put a good screenwriter on the biopic. But also, I am not fully understanding why this blog needed to publicly post a photo of a CI to facilitate the hit. Really feels like a ""could have been an email"" situation to me.",jongerhardson.bsky.social,2025-11-22T02:42:00.179Z,at://did:plc:7rdksnfxj4d3fzzhb5ix64cn/app.bsky.feed.post/3m66rjxiuds24,2025-11-22T03:06:34.573745+00:00
"“Canada Post, largest union announce tentative contract agreement” — FreightWaves

#UnionNews #agreement #contract",unionnews.bsky.social,2025-11-22T02:41:14.753739+00:00,at://did:plc:bjkxha3gapgtrqnukqpjugsh/app.bsky.feed.post/3m66rim7msj2x,2025-11-22T03:06:34.573747+00:00
"Our government is trying to bully and extort Canada in such a way that it's harming Canadian citizens. 

So yeah, Canadians are going to have to spend time on figuring out how to deal with a shitty neighbor that acts more like the mafia than a good partner and global superpower.

Vance is clueless.",heckinjesslynn.bsky.social,2025-11-22T02:41:08.557Z,at://did:plc:xrw3deteb2bg3bqhnmmhk5lt/app.bsky.feed.post/3m66rigbhb224,2025-11-22T03:06:34.573748+00:00
" 📉 Roughly 500,000 Canadians Left ERs Before Seeing a Doctor Last Year, Data Shows  📉

Between 5% And 15% of Emergency Department Patients Left Without Being Seen in 2024  🧑‍⚕️

#Emergency #ERooms #WaitTimes #Triage #Halton #Ontario #HealthCare #Health #Canada",consumerwatch.bsky.social,2025-11-22T02:41:03.638Z,at://did:plc:x3q2ofyhxjvcixaurkezvlel/app.bsky.feed.post/3m66riblejk2z,2025-11-22T03:06:34.573750+00:00
"We can thank CCP for releasing Covid on Hong Kong revolutionaries,and then sending human missiles to Vancouver,Canada; then Feb. 2019 I caught it,had not been that sick since Strep throat in Basic Training;sorry for your situation,hang in there",floydadatxjoe.bsky.social,2025-11-22T02:40:45.947Z,at://did:plc:4bn7lmwpiaq6tdjy2fmv643s/app.bsky.feed.post/3m66rhqpj5224,2025-11-22T03:06:34.573752+00:00
www.cbc.ca/news/canada/...,thoughtsnations.bsky.social,2025-11-22T02:40:39.749Z,at://did:plc:hxcxag3apoqmi5kcecebbxbm/app.bsky.feed.post/3m66rhksefk2q,2025-11-22T03:06:34.573754+00:00
"In Canada she'd be called A-Zed Fudd, that's what causing Swords & Holloway problems",hockeybear.space,2025-11-22T02:40:35.006Z,at://did:plc:oafrik4tx7nkmqysa4kpnuv5/app.bsky.feed.post/3m66rhgbkmc2w,2025-11-22T03:06:34.573756+00:00
"It's from Target, which was only in Canada from 2013 to 2015 so...a nice narrow timeframe for when it was made. lol.",awesomebiota.bsky.social,2025-11-22T02:40:28.105Z,at://did:plc:v2e75i3k55nzt546uf34fgzg/app.bsky.feed.post/3m66rh7oxe22w,2025-11-22T03:06:34.573757+00:00
I bet I actually love Canada I been to both coast clean and the people are the nicest ❤️,blknative.bsky.social,2025-11-22T02:39:53.902Z,at://did:plc:xnsjuw53kdqrusrrh7et52p4/app.bsky.feed.post/3m66rg735yc2n,2025-11-22T03:06:34.573759+00:00
"Keep up the boycott - no visiting NV, FL, etc; no buying hooch from Tennessee and Kentucky, etc.  The arrogance by Trump, Vance, stupid ambassador is the reason .  Have a nice day - wishing you well Canada!",paulhill20.bsky.social,2025-11-22T02:39:36.154Z,at://did:plc:afloc4o76mdlaexkvqjf6ufd/app.bsky.feed.post/3m66rfo5kwk22,2025-11-22T03:06:34.573761+00:00
"tinyurl.com/see32dd 'Hero' teachers fended off grizzly that attacked students on Canada walking trail, injuring 11, officials said tinyurl.com/see32dd",jessflight12.bsky.social,2025-11-22T02:39:35Z,at://did:plc:h4psgb4mmag2n2faouhnrvz2/app.bsky.feed.post/3m66rfr3kpm2t,2025-11-22T03:06:34.573763+00:00
and to paint a thumbnail picture of this. US News rates Canada as #5 for quality of life.  The US on the other hand is... #22.,anakhari.bsky.social,2025-11-22T02:39:11.507Z,at://did:plc:zbey64pdcoaivhmn4pt7qpnc/app.bsky.feed.post/3m66rewngl22u,2025-11-22T03:06:34.573764+00:00
hi hakita what are your opinions on boards of canada,icefanggd.bsky.social,2025-11-22T02:38:57.361Z,at://did:plc:ixq22rudmyvs6ojdw4a5s3bw/app.bsky.feed.post/3m66rej5o622i,2025-11-22T03:06:34.573766+00:00
Canada Progressing in Bid to Disentangle from US Trade. - fixed it.,bigmansninong.bsky.social,2025-11-22T02:38:47.392Z,at://did:plc:igc3pmw6oprtl3ohoaz5atc6/app.bsky.feed.post/3m66re7ngss2u,2025-11-22T03:06:34.573769+00:00
"He talks #Canada, but it's relevant to USA (and short).

youtube.com/shorts/yDoOm...",cnroberts.bsky.social,2025-11-22T02:38:29.071Z,at://did:plc:xc7mwqt5mxtargsqap5gvfmz/app.bsky.feed.post/3m66rdopdrs2p,2025-11-22T03:06:34.573770+00:00
#Canada #CanPoli #JDDunce,anthrog1rl.bsky.social,2025-11-22T02:38:18.762Z,at://did:plc:qfhxxirg3hnyl4blnfaoub2q/app.bsky.feed.post/3m66rdedqsk2g,2025-11-22T03:06:34.573772+00:00
"I'm in Canada.
In my province for a house my size it's about $22,500 at the cheapest to get panels in.",lordblade.bsky.social,2025-11-22T02:37:41.301Z,at://did:plc:tqvgmxk2xehrmyb7xozjtkde/app.bsky.feed.post/3m66rcamit22t,2025-11-22T03:06:34.573774+00:00
www.cbc.ca/news/canada/...,davidstevenson.bsky.social,2025-11-22T02:37:38.582Z,at://did:plc:6vfnglw2eneskgvtmgjjhel7/app.bsky.feed.post/3m66rc5zjkc2s,2025-11-22T03:06:34.573776+00:00
"Doesn't the U.S. have laws against workplace bullying like Canada does to prevent this type of sexist & emotionally abusive behaviour?  Seems like they do: www.eeoc.gov/harassment.  Also, calling women ""piggies"" when you don't like questions they ask?  Come on man...how old are you?",chandraoutspoken.bsky.social,2025-11-22T02:37:28.095Z,at://did:plc:hoq6fa7zq36fgwpl76oy7qbu/app.bsky.feed.post/3m66rbtzidk2e,2025-11-22T03:06:34.573778+00:00
"Canada,
Please forgive us.

Respectfully,
Sane Americans.",suzielu.bsky.social,2025-11-22T02:37:28.048Z,at://did:plc:2kvc7mhywissur7ntitijhkq/app.bsky.feed.post/3m66rbty2gs24,2025-11-22T03:06:34.573779+00:00
The US isn’t a viable partner to anyone anymore. It’s really fucking sad. The world is changing. I wish we could relocate Canada next to Portugal but we will be impacted…maybe it’ll change in the future.,tetrispuzzle.bsky.social,2025-11-22T02:37:13.406Z,at://did:plc:s6mdzsc3zn6uylqb427nbgjg/app.bsky.feed.post/3m66rbfz7mc2w,2025-11-22T03:06:34.573781+00:00
when they hand me two Canada Drys,timbarnes.bsky.social,2025-11-22T02:36:51.261Z,at://did:plc:h2jtrureeickg3vlzviuxgzo/app.bsky.feed.post/3m66raqvwac2f,2025-11-22T03:06:34.573783+00:00
Go and fuck a couch (or chesterfield as we say in Canada)  JD Vance and mind your own business. 🇨🇦,leswilliams.bsky.social,2025-11-22T02:36:40.965Z,at://did:plc:anoc2yfpk3kadmocx55rsy3k/app.bsky.feed.post/3m66rah37wc2h,2025-11-22T03:06:34.573785+00:00
"Painting a Goose, Canada style.",adamboyce.bsky.social,2025-11-22T02:36:27.010Z,at://did:plc:haud3ird2asdmcv6ttqubqb4/app.bsky.feed.post/3m66r7zruls2l,2025-11-22T03:06:34.573786+00:00
Senior Java and Scala Developer - Mississauga Ontario Canada Job educativ.net/jobs/job/48995...,educativ.bsky.social,2025-11-21T21:36:16.854-05:00,at://did:plc:voa5jj4mjj2u76o7cp6qanjz/app.bsky.feed.post/3m66r7q652y27,2025-11-22T03:06:34.573788+00:00
"🔊ON & UP
😂👇🏾'Jr boys #traditional 🥰 ' Lethbridge #PowWow 🇨🇦 #Canada'
(FB VID: Jenn Nicoteen. Nov 16, 2025)
#JrBoysTraditional  #Indigenous #FirstNations #NativeAmericans",haidaprincess.bsky.social,2025-11-22T02:36:15.568Z,at://did:plc:nipertd3olqw6p3jirnlauci/app.bsky.feed.post/3m66r7ou56s2q,2025-11-22T03:06:34.573790+00:00
"I am not with Canada nor have I ever been with Canada.

Very criminal place.",askwong.bsky.social,2025-11-22T02:36:05.385Z,at://did:plc:xvdtkp3w4pgkbilonmxrz6jt/app.bsky.feed.post/3m66r7f5eu22d,2025-11-22T03:06:34.573792+00:00
From one artist to another (esp here in Canada) god speed soldier it’s ROUGH.,jukeboxjules.bsky.social,2025-11-22T02:35:56.826Z,at://did:plc:mbnazubzrrnfzraa4dwqu4d2/app.bsky.feed.post/3m66r74y7gk2n,2025-11-22T03:06:34.573794+00:00
Indeed. What happened here? They put a microphone in front of my face and let me speak for three hours on my views about Canadian health care and now it appears this documentary on Canada may actually see the light of day. Strap in!,dralandrummond.bsky.social,2025-11-22T02:35:44.072Z,at://did:plc:cxsw6x2qzu46w3lmhs6aqqes/app.bsky.feed.post/3m66r6qtfzk27,2025-11-22T03:06:34.573795+00:00
"Coke is created from heating either coal or oil in a no oxygen oven and is used in steel production

Canada is greening it’s steel production while Trump is removing climate regulations on steel production

Will this give Canada an advantage over the US?

#cdnpoli 

www.cbc.ca/news/climate...",shannonpeel.bsky.social,2025-11-22T02:34:44.837Z,at://did:plc:zs47lvr5ppkj5ei4plscsmtk/app.bsky.feed.post/3m66r4ydem22t,2025-11-22T03:06:34.573797+00:00
#CANADA: Hotline for victims of human trafficking - available 24/7 in 200 languages 1-833-900-1010,thepixelproject.bsky.social,2025-11-22T02:33:49.659401Z,at://did:plc:v6qdk5vnk7skne4wuug3dzyv/app.bsky.feed.post/3m66r3e32d52h,2025-11-22T03:06:34.573799+00:00
I have been aching to roll out a new impression! I wanna do my favorite Mutant Hero from CANADA! Bless #marvel for giving us the greatest X-Man ever! #wolverine,atrench93.bsky.social,2025-11-22T02:33:07.133Z,at://did:plc:xaiqrrrsa6bmmnr652bqcuaj/app.bsky.feed.post/3m66r235lmc2o,2025-11-22T03:06:34.573801+00:00
Because we’re very creative here in Canada and have a grand sense of humour.,radicalroxy.bsky.social,2025-11-22T02:32:57.044Z,at://did:plc:rctyp6jys2unoonzend5hhx2/app.bsky.feed.post/3m66qzrjp322q,2025-11-22T03:06:34.573803+00:00
"Thank you, she is a little sweetie, I don't know her or the shelter, I live in Canada but she's captured my heart, her eyes show her tender soul",melsibbitt.bsky.social,2025-11-23T03:37:46.570Z,at://did:plc:63rowohapqhlpcdnljhcyobv/app.bsky.feed.post/3m6bf4mdeck2d,2025-11-23T03:38:18.747727+00:00
"🇨🇦  Pete Hoekstra, U.S. Ambassador to Canada …

Why is he still in Canada?

US tyrant/king has no clue what an ambassador’s job is

GOP - all of them
       so brainless",sarcabs42.bsky.social,2025-11-23T03:37:15.150Z,at://did:plc:sd6qjsfbdlyzrqcm7mckyi2t/app.bsky.feed.post/3m6bf3oeipk2j,2025-11-23T03:38:18.747743+00:00
"NORAD like turnips ""Golden Dome"" was never designed to protect Canada.
Canada is/will be the debris field because any interceptions will occur after the missiles or planes are already over Canada.
Most ICBMs are MIRVs and the ones aimed at Canada will have already split before we can intercept.
1/2",honestcanadian.bsky.social,2025-11-23T03:36:22.680Z,at://did:plc:vcly6jfsz4irtrnbkndmmfyi/app.bsky.feed.post/3m6bf24dai22u,2025-11-23T03:38:18.747747+00:00
We are getting it in Canada too. It made me think your Thanksgiving was this week.,brownsuddenly.bsky.social,2025-11-23T03:36:06.700Z,at://did:plc:bofwfvmylcz6cqfghypy4fpl/app.bsky.feed.post/3m6bezn3jzs2a,2025-11-23T03:38:18.747749+00:00
"MAGA influencer David Medina being shocked by a teacher explaining basic geography is quite the self-own.

""No wonder Oregon ranks at bottom in education,"" he moans.

Unfortunately, he names the teacher, which, knowing his followers, could lead to harassment or threats.",uzzamodea.bsky.social,2025-11-23T03:35:23.962Z,at://did:plc:s2uojkg7rsarhfjxk5vezyyg/app.bsky.feed.post/3m6beyefymk2y,2025-11-23T03:38:18.747751+00:00
I need to get my hands on Season 1. I'm in Canada and all the Seasons except 1 are on the SciFi Channel,bletherdog.bsky.social,2025-11-23T03:35:10.442Z,at://did:plc:dyp4n3ybc66sfg6w5wx76jpp/app.bsky.feed.post/3m6bexxgpkk24,2025-11-23T03:38:18.747753+00:00
Des sénateurs américains sont préoccupés par les relations avec le Canada,mediasca.skyfleet.blue,2025-11-23T03:33:35.458Z,at://did:plc:swhavnqrtvhstcm275j242my/app.bsky.feed.post/3m6bev54qdj2o,2025-11-23T03:38:18.747755+00:00
"NORAD like turnips ""Golden Dome"" was never designed to protect Canada.
Canada is/will be the debris field because any interceptions will occur after the missiles or planes are already over Canada.
Most ICBMs are MIRVs and the ones aimed at Canada will have already split before we can intercept.
👇",honestcanadian.bsky.social,2025-11-23T03:33:27.874Z,at://did:plc:vcly6jfsz4irtrnbkndmmfyi/app.bsky.feed.post/3m6beuvmlik2u,2025-11-23T03:38:18.747757+00:00
@bulliedbrain.bsky.social A Canada 🇨🇦 Glazing: wearingtwogowns.blog/2025/11/22/a...,wearingtwogownsblo.bsky.social,2025-11-23T03:33:14.825Z,at://did:plc:qlc3gdlvwmchylv7vg4fojn2/app.bsky.feed.post/3m6beuj6fck2u,2025-11-23T03:38:18.747759+00:00
"Day 213 – Running every day for the rest of my life to improve my mental health (2.12 km)

🎵 Boards of Canada - Music Is Math

#running #fitness #cardio #motivation #mentalhealth #wellness #mindset #resilience #gamedev #indiedev #consistency #healing #musictherapy #creativeprocess #boardsofcanada",sweatandsorcery.bsky.social,2025-11-23T03:32:16.453Z,at://did:plc:yokowy6syzjlvkoskfthmthn/app.bsky.feed.post/3m6besrixh224,2025-11-23T03:38:18.747764+00:00
"Source

#Canada",canada-cambot.bsky.social,2025-11-23T03:31:13Z,at://did:plc:kdmhcb4wmrqzqg6hn2ps55t4/app.bsky.feed.post/3m6bepgxfcs24,2025-11-23T03:38:18.747766+00:00
Shiny shiny shiny new US/Canada edition of The Grimmelings out now (with lovely quotes on the back)! #kidlit #spookyMG,rachaelking70.bsky.social,2025-11-23T03:31:05.263Z,at://did:plc:54h2bzeryohyebzibw57tx6z/app.bsky.feed.post/3m6beqnmfxk2y,2025-11-23T03:38:18.747768+00:00
The Baltics already prep their citizens like this. Disaster and emerg prep for everyone according to ability. This is great for Canada because loose-canon Trump could decide anything. Bring it on.✊💪🇨🇦,seizetheeh.bsky.social,2025-11-23T03:31:04.561Z,at://did:plc:yuq4vrivu2cyy6tzpbvcjt7q/app.bsky.feed.post/3m6beqmwyg22h,2025-11-23T03:38:18.747770+00:00
So grateful for Canada & European allies in this critical moment. Slava Ukraini. 💛🇺🇦💙,nanasass.bsky.social,2025-11-23T03:31:04.539Z,at://did:plc:tv2oc35q2zffkzxneqtlxvbw/app.bsky.feed.post/3m6beqmwdvs2b,2025-11-23T03:38:18.747772+00:00
"O Leafs que sempre complicado. Misericórdia.

Lembrei dos estadunidenses não entendo pq o Canadá não se une para torcer pelo Leafs pq não entendem que ele não é o único time de hoquei e existe um rivalidade local além de Toronto ser o RJ cheio de hater.",tatianaleite.bsky.social,2025-11-23T03:30:40.299Z,at://did:plc:5ehacyea2hz332fcv67yq47o/app.bsky.feed.post/3m6bepvslzs2c,2025-11-23T03:38:18.747773+00:00
Canada basically invented modern war crimes and will ALWAYS side with whoever the most depraved imperial power is at any given moment in history.,amiyatzin.bsky.social,2025-11-23T03:29:59.181Z,at://did:plc:ukb25baxhhsl2xewyua2z3yc/app.bsky.feed.post/3m6beoolqr227,2025-11-23T03:38:18.747775+00:00
Representing,justingarrison.com,2025-11-23T03:29:38.287Z,at://did:plc:p7uix7mresfq4nfzxp3klgfa/app.bsky.feed.post/3m6beo2obds2u,2025-11-23T03:38:18.747777+00:00
WS World University Rankings. Western U philosophy program in top 50; #2 in Canada. www.topuniversities.com/university-s...,mljanderson.bsky.social,2025-11-23T03:29:33.511Z,at://did:plc:4jfzqgakp3cp75qplj6nmy6m/app.bsky.feed.post/3m6benw4hdc27,2025-11-23T03:38:18.747779+00:00
"Netanyahu is now found guilty again for taking 3 bribes. He is to Israel what Trump is to America. Both ran to stay out of jail. Ppl must pay attention to who they elect, and believe. Convicted felons are NOT running to help ppl, they run for selfish reasons. Canada will surely put this guy in jail.",llaw1.bsky.social,2025-11-23T03:29:25.055Z,at://did:plc:njzaonlnq25udy3jikrqexfx/app.bsky.feed.post/3m6beno2dks24,2025-11-23T03:38:18.747781+00:00
"Thank god. I can’t believe how hard they’ve been to get hold of, in Canada of all places!",looking4orion.rwrb.social,2025-11-23T03:29:14.948Z,at://did:plc:f2y7i62pzj36xcehen3vyyip/app.bsky.feed.post/3m6benefuhs27,2025-11-23T03:38:18.747783+00:00
"perhaps a non-republic example. Canada is a federal state.  our constitution spells out specific powers for provinces and the feds.  Anything not mentioned is a federal power as per our courts.
The head of state is a symbol, the PM is indirectly elected by majority support in Parliament.  Simple.",robppm319.bsky.social,2025-11-23T03:29:06.086Z,at://did:plc:hzf2nulapi3qopmrojv7nxwo/app.bsky.feed.post/3m6ben3xh5k25,2025-11-23T03:38:18.747784+00:00
"ICAO: C05EA2
Owner: AIR CANADA
Flt: ACA772 C-GJVT A320 YYZ-BOS
Time: 2025-11-22 22:15:03 EST
Min Alt: 9100 ft
Min Dist: 1.1 nm (46° NE)
dev adsb planefence by kx1t -•sdr-e•airplanes•flightaware•gc",kx1t-test.bsky.social,2025-11-23T03:28:31.000Z,at://did:plc:lwhroh6pcztwb4evj5xwmqjo/app.bsky.feed.post/3m6bemen5qm2t,2025-11-23T03:38:18.747786+00:00
"Rare night of enjoying wine. I got a Tempranillo. It’s great with beef. 

Similar to Cabernet Sauvignon in body & profile, but for me in Canada, better value than a cab sauv. 

Old world countries like Spain tend to age wine more than, say, California. But we’re not stocking any so, hullo, Spain!",snarkysteff.bsky.social,2025-11-23T03:26:28.504Z,at://did:plc:oad6oh7t4odigvrc67n2n7pz/app.bsky.feed.post/3m6beifofis24,2025-11-23T03:38:18.747788+00:00
Yes. This is from the ELCiC (Evangelical Lutheran Church in Canada). The LCC (Lutheran Church-Canada) is much more conservative and in many ways aligns more with Catholics than with the ELCiC.,takforalt.bsky.social,2025-11-23T03:26:19.170Z,at://did:plc:62afooonboh6usflpaqppl6r/app.bsky.feed.post/3m6bei4rm7s25,2025-11-23T03:38:18.747790+00:00
"Leave them be. It certainly isn’t their fault. As expected, I stated that it most likely a sow with cubs. My Elders asking they not be destroyed. 🪶😡💔 www.cbc.ca/news/canada/...",thoughtsnations.bsky.social,2025-11-23T03:26:15.974Z,at://did:plc:hxcxag3apoqmi5kcecebbxbm/app.bsky.feed.post/3m6behzpz6c2c,2025-11-23T03:38:18.747791+00:00
Can we get them on the list?,intheweedsktc.bsky.social,2025-11-23T03:25:52.010Z,at://did:plc:hlmrlpc3tiubuk6rukgkc5ez/app.bsky.feed.post/3m6behcuqrs2s,2025-11-23T03:38:18.747793+00:00
"I'm very sorry you experienced this and I am so amazed that you have turned your life into helping others with your current activism.

Lots of love from Canada. Your story is making waves across the world. ❤️",andyrogers.bsky.social,2025-11-23T03:25:50.150Z,at://did:plc:a6iupdaf2bztxmbbxstpibgl/app.bsky.feed.post/3m6behb3xfk2v,2025-11-23T03:38:18.747795+00:00
"No it’s exactly the same, Congress being the restaurant owner in that example. I’ve travelled all over America by train and I loved it but my god it is an absolute travesty that a country that rich can’t figure out comprehensive train systems like the rest of the world (Canada still hasn’t either)",solsten.bsky.social,2025-11-23T03:25:47.708Z,at://did:plc:ol7bifw52gyrbassw2vxjnm5/app.bsky.feed.post/3m6beh6rgn22c,2025-11-23T03:38:18.747797+00:00
"But also, most importantly I think, the movie started a battle in the industry over the “Production Code” aka The Hays Code. And the movie’s wins in this battle proved to be a major step toward eliminating that code.",spellingisfunlor13.bsky.social,2025-11-23T03:25:28.324Z,at://did:plc:x2iynyc2ixsvayqdnfzlk4pz/app.bsky.feed.post/3m6begousbc2e,2025-11-23T03:38:18.747799+00:00
I know you will hate this but I think Canada and Mexico should have a mutual defence pact,barrhavenist.bsky.social,2025-11-23T03:24:29.121Z,at://did:plc:oxmmj7hnhocv5vldfr6wntwo/app.bsky.feed.post/3m6beett4k22z,2025-11-23T03:38:18.747800+00:00
"So Britain 🇬🇧 Canada 🇨🇦 many other European 🇪🇺 countries have a choice they must make. 

Russia 🇷🇺 and the United States 🇺🇸
Or 
Ukraine 🇺🇦 and Europe 🇪🇺

No third options here...",binaryhands.bsky.social,2025-11-23T03:24:21.879Z,at://did:plc:ij6fo6uwjxz3ej2euf5762dx/app.bsky.feed.post/3m6beemw5as2s,2025-11-23T03:38:18.747802+00:00
"One of the dangers, of starting a new book by @nolore.bsky.social, is that you will, no doubt, be both saddened and enraged by the subject. Only two chapters into Corporate Control, book 2 of her Canada in Decline series, and this observation is very much holding true. The Death Star seems apropos.",robertgenaille.bsky.social,2025-11-23T03:23:44.868Z,at://did:plc:zqm6u4cmtdb5p4ycxolxdkee/app.bsky.feed.post/3m6bedjmwic2d,2025-11-23T03:38:18.747804+00:00
Canada Dry…. We drink vernors over here,funsizesnicker.bsky.social,2025-11-23T03:22:52.553Z,at://did:plc:dpsq2htq5tyobyphczpgn3wa/app.bsky.feed.post/3m6bebxq4tc2u,2025-11-23T03:38:18.747805+00:00
The only country Canada needed protection from is the one conducting this shakedown.,poli-chick.bsky.social,2025-11-23T03:22:29.170Z,at://did:plc:d34as5vxjkvyyi42ozsxd2z3/app.bsky.feed.post/3m6bebbgivc2g,2025-11-23T03:38:18.747807+00:00
#USPOL #USA #us #uspoli #poli #politics #cdnpoli #canada #MidasMighty #america #Trump #TRUMP #MAGA #FuckTrump #fuckmaga #Anti-Fascist #antifa #AntiTrump #AntiMAGA #tuckfrump #coup #coupdetat #chaos #fascistfelon #authoritarians #stopthecoup #ConstitutionalCrisis #WokeAF #FightOligarchy #TrumPedo,robduncan.bsky.social,2025-11-23T03:21:49.089Z,at://did:plc:ig6dnt4tqgg7iwwtywx3bkvd/app.bsky.feed.post/3m6bea37k4s2e,2025-11-23T03:38:18.747809+00:00
"I forget, is #KevinOLeary a billionaire? Because if yes smart money's on him #cdnpoli #Epstein #EpsteinList www.ctvnews.ca/canada/artic...",thegentyyc.bsky.social,2025-11-23T03:21:28.804Z,at://did:plc:fo6wpgp6wp3ptllfxvth7svj/app.bsky.feed.post/3m6be7hucp22a,2025-11-23T03:38:18.747811+00:00
"The largest (pre-Russian invasion) external concentration of #Ukrainian blood, is #Canada . I see the same amazing crazy-genius war improvisation now in all #Ukraine peoples.

#SlavaUkraine (sp?)
🇨🇦🫶🏼🇺🇦

youtube.com/watch?v=EkbV...",darkangel-64.bsky.social,2025-11-23T03:19:55.719Z,at://did:plc:6ok3drqclckfcxz6w3lusrgo/app.bsky.feed.post/3m6be4p3me22q,2025-11-23T03:38:18.747813+00:00
#USPOL #USA #us #uspoli #poli #politics #cdnpoli #canada #MidasMighty #america #Politics-matter #PoliticsNation #WokeAF #Ethics #SocialJustice #LongerTables #DemocraticSocialist #Ecosocialism #Socialist #socialism #LeftIsBest #ClassConsciousness #FalseConsciousness #abolishcapitalism #HumanRights,robduncan.bsky.social,2025-11-23T03:19:54.943Z,at://did:plc:ig6dnt4tqgg7iwwtywx3bkvd/app.bsky.feed.post/3m6be4odzhs2e,2025-11-23T03:38:18.747814+00:00
"I lent Carney my vote to stop conservative fascism, but continuing to ramp up climate-destroying projects makes Canada part of the problem, and *my* vote part of that problem - and I really feel like I don't want to be a part of that anymore.",chris-huggable.bsky.social,2025-11-23T03:19:47.866Z,at://did:plc:wkvk2vaa7vlkahd7bekvo5sk/app.bsky.feed.post/3m6be4ji3ac27,2025-11-23T03:38:18.747816+00:00
You look like you love a Canada Dry.,lagroovekagejo.bsky.social,2025-11-23T03:19:37.649Z,at://did:plc:leal4u2mcclqfci4v5l6q6qz/app.bsky.feed.post/3m6be45u4vc2c,2025-11-23T03:38:18.747818+00:00
...giggle from Canada...,debrreed.bsky.social,2025-11-23T03:18:51.457Z,at://did:plc:hhyceunvxxs6ughz22dffuc5/app.bsky.feed.post/3m6be2rshjc2v,2025-11-23T03:38:18.747819+00:00
"Atlantic
U.S. senators say relations with Canada suffering

The tariffs imposed on Canada by U.S. President Donald Trump have clearly caused economic pain for Canada, but a U.S. senator from Maine says he’s more worried about how Canadians are reacting on a personal level.",hippy56.bsky.social,2025-11-23T03:18:11.469Z,at://did:plc:dog6hpydcvc5yx5uupg2gkpv/app.bsky.feed.post/3m6bdzlo5pk27,2025-11-23T03:38:18.747821+00:00
"Ever seen two polar bears wrestling?

Now you have!

#canada #manitoba #bears #polarbears #wrestling",rawcaptures.net,2025-11-23T03:18:02.724Z,at://did:plc:thhx7ohox7mj6hzphktofasb/app.bsky.feed.post/3m6bdzdd7ps2q,2025-11-23T03:38:18.747823+00:00
"The film #Kokuho announces overseas release dates!

- Australia: Dec 11-24th (two weeks limited release)
- France: Dec 24th
- Switzerland: Dec 24 and 25th
- Thailand: January 29th, 2026
- North America (US, Canada, Mexico): Early 2026

Hopefully more countries coming soon!",jdramanews.bsky.social,2025-11-23T03:17:54.285Z,at://did:plc:boadmpsoczcdlhuqr4cbwlhz/app.bsky.feed.post/3m6bdz3bpic25,2025-11-23T03:38:18.747825+00:00
"“We should not do anything that makes him feel like he has a win here,” Sen. Thom Tillis (R., N.C.) said of Putin on Saturday at a security conference of top Western defense officials and lawmakers in Halifax, Canada. “He invaded a sovereign nation. There is no quarter for a human being like that.”",jansplanet.bsky.social,2025-11-23T03:17:24.951Z,at://did:plc:fuak6asmyzr6r34f6er6z4ju/app.bsky.feed.post/3m6bdy7ciys2e,2025-11-23T03:38:18.747827+00:00
"Ava Martinez from Vancouver, Canada is making a sandwich. While doing so, Ethan Patel also eats so fast they hiccup loudly as a stranger offers to help clean up. Then, the lights dim dramatically, and everyone cheers.",raspberi.bsky.social,2025-11-23T03:17:13.22945800Z,at://did:plc:cl2as54pbcu3nksugeqz5nf7/app.bsky.feed.post/3m6bdxzdesl26,2025-11-23T03:38:18.747828+00:00
"La Baie Cruise Port on Saguenay River, Quebec, CA

#Canada",canada-cambot.bsky.social,2025-11-23T03:17:00Z,at://did:plc:kdmhcb4wmrqzqg6hn2ps55t4/app.bsky.feed.post/3m6bdvztvba2x,2025-11-23T03:38:18.747830+00:00
I'm also not enjoying that every eBay listing for similar computers I could scavenge a motherboard from now cost $80-$100 for just shipping (to Canada). 😓,distraction.engineer,2025-11-23T03:15:27.587Z,at://did:plc:svpym4ujks7qxczscyzq7fuy/app.bsky.feed.post/3m6bdupetps2u,2025-11-23T03:38:18.747832+00:00
"Need help starting your #AdvanceCarePlanning ? Try the My ACP Card Game from Advance Care Planning Canada: an accessible tool to explore & think about your wishes.

Download the free PDF version from loom.ly/p1dLNH4 or request a physical deck (postage required) via email: info@advancecareplanning.ca",maidhouse.ca,2025-11-23T03:15:21.016Z,at://did:plc:kqtzvrxz2sksr6nwu27qs3pr/app.bsky.feed.post/3m6bduj4fns2x,2025-11-23T03:38:18.747834+00:00
"www.cbc.ca/news/canada/...

Anybody involved in this should resign",canadianerrant.bsky.social,2025-11-23T03:15:09.578Z,at://did:plc:3xfe5skjm4bz44cdk4nrafhn/app.bsky.feed.post/3m6bdu67ask22,2025-11-23T03:38:18.747835+00:00
"Fair point and it's hard to do nuance here. I see a lot of comments from Americans about Canada these days, including about us becoming 51st State, and our agency and uniqueness tends to be glossed over and we are considered only in the ways we relate to America. So maybe I'm a bit sensitive, sorry!",nickkellett.bsky.social,2025-11-23T03:14:39.504Z,at://did:plc:aou33pcd6vmprkvgrtkm5xfo/app.bsky.feed.post/3m6bdtbjho22p,2025-11-23T03:38:18.747837+00:00
Maybe we're going to invade Nigeria. Someone should send food to Sudan. I think we own the Gaza strip or something? Canada? We're committed to NATO and we're also pulling out of it. There are documents that someone definitely wrote.,grahammarbles.bsky.social,2025-11-23T03:14:31.556Z,at://did:plc:jxjsftgjtai3ykr7ofobckij/app.bsky.feed.post/3m6bdszwvx22q,2025-11-23T03:38:18.747839+00:00
"Trudeau stepped down after he was shown he wasn’t going to win an election.  I’m glad we have Carney, a very skilled person leading Canada.",tomb80.bsky.social,2025-11-23T03:13:59.648Z,at://did:plc:a2x4i72bf7jg3lyysehy55cl/app.bsky.feed.post/3m6bds3j5s22i,2025-11-23T03:38:18.747841+00:00
Even Canada knows this as they publicly aligned with Europe today and denounced/rejected the US's position.,debralhd.bsky.social,2025-11-23T03:13:55.945Z,at://did:plc:gvyp4f32jf3lusvxau5pcwnl/app.bsky.feed.post/3m6bdrxy5lc24,2025-11-23T03:38:18.747842+00:00
"This is fucking outrageous.
www.cbc.ca/news/canada/...",leeram.bsky.social,2025-11-23T03:13:54.475Z,at://did:plc:zfypdotl5oaemg2tp6wnbajd/app.bsky.feed.post/3m6bdrwlcz227,2025-11-23T03:38:18.747844+00:00
"Canada lost our designation, thanks to the active dipshittery in Alberta, Saskatchewan, and Ontario.

Frikkin' sad.",eleighbutler.bsky.social,2025-11-23T03:13:36.106Z,at://did:plc:7jpqsxhg73q4fyexcsznvi3h/app.bsky.feed.post/3m6bdrf2pkk2b,2025-11-23T03:38:18.747846+00:00
"ICE’s new annual budget places the federal agency among the top 20 most well-funded militaries in the world, sitting between Canada, which spent roughly $29.3 billion in 2024, and Turkey, which spent $25 billion last year.",cait05.bsky.social,2025-11-23T03:13:33.247Z,at://did:plc:cesm6lum3rl3lkffrmcshw7h/app.bsky.feed.post/3m6bdrcdglk2t,2025-11-23T03:38:18.747848+00:00
"#KevinO'Leary isn't a billionaire. And he's not MAGA or even barely Canadian. He's floating around trying to find some attention.
Keep him in the US. Canada doesn't want him.",bobbyangelini.bsky.social,2025-11-23T03:13:22.772Z,at://did:plc:7dg5ljfjv2jjp3k6z7vljkg4/app.bsky.feed.post/3m6bdqyds322u,2025-11-23T03:38:18.747850+00:00
"HALIFAX — Republican lawmaker Sen. Thom Tillis of North Carolina says it’s all good and well that Canada is finally meeting its NATO defense spending commitments, but Canada should make up for two decades of back dues — to the tune of $300 billion.

( Republicans could pay Canada by Fucking Off)",hippy56.bsky.social,2025-11-23T03:13:18.006Z,at://did:plc:dog6hpydcvc5yx5uupg2gkpv/app.bsky.feed.post/3m6bdqtsdrk27,2025-11-23T03:38:18.747852+00:00
"Mea culpa, I didn't realize Monsieur Sean Couturier is also still a cutie, aging like a fine fromage du Canada.",pearls.bsky.social,2025-11-23T03:13:15.349Z,at://did:plc:pn36n6hd5ylwytihhcchhkkp/app.bsky.feed.post/3m6bdqrbb2c2o,2025-11-23T03:38:18.747854+00:00
"A CBC investigation finds that school time lost due to reported illness is up in all districts that provided data. Experts are looking at bullying, anxiety and other mental health challenges to understand why. 

www.cbc.ca/news/canada/...",lizzakos.bsky.social,2025-11-23T03:12:43.334Z,at://did:plc:ehfmfv7efsxs5qaxgwdfge2g/app.bsky.feed.post/3m6bdpsqddc2q,2025-11-23T03:38:18.747858+00:00
"They need to loose pensions & benefits when they intentionally mislead or ought to have known better.

These clowns seek to divide and rove anger, not for the better of Canada, for themselves.",shane555.bsky.social,2025-11-23T03:12:42.420Z,at://did:plc:e4hga752rh5x3zlazclrr7tv/app.bsky.feed.post/3m6bdpructs2u,2025-11-23T03:38:18.747859+00:00
"Absolutely, this isn’t just an Alberta issue. What happens there could set a precedent for the rest of Canada. Everyone should pay attention and make their voices heard. Sending a letter or email to Danielle Smith is a small step that could make a big difference.",michaelaldo66.bsky.social,2025-11-23T03:12:35.612Z,at://did:plc:yrnd3exztj45sqbij4nxlsah/app.bsky.feed.post/3m6bdplekfs2f,2025-11-23T03:38:18.747861+00:00
#USPOL #USA #us #uspoli #poli #politics #cdnpoli #canada #MidasMighty #Politics-matter #PoliticsNation #america #anticapitalism #anticapitalist #capitalismkills #killCapitalism #capitalism #abolishcapitalism #fuckcapitalism #SocialJustice #ethics #ClassConsciousness #WokeAF #FalseConsciousness,robduncan.bsky.social,2025-11-23T03:11:44.016Z,at://did:plc:ig6dnt4tqgg7iwwtywx3bkvd/app.bsky.feed.post/3m6bdo25yo22e,2025-11-23T03:38:18.747863+00:00
"Trump tried to ""invade"" Chicago and failed.

Canada needn't worry that Trump has wide support.",mathandstuff.bsky.social,2025-11-23T03:11:18.673Z,at://did:plc:gyewfuxyx5yfg3h5jejxhjyb/app.bsky.feed.post/3m6bdnbylnc25,2025-11-23T03:38:18.747864+00:00
Gazan students bound for Canada remain trapped in administrative limbo f24.my/BZm9.BS,ahol888.bsky.social,2025-11-23T03:11:13.254Z,at://did:plc:zw42fvol3qicstmkdsale5ib/app.bsky.feed.post/3m6bdn4tams25,2025-11-23T03:38:18.747866+00:00
"The horn and stickers are this kit: www.ebay.ca/itm/28655862...

I originally wanted the Nonnef/Toyhax sets but the cost of the toyhax sets were quite high and the Canada Post strike stopped Nonnef's shipments to Canada. 
I might still get the Nonnef horn for its lights down the road though.",brickonat.org,2025-11-23T03:10:58.000Z,at://did:plc:5z7r6v6iuj3txbvyuheywxf3/app.bsky.feed.post/3m6bdmobp622a,2025-11-23T03:38:18.747868+00:00
"Great day in King City for the Artisan Market. I will be there again from 10a-3p with soaps,  gift boxes and more. 2585 King Rd, King City, ON 
Khalanaturals.com shop online!
Made in Canada. Shop local!",khalanaturals.bsky.social,2025-11-23T03:10:53.331Z,at://did:plc:tmnioseshzv574srlsqradzj/app.bsky.feed.post/3m6bdmjtyyc23,2025-11-23T03:38:18.747870+00:00
"the same people who are the reason i don't get to decide if i believe or not if conversion practices are still used in canada

because i /know/ they are",noahfisk.bsky.social,2025-11-23T03:10:09.986Z,at://did:plc:h6lm5hiwgvqe3uzqcqsq5fhv/app.bsky.feed.post/3m6bdlaifjc2q,2025-11-23T03:38:18.747872+00:00
"We are not waiting for Trump to get over his temper-tantrum with Canada. Prime Minister Carney and Canada are forming new deals and partnerships with UAE countries. @mark-carney.bsky.social  
Carney Secures Major Trade and Investment Deals in the UAE
onest.substack.com/p/nov-21-use...",ratlantica.bsky.social,2025-11-23T03:09:35.924Z,at://did:plc:honmmb2tyrmy7hylnqcjnahe/app.bsky.feed.post/3m6bdk7ywv22u,2025-11-23T03:38:18.747873+00:00
 Think only rogers and Kevin O’Leary are Trump fans but no idea about Galen Weston probably second richest guy in Canada but he has has 0 scandals,bibliophile99.bsky.social,2025-11-23T03:09:23.474Z,at://did:plc:lyvztfv2xp5su33ype2ddqgk/app.bsky.feed.post/3m6bdju4xnc22,2025-11-23T03:38:18.747875+00:00
"Lived in Oz in '04 for a year and I did get a little into the politics there, but not really.

Canada in a strange way doesn't have that same with our Libs and Cons.  (it's more complicated with NDP and BQ but yeah).

And people who are like, if it's not 100% it's the same as 0% are fucking boring.",wspano.bsky.social,2025-11-23T03:08:48.039Z,at://did:plc:32rquge5pjuhafxyggzc26j7/app.bsky.feed.post/3m6bdisdl5k2k,2025-11-23T03:38:18.747877+00:00
"#Hockey #article #NHL #canadiens #montreal #leafs #toronto #expats #canada #analytics 

hockeyinthecarolinas.com/show/t-o-r-2...",hitcarolinas.bsky.social,2025-11-23T03:08:44.209Z,at://did:plc:s5cqsiuslbv37y7765jukikb/app.bsky.feed.post/3m6bdioopvc2h,2025-11-23T03:38:18.747878+00:00
"Also more of our new moms and their babies live.
2025
Average infant deaths per 1000 births:
Average USA = 5.1 deaths
Average Canada = 4.3 deaths

Average maternal deaths per 100,000 births
Average USA = 21 deaths
Average Canada =  11 deaths",auntyfa.bsky.social,2025-11-23T03:08:22.917Z,at://did:plc:65l2bh4pxbtkktoy5hivvovw/app.bsky.feed.post/3m6bdi2evx22m,2025-11-23T03:38:18.747880+00:00
"That's how I learned how to drain a foundation in residential architecture.
Interesting that we don't seem to call it that in Canada. 🤔",john-gardi.bsky.social,2025-11-23T03:07:02.831Z,at://did:plc:qhozoamzkfeap4hpqz4as3cy/app.bsky.feed.post/3m6bdfnyzts2d,2025-11-23T03:38:18.747882+00:00
Canada Dry,bamaslymm.blacksky.app,2025-11-23T03:06:55.791Z,at://did:plc:ppcpwmrxxyi7k46ajkko2iuk/app.bsky.feed.post/3m6bdfhbzxk24,2025-11-23T03:38:18.747884+00:00
"Folks, let’s also not forget this holiday season as the potential contract agreement between the government and Canada Post may be finally coming to an end. Do some old school Christmas cards buy some stamps get some envelopes. Hell even make it fun with some wax seals",teasemporiumandco.bsky.social,2025-11-23T03:06:22.760Z,at://did:plc:b27bufvovv36a4q5nxofi5by/app.bsky.feed.post/3m6bdehrz4s2x,2025-11-23T03:38:18.747885+00:00
"Sanofi Canada Co-Op University Recruitment Program - Toronto, ON Job educativ.net/jobs/job/49034...",educativ.bsky.social,2025-11-22T22:06:14.197-05:00,at://did:plc:voa5jj4mjj2u76o7cp6qanjz/app.bsky.feed.post/3m6bde7plug2h,2025-11-23T03:38:18.747887+00:00
Canada wants you to have universal health care. Like every other civilized country in the world. Make it happen. Go beyond ACA. Real universal health care will actually be cheaper in the long run. Like any other insurance. Everybody pays but not everybody makes claims. Higher taxes but worth it!,jimmyjamesjobob.bsky.social,2025-11-23T03:05:51.918Z,at://did:plc:mgymf2jsxo6sfniublwtdmcb/app.bsky.feed.post/3m6bddkeryc2g,2025-11-23T03:38:18.747889+00:00
Gotta go....forever - Canada dry!!!!,daflyguy.bsky.social,2025-11-23T03:05:48.334Z,at://did:plc:jfo7jhkvetw4fsgkepny4hei/app.bsky.feed.post/3m6bddgxfyc2x,2025-11-23T03:38:18.747891+00:00
"GOP Senator Thom Tillis wants Canada to pay $300B in NATO back dues. That’s rich considering the USA doesn’t pay its UN dues and didn’t the whole time Canada carried its water doing all the peacekeeping in the ninties. Fuck you Thom Tillis.
www.politico.com/news/2025/11...",ellieatmoore.bsky.social,2025-11-23T03:05:38.605Z,at://did:plc:l6gxz3e2ewuxsf32hmmazhre/app.bsky.feed.post/3m6bdd5ojyc2k,2025-11-23T03:38:18.747893+00:00
"Right. And after Canada caves on the jets, what other ""or else"" will there be?

Time for Canada to look to its own security and its own interests.

Pro-tip for Hoekstra: a drop of oil goes much further than a ton of sand.",anakhari.bsky.social,2025-11-23T03:05:37.570Z,at://did:plc:zbey64pdcoaivhmn4pt7qpnc/app.bsky.feed.post/3m6bdd4oxak2y,2025-11-23T03:38:18.747895+00:00
How about no deals until Dani starts following the Canada Health Act?,denyou.bsky.social,2025-11-23T03:05:33.159Z,at://did:plc:3rvf54vuqrtqokc7sffs3mg3/app.bsky.feed.post/3m6bdcyidms2m,2025-11-23T03:38:18.747897+00:00
"Labour lawyer calls Canada Post deal ‘unusual’ without contract - An employment and labour lawyer has called the latest tentative deal, reached without a contract between Canada Post and the union “unusual,” after nearly two years of bargaining between the two parties.",ctvnewskitchener.bsky.social,2025-11-23T03:05:02Z,at://did:plc:odgdofs6fnzqaguczi55peul/app.bsky.feed.post/3m6bdc3j77r2w,2025-11-23T03:38:18.747898+00:00
"One of the most wanted fugitives in Canada, 23-year-old Nicholas Singh, has been arrested.",ctvnorthernontario.bsky.social,2025-11-23T03:05:02Z,at://did:plc:mhh23w3jtcpjyqij6prkvtdy/app.bsky.feed.post/3m6bdbhmjk62i,2025-11-23T03:38:18.747900+00:00
"Canada SECURES $2.4B in AI Infrastructure — Splits from U.S. Cloud Grip

youtu.be/4tSIg9rNwrk?...",tutormeforfree.com,2025-11-23T03:04:37.206Z,at://did:plc:u3baudt2ypr234jarrrcp5uw/app.bsky.feed.post/3m6bdbd4rzk2o,2025-11-23T03:38:18.747902+00:00
"If Canada does not go with the Gripen, then all this talk of making Canada Strong is BS",celticcharm.bsky.social,2025-11-23T03:04:20.511Z,at://did:plc:rnjt6vsoito3wbk4wznkfp6c/app.bsky.feed.post/3m6bdat7bdk27,2025-11-23T03:38:18.747904+00:00
"Canada is separating its trade ties with the U.S.
Every day.

Fuck you, 
Donny. 

Sidenote:

Canada is on track to be an energy superpower in 5 years or less.

youtu.be/4q-m2THj_oE?...",joelunchpail.bsky.social,2025-11-23T03:04:19.045Z,at://did:plc:ttf5dlltv7u4h25q47ys34k6/app.bsky.feed.post/3m6bdarskoc2t,2025-11-23T03:38:18.747906+00:00
"Sanofi Canada Co-Op University Recruitment Program - Toronto, ON Job educativ.net/jobs/job/49034...",educativ.bsky.social,2025-11-22T22:03:22.061-05:00,at://did:plc:voa5jj4mjj2u76o7cp6qanjz/app.bsky.feed.post/3m6bd73kak426,2025-11-23T03:38:18.747908+00:00
"GOP lawmaker demands $300B in defense dues from Canada
Canada defends NATO commitment as forward progress at 'breakneck' speed
Read in POLITICO: apple.news/Au-AXzV1-TdO...
👉for heaven's sake, what fresh hell is this all about?",enuffsaysv.bsky.social,2025-11-23T03:02:40.189Z,at://did:plc:th4kcbbh6cvts3z24dgxux4j/app.bsky.feed.post/3m6bd5tjon22d,2025-11-23T03:38:18.747909+00:00
"USA blew a fortune on pointless wars in Vietnam, Iraq, Afghanistan, and other foreign adventures. USA sucked Canada into expensive and counter-productive war in Afghanistan. Maybe don't subsidize Israeli air strikes all over the middle east. Or send National Guard to invade USA cities. Get serious.",libelandprivacy.bsky.social,2025-11-23T03:01:29.259Z,at://did:plc:pehrjlnwimlpuarqr53vdz2t/app.bsky.feed.post/3m6bd3pv32k2c,2025-11-23T03:38:18.747911+00:00
"Source

#Canada",canada-cambot.bsky.social,2025-11-23T03:01:27Z,at://did:plc:kdmhcb4wmrqzqg6hn2ps55t4/app.bsky.feed.post/3m6bd27pra72l,2025-11-23T03:38:18.747913+00:00
"Republican lawmaker Sen. Thom Tillis of North Carolina says it’s all good and well that Canada is finally meeting its NATO defense spending commitments, but Canada should make up for two decades of back dues — to the tune of $300 billion
www.politico.com/news/2025/11...",carceralabolition.bsky.social,2025-11-23T03:01:19.606Z,at://did:plc:y52hu7mf3jodfkwjsp56s2bg/app.bsky.feed.post/3m6bd3gojbk2n,2025-11-23T03:38:18.747915+00:00
"Dear my wonderful Victoria constituents, thank you each and everyone who voted and lend me your support.
With my sister Summer gone, I, along side with all of you, we will build a COOL Victoria, a COOLER Canada!
(Photo credit @meganbetsmac-mpsp.bsky.social)",summeryang.bsky.social,2025-11-23T03:01:09.337Z,at://did:plc:zpr636vjwbaoimdlkrvdtj6o/app.bsky.feed.post/3m6bd34vlm22o,2025-11-23T03:38:18.747917+00:00
"«If You Could Read My Mind» es una canción del cantante y compositor canadiense Gordon Lightfoot. El sencillo se publicó en Canadá en 1970, donde alcanzó el número 1 de las listas. A corazón abierto...😘

""If you could read my mind, love
What a tale my thoughts could tell""

youtu.be/VR_0Rvphwow?...",ludovicom.bsky.social,2025-11-23T03:01:06.380Z,at://did:plc:vfi3y7ubhwrod4g4gdlotcmk/app.bsky.feed.post/3m6bd322vb22c,2025-11-23T03:38:18.747919+00:00
"There's only one right answer, and it's not Canada Dry Ginger Ale.",3tymesalady.bsky.social,2025-11-23T03:00:59.156Z,at://did:plc:ybnzewhjsdc7dbl52qy5plni/app.bsky.feed.post/3m6bd2t6gl22o,2025-11-23T03:38:18.747921+00:00
"Shhh!! Don't wake him up... Late afternoon. My little buddy, Felix The Fox, enjoying an afternoon siesta, on a freshly fallen bed of leaves, prior to his evening hunt. Very handsome!!
🦊📸🇨🇦
#AlgonquinPark #Fox #Mammals #Nature
#Wildlife #WildlifePhotography #OntarioParks #Canada",remyscameraeye.bsky.social,2025-11-23T03:00:40.551Z,at://did:plc:6vaw5mp2rdt5xquzwrmeq6ui/app.bsky.feed.post/3m6bd2bhhyk2s,2025-11-23T03:38:18.747923+00:00
"Sorry, been Canada-focused lately. Chriss Angel is my guess.",raincoaster.bsky.social,2025-11-23T03:00:40.548Z,at://did:plc:6xahhi3c5j7iybg4mmrudnro/app.bsky.feed.post/3m6bd2bgkp22t,2025-11-23T03:38:18.747925+00:00
They want Russia to win.  Their world view divides the world into strong winners and weak losers. So a bigger country taking over a smaller country is good (what they want do to Canada).  Also Trump’s brain stopped working in the 80s and he thinks Russia is still a great power.,incapotomus.bsky.social,2025-11-23T02:59:22.400Z,at://did:plc:7ihpedjembpduuvv4oluryz6/app.bsky.feed.post/3m6bcxwvoc22s,2025-11-23T03:38:18.747938+00:00
"Absolutely, and I agree with the pundits on CBC: if Canada folds on this threat, what's to say there won't be another one? And another.  

At some point, we have to see to our own security. And right now, the US is a threat, not a friend.

The F-35 deal is a XXIst century Trojan Horse.",anakhari.bsky.social,2025-11-23T02:58:30.187Z,at://did:plc:zbey64pdcoaivhmn4pt7qpnc/app.bsky.feed.post/3m6bcwf4bz22y,2025-11-23T03:38:18.747940+00:00
"Remember when you used to be able to get phones for free? (Or at least you could in Canada.)

Sure, it was a two year contract, but your phone was yours at the end...and there were usually multiple options! Or buy a different one.",knightattack.bsky.social,2025-11-24T03:25:29.887Z,at://did:plc:t555zvksof3az7t6fysucsld/app.bsky.feed.post/3m6duvlafbc2y,2025-11-24T03:26:15.864739+00:00
"India, Canada agree to start talks on CEPA

India and Canada will negotiate a comprehensive economic partnership to double trade to $50 billion by 2030, enhancing ties across various sectors. Press Post",presspostindia.bsky.social,2025-11-24T03:23:41Z,at://did:plc:rsa5alpxdkiszuoiivybn5nx/app.bsky.feed.post/3m6duselimb2r,2025-11-24T03:26:15.864753+00:00
Americans at the time were well informed of that and strongly supported Canada. I was visiting a penpal in Missouri and found out that people would tell me to go to the front of the long line at the gas pumps when they would notice my Québec license plates.,minou666.bsky.social,2025-11-24T03:23:35.909Z,at://did:plc:pcgc56lwnrufj2ye7pz3ikb5/app.bsky.feed.post/3m6dus6jxp22l,2025-11-24T03:26:15.864756+00:00
"Excellent summation, I posted months ago it was time for Canada 🇨🇦 to move forward and @mark-carney.bsky.social is leading the way.",larryseefried.bsky.social,2025-11-24T03:23:22.590Z,at://did:plc:2kmezf65fspnrnvujrg3z5ag/app.bsky.feed.post/3m6durrtkss2n,2025-11-24T03:26:15.864758+00:00
Where I live in eastern Ontario we now have 4 day/week to LHR direct with Air Canada. Air France daily to Paris as well. Nice for north country NY and south western Quebecers too.,careyh.bsky.social,2025-11-24T03:23:15.127Z,at://did:plc:rsayvheg4eyz4aw2xovvrp7d/app.bsky.feed.post/3m6durkprqs2t,2025-11-24T03:26:15.864761+00:00
I want to move to either Europe or Canada. I fucking hate being an American right now. So ashamed.,rebelspikeyfloof.bsky.social,2025-11-24T03:22:48.530Z,at://did:plc:ex4jkhg3sde5xwa5hgcnr2s7/app.bsky.feed.post/3m6duqre35c2y,2025-11-24T03:26:15.864762+00:00
"I'd like to see a competition between European white women karens and American white women karens. And maybe throw in the karens from Canada, Australia and New Zealand for comic relief. I'd like to know which country's karens can karen the hardest.

Should be interesting. White women are weird!",beejonson.me,2025-11-24T03:21:03.790Z,at://did:plc:2w6mbj6ho2hydardtrwbgvqy/app.bsky.feed.post/3m6dunnhoxk2o,2025-11-24T03:26:15.864764+00:00
"@bayfc.com 

Defender #SydneyCollins Selected to #Canada Women’s National Team for Upcoming November International Window  

@canwnt.bsky.social 

#CANWNT #🇨🇦

More details
bayfc.com/press-releas...",danlee863.bsky.social,2025-11-24T03:20:27.485Z,at://did:plc:65luphyxzrvlpx75yk4ebhlj/app.bsky.feed.post/3m6dumktvqk27,2025-11-24T03:26:15.864766+00:00
"The Empress rewards obedience… and punishes hesitation

#findom #moneykink #bdsm #fetish #yyc #simp #mommy #Canada #discord #finsub #gamersub #kink #femdom #humanatm #yeg #empress #bbw #femsub #MILF #canadianfindom #realnsfw #femelite https://throne.com/calistathorne/wishlist",empresscalista.bsky.social,2025-11-24T03:20:05.081Z,at://did:plc:vxcbk4naudmesuvyvrreryfo/app.bsky.feed.post/3m6dulwrqqv2d,2025-11-24T03:26:15.864768+00:00
"They'll cave.  Apparently, everyone except Canada does eventually.",wittman98.bsky.social,2025-11-24T03:19:40.179Z,at://did:plc:ktzybo64ez5rliu4nm5x525n/app.bsky.feed.post/3m6dul5q3ls2r,2025-11-24T03:26:15.864770+00:00
"Can you say ""Stockholm Syndrome,"" girls and boys?

#USPOL #USA #us #uspoli #poli #politics #cdnpoli #canada #MidasMighty #Politics-matter #PoliticsNation #america #anticapitalism #anticapitalist #capitalismkills #capitalism #abolishcapitalism #fuckcapitalism #ClassConsciousness #FalseConsciousness",robduncan.bsky.social,2025-11-24T03:18:34.385Z,at://did:plc:ig6dnt4tqgg7iwwtywx3bkvd/app.bsky.feed.post/3m6duj6yamk2m,2025-11-24T03:26:15.864772+00:00
Canada was a good neighbor and ally until the republicans decided to treat them like shit and threaten them. The U.S. doesn’t deserve respect or cooperation from Canada,cworickb.bsky.social,2025-11-24T03:18:05.798Z,at://did:plc:4jikheqbfyl6tnrxq7kpug4b/app.bsky.feed.post/3m6duidpsnk2n,2025-11-24T03:26:15.864774+00:00
Been noticing a lot of geese still here in Winnipeg Canada. Even they don’t want to go to the States😂😂😂😂,dennissec.bsky.social,2025-11-24T03:17:52.796Z,at://did:plc:hb3wsodmweh4uynpz54er4s5/app.bsky.feed.post/3m6duhxcyfs2v,2025-11-24T03:26:15.864776+00:00
"#zeeglobalvision #seo #searchengineoptimization
www.zeeglobalvision.com/2025/11/what...

#blogger #viralpost #blogs #viral #education #youtubers #uk #usa #australia #canada",zglobalvision.bsky.social,2025-11-24T03:17:33.535Z,at://did:plc:xac527bxuyod2zya72y5d4eu/app.bsky.feed.post/3m6duhex7ss2o,2025-11-24T03:26:15.864777+00:00
"The dem party could 100% successfully organize an election if it wanted to. 

The scale is smaller but if (for example) the Canadian liberal party can set up an election in like 6 weeks to elect the Prime Minister of Canada then the US Democratic Party can organize an election over like 3 years",human-bot.bsky.social,2025-11-24T03:16:51.494Z,at://did:plc:4ckqqyp3fnmbvmek6dsgevmw/app.bsky.feed.post/3m6dug5be322k,2025-11-24T03:26:15.864779+00:00
"Well damn. Look at that..

The Alberta ""proud"" ""independence"" crew are shadow puppets of offshore bot campaigns. Search their base of origin and it is never Canada. When will Canada get serious about taking on the foreign players trying to break up our country?

- Charlie Angus",1000wordsinapic.bsky.social,2025-11-24T03:16:50.010Z,at://did:plc:w7acjxxbf3v6etkeehogvjfw/app.bsky.feed.post/3m6dug3hem22s,2025-11-24T03:26:15.864781+00:00
I live so close to canada now I get to hear the best national anthem all the time. Oh Canada fuckin slaps.,justbeingbeans.bsky.social,2025-11-24T03:16:43.428Z,at://did:plc:cvdv6z4dnqikknkzbdqg4b76/app.bsky.feed.post/3m6dufv627s23,2025-11-24T03:26:15.864783+00:00
"Craig Bay in Parksville, Canada.

#Canada",canada-cambot.bsky.social,2025-11-24T03:16:32Z,at://did:plc:kdmhcb4wmrqzqg6hn2ps55t4/app.bsky.feed.post/3m6dufmj5em22,2025-11-24T03:26:15.864785+00:00
CPC and LPC are inhumane parties. Canada isn't looking good.,discordantmuse.bsky.social,2025-11-24T03:16:01.443Z,at://did:plc:hbgr24ccw3opjxg5k3ua347m/app.bsky.feed.post/3m6duen4s7s2d,2025-11-24T03:26:15.864787+00:00
I guess Trump gave up on “taking back the Panama Canal” and making Canada a state and traded them for indiscriminately bombing boats and potentially blowing up Venezuela.,vincenzodon.bsky.social,2025-11-24T03:15:55.695Z,at://did:plc:pjopl4z6aibfb62skj5tgoq6/app.bsky.feed.post/3m6duehndxk24,2025-11-24T03:26:15.864789+00:00
#canada #cdnpoli,imaginarystories.bsky.social,2025-11-24T03:14:23.656Z,at://did:plc:jjn6ptz4wwbma6zefvc7ut5r/app.bsky.feed.post/3m6dubpul422c,2025-11-24T03:26:15.864791+00:00
Intermediate Quality Analyst - Mississauga Ontario Canada Job educativ.net/jobs/job/49071...,educativ.bsky.social,2025-11-23T22:14:19.205-05:00,at://did:plc:voa5jj4mjj2u76o7cp6qanjz/app.bsky.feed.post/3m6dubltrcy2b,2025-11-24T03:26:15.864793+00:00
"It'll take a long time but it's the only way out if the never ending medical debt cycle. Hopefully for Americans one day the right will see the light. And you'll still need to convince a whack of dems too!
I'm Canada we don't pay per visit to the hospital. Taxes pay health insurance",jimmyjamesjobob.bsky.social,2025-11-24T03:14:11.370Z,at://did:plc:mgymf2jsxo6sfniublwtdmcb/app.bsky.feed.post/3m6dube5m3c2g,2025-11-24T03:26:15.864795+00:00
"Has anyone else targeting Canada been exposed?

This is the only example I've seen thus far.",froggles42.bsky.social,2025-11-24T03:13:35.384Z,at://did:plc:tzlpilzexlpwllr3rgebwvfo/app.bsky.feed.post/3m6duabtfis2d,2025-11-24T03:26:15.864796+00:00
"Lots of disinformation and outright lies about Canada these days from inside (PP and his Con gang, Smith, Moe) and outside (Hoekstra, Vance, et  al). We must be doing things right for everyone to want to shit on us!
#CanadaStrong",keechiep.bsky.social,2025-11-24T03:13:12.837Z,at://did:plc:yrr5uywdm6ovzy7maq5fx3np/app.bsky.feed.post/3m6du7mdjrs2h,2025-11-24T03:26:15.864798+00:00
"Yoplait Yop yogurt drinks reca...
www.cbc.ca/news/canada/...  Wondering how much do we know about other foods packaged in plastic.  How much plastic are we ingesting?!",carmenschan.bsky.social,2025-11-24T03:12:35.182Z,at://did:plc:lfzgqs6vixtjtacepgg4ruuo/app.bsky.feed.post/3m6du6ig7hk2n,2025-11-24T03:26:15.864800+00:00
"sorry but in Ted's case he safe. though he was born in Canada neither of his parents are Canadian and his mother was only here on a work visa. so unless it has all the bases covered he good to keep running and holding office.
he gave up his Canadian citizenship",joleneandgrant.bsky.social,2025-11-24T03:12:24.307Z,at://did:plc:6ulypwexav6e5ftfxdibwv77/app.bsky.feed.post/3m6du662cek2n,2025-11-24T03:26:15.864802+00:00
"Canada’s prime minister says trade talks with US will resume ‘when appropriate’

https://www.newsbeep.com/us/310062/

Canada will resume trade discussions with the US “when it’s appropriate,” Canadian Prime Minister Mark Carney said on Sunday, noting he did…",us-nb.bsky.social,2025-11-24T03:12:14+00:00,at://did:plc:73um2ouzfr7e2h24gdwuxm6n/app.bsky.feed.post/3m6du5xx6da2g,2025-11-24T03:26:15.864804+00:00
Intermediate Quality Analyst - Mississauga Ontario Canada Job educativ.net/jobs/job/49071...,educativ.bsky.social,2025-11-23T22:12:09.218-05:00,at://did:plc:voa5jj4mjj2u76o7cp6qanjz/app.bsky.feed.post/3m6du5pqp3w2o,2025-11-24T03:26:15.864806+00:00
PM Mark Carney is exactly who Canada needs.  He doesn't become flustered or angry.  He is authentic and calm.  He won't be manipulated.  Or rude. Or call reporters names.  youtu.be/hp0U6Z_t5Qk?...,rosannan.bsky.social,2025-11-24T03:11:08.968Z,at://did:plc:wwbowe7waed5lxgwcqhj4rr7/app.bsky.feed.post/3m6du3w773c2f,2025-11-24T03:26:15.864807+00:00
"youtube.com/shorts/rbKBN...
Travel from Canada
to the United States
has dropped
every month
for 10 months.
The cumulative effect
of billions in lost revenue
would be felt long into the future
even if Canadians were to forget the #ChooseCanada boycott.
That's not happening in the foreseeable future.",zedneverzee.bsky.social,2025-11-24T03:10:55.617Z,at://did:plc:yzwcy4qhqhb5tudlt7dznlc5/app.bsky.feed.post/3m6du3jhpzc2b,2025-11-24T03:26:15.864809+00:00
"Exactly Richard 🙌🏻 And in the meantime he’s crisscrossing the globe forging new trading relationships to help Canada have a softer landing after the U.S. betrayal. 

Let the cons crowd continue to hang their hats on PP’s empty 3-word slogans and let’s not give them any more oxygen. 🙄",randystravels.bsky.social,2025-11-24T03:10:40.364Z,at://did:plc:axjflskdpopzwfarmyv36rjc/app.bsky.feed.post/3m6du32wbic2f,2025-11-24T03:26:15.864811+00:00
"According to this article Canada ""dominated"" this too 10 list of universities. We had 3; Britain had 5. Clearly ""we"" don't dominate in math. 
www.narcity.com/canadian-uni...",danmalleck.bsky.social,2025-11-24T03:10:31.289Z,at://did:plc:7flbdr6yumssn27vlr5o5v6y/app.bsky.feed.post/3m6du2sbc7c2b,2025-11-24T03:26:15.864813+00:00
"Anyone else noticing Focus on the Family Canada commercials on TV? I wonder who's footing the bill...  Erik Prince/Betsy DeVos's father bankrolled the original Focus on the Family. Betsy's husband donated to Amb Hoekstra's political career.
#CanPoli #CdnPoli",jeanrayburn.bsky.social,2025-11-24T03:10:10.733Z,at://did:plc:6kec5wlsnj32vp2yoixyk3pb/app.bsky.feed.post/3m6du26o3vc2c,2025-11-24T03:26:15.864814+00:00
I'd really love to have a west-east pipeline & eliminate the energy dependency on the US completely! Right now one WH phone call is all it'd take to shut ON+QC out of energy supply through Enbridge's network running south & reentering Canada.,canuck666.bsky.social,2025-11-24T03:10:08.411Z,at://did:plc:pizr3tyqsxwuxprk3pvx2yv3/app.bsky.feed.post/3m6du24h4fs2f,2025-11-24T03:26:15.864818+00:00
"Alright, let's be honest. When you think of Canada, your mind probably jumps to a few classic stereotypes: Mounties in red coats, hockey players missing their front teeth, and a national obsession with maple syrup. #funfactsaboutCanada
tonifunni.com/fun-facts-ab...",tonifunni.bsky.social,2025-11-24T03:09:43Z,at://did:plc:zj2l7hv5gumtntbvb5i4vhri/app.bsky.feed.post/3m6dtzjtsfh2e,2025-11-24T03:26:15.864820+00:00
"There's only one way to fix it. 
""But the deeper problem is the cultural break; the idea that Canadians don't think of Americans as their friends and neighbours, but as adversaries.""

www.cbc.ca/news/canada/...",nat-asha12.bsky.social,2025-11-24T03:08:02.113Z,at://did:plc:5k7dj6lumczq7f3bmujsa6rk/app.bsky.feed.post/3m6dtwdysjc2p,2025-11-24T03:26:15.864822+00:00
"#AddToBlackSky #BlackSky #BlueSky #Canada #CommonWealth #UK 

ICYMI
Watch Here:
www.youtube.com/live/Vj91h-g...",mmctee.bsky.social,2025-11-24T03:06:34.183Z,at://did:plc:uoofcmajzmhrjfhv6dsptgk3/app.bsky.feed.post/3m6dttq5fes2j,2025-11-24T03:26:15.864824+00:00
"Canada Post and union reach deal in principle to end strike - BBC News
www.bbc.com/news/article...",tetsuya-kawahara.bsky.social,2025-11-24T03:06:31.816Z,at://did:plc:mw5ligxi6s2jvmh22qk7hswb/app.bsky.feed.post/3m6dttnv5u22v,2025-11-24T03:26:15.864826+00:00
Lolol Canada is really big but I thought you were both in Alberta. I might just be misremembering,pagnificent.bsky.social,2025-11-24T03:05:48.617Z,at://did:plc:llyvrdjsnfuycjykeaopusbt/app.bsky.feed.post/3m6dtseotdc2o,2025-11-24T03:26:15.864828+00:00
"#AddToBlackSky #BlackSky #BlueSky #Canada #CommonWealth #UK 

ICYMI...
Watch Here:
youtu.be/H3f-nnlTwG4?...",mmctee.bsky.social,2025-11-24T03:05:25.902Z,at://did:plc:uoofcmajzmhrjfhv6dsptgk3/app.bsky.feed.post/3m6dtrozmpk2j,2025-11-24T03:26:15.864830+00:00
"Check your fridge: Yoplait recalls YOP drinkable yogurts - Yogurt brand Yoplait has recalled some of its products in Canada due to possible pieces of plastic, according to the Canadian Food Inspection Agency (CFIA).",ctvnewskitchener.bsky.social,2025-11-24T03:05:02Z,at://did:plc:odgdofs6fnzqaguczi55peul/app.bsky.feed.post/3m6dtqyqyjj2q,2025-11-24T03:26:15.864832+00:00
"Another disturbing thing I found is that for ""American"" leftists Twitter accounts, there are a lot of them from Brazil, Canada, or UK who were weirdly engaging in inflaming Black Americans on Twitter.",therealsazerac.bsky.social,2025-11-24T03:04:47.586Z,at://did:plc:ypk2a2zjheewlxpl7vuyflds/app.bsky.feed.post/3m6dtqkicqk2b,2025-11-24T03:26:15.864834+00:00
Intermediate Quality Analyst - Mississauga Ontario Canada Job educativ.net/jobs/job/49071...,educativ.bsky.social,2025-11-23T22:04:19.856-05:00,at://did:plc:voa5jj4mjj2u76o7cp6qanjz/app.bsky.feed.post/3m6dtpqbcdy2q,2025-11-24T03:26:15.864835+00:00
What about Greenland and Canada?,maryannesilver.bsky.social,2025-11-24T03:03:45.560Z,at://did:plc:fnda755u7e2kbyp6ilyds6si/app.bsky.feed.post/3m6dtopdfis2x,2025-11-24T03:26:15.864837+00:00
"Emotionally, I feel like Hockey Canada should build up the culture of playing for the National team when asked, even if we're talking Celebrini and Schaefer in to the World Junior team. 
I know it's just U-20, but it's important to me and I think they cannot be invited to the Olympic team otherwise.",inertnet.bsky.social,2025-11-24T03:03:27.194Z,at://did:plc:ncydwwkgq3leupyukg64cioe/app.bsky.feed.post/3m6dto5swwk2h,2025-11-24T03:26:15.864839+00:00
"Elon’s mommy dearest is an immigrant living in NY. Also, Canada and South Africa!",obrienp.bsky.social,2025-11-24T03:03:24.469Z,at://did:plc:3o733zemy5oma43nweefbjf7/app.bsky.feed.post/3m6dto37qt22h,2025-11-24T03:26:15.864841+00:00
"From Canada, thank-you for your courage & your service to democracy @empathytour.bsky.social",amari.bsky.social,2025-11-24T03:02:30.864Z,at://did:plc:x6aemqzc3b6w2rqr5qwwtfp3/app.bsky.feed.post/3m6dtmi3w5c2j,2025-11-24T03:26:15.864842+00:00
Trump quietly holds off on Canada tariff increase - POLITICO,mrsbrown24.bsky.social,2025-11-24T03:02:29.629Z,at://did:plc:wuwhssh44dculemditp34jg2/app.bsky.feed.post/3m6dtmgw6522a,2025-11-24T03:26:15.864844+00:00
"And the good oil on Epstein.

But he always said he wanted the Americas.

Canada, Mexico, Panama etc.

He already bought Argentina.

Putin was to get Europe 

Trump the Americas

Nobody told Ukraine",jakobgamertsfelder.bsky.social,2025-11-24T03:02:29.594Z,at://did:plc:vxbn4r4jbxvvaqyxzlssiyfd/app.bsky.feed.post/3m6dtmgv5vs2g,2025-11-24T03:26:15.864846+00:00
"Source

#Canada",canada-cambot.bsky.social,2025-11-24T03:02:02Z,at://did:plc:kdmhcb4wmrqzqg6hn2ps55t4/app.bsky.feed.post/3m6dtlwnie426,2025-11-24T03:26:15.864848+00:00
Postes Canada et ses postiers s’entendent après plus de deux ans de négociations www.ledevoir.com/actualites/9... via @ledevoir.com / @cclh.bsky.social @ottawalabour.bsky.social,dominiquemarshall.bsky.social,2025-11-24T03:01:09.255Z,at://did:plc:o7anp7tyv7wk6avl5sdtfdlk/app.bsky.feed.post/3m6dtk2bgtc2d,2025-11-24T03:26:15.864849+00:00
"And if PP was PM and said the same; ""Bold stance from our PM. Canada first!""",gotchurnosvader.bsky.social,2025-11-24T03:01:01.825Z,at://did:plc:veow5rrx7y2b4zdn4kqbvvf3/app.bsky.feed.post/3m6dtjt6m222d,2025-11-24T03:26:15.864851+00:00
"So glad to see Carney stand tall over the USA's nonsense from this corrupt regime. Happy to see Canada moving on without us here.  
Please know that it breaks my heart 💔to see how far the USA has fallen, but I am elated to see Canada carrying on.",anniejr.bsky.social,2025-11-24T03:00:40.564Z,at://did:plc:lbklibem2jgpxinao7bqt3p7/app.bsky.feed.post/3m6dtj6vtcc25,2025-11-24T03:26:15.864853+00:00
"Canada has always prided itself on being fair, steady, and grounded in reality. Read on",winnipegsun.bsky.social,2025-11-24T03:00:18Z,at://did:plc:tba3ois7v7q6zraijq7h76rw/app.bsky.feed.post/3m6dtijm4jl2y,2025-11-24T03:26:15.864855+00:00
"Do you do double Thanksgiving now, in Canada, or just one? We did double a few different years (and once we celebrated ""Cranksgiving"") but it's too much work, in our collective opinion.",rachelhartmanbooks.com,2025-11-24T03:00:15.498Z,at://did:plc:2kh7nnxkqluaevznxnjex3di/app.bsky.feed.post/3m6dtigytsk2y,2025-11-24T03:26:15.864856+00:00
"Carney declares end to Canada's 'feminist foreign policy,' breaking from Trudeau era doctrine theprovince.com/news/canada/...",theprovince.com,2025-11-24T03:00:10.410Z,at://did:plc:josbhgmdah7asnx3vuxeq2wd/app.bsky.feed.post/3m6dticg7ex2k,2025-11-24T03:26:15.864858+00:00
"Canada Just Did Something That Destroyed Trump’s Ambassador After He Ruined US-Canada Relations

AI?

youtu.be/LVe33WVOvYE?...",tutormeforfree.com,2025-11-24T03:00:08.119Z,at://did:plc:u3baudt2ypr234jarrrcp5uw/app.bsky.feed.post/3m6dti7xnqs23,2025-11-24T03:26:15.864860+00:00
"We have this exact same brand in Canada
But obviously because of Commonwealth reasons haha",boardsalive.bsky.social,2025-11-24T02:59:21.697Z,at://did:plc:pmzd3ritxghlcfezijgu5aam/app.bsky.feed.post/3m6dtgtows22w,2025-11-24T03:26:15.864862+00:00
"My dear friends Canada Prime Minister Carney is well aware he doesn’t  need the US / Trump to deal with the world 
Canada is making their own trade pacs 
Canada’s economy will flourish , not because of Trump being such a fuck up 
But they are realizing Canadian self worth around the world .",frankri504.bsky.social,2025-11-24T02:59:07.599Z,at://did:plc:ondltw6nog3bzeonsworie4j/app.bsky.feed.post/3m6dtggap7k2z,2025-11-24T03:26:15.864864+00:00
"www.cbc.ca/news/canada/...

Tillis seems to have taken Trumps line of how much we owe the US.  We have never asked the US for protection we work in together with NATO and NORAD.  Please do not make us seem like we are owing to a mob boss.  Geography made us Neighbours, shared values are gone.",laurafrost.bsky.social,2025-11-24T02:58:32.936Z,at://did:plc:wb3mok46pj6a6rajl4hl7jfz/app.bsky.feed.post/3m6dtff6vm22m,2025-11-24T03:26:15.864865+00:00
"Lookin' for your #80s fix? Now live for Retro:active Sundays - An all 80's Video DJ Set, spinning #newwave #synthpop #alternative #dancemusic  and more! twitch.tv/303dreams_official #livestream #videodj #musicvideos #80smusic #twitchdj #Retro #Toronto #Canada",303dreams.bsky.social,2025-11-24T02:58:29.939Z,at://did:plc:alpg3zl2rehs6pdqqg2pogvw/app.bsky.feed.post/3m6dtfcdgts2i,2025-11-24T03:26:15.864867+00:00
"Americas Diplomat to Canada, is trying to blame Canadian for republicon MAGA loosing the latest elections, all because Ontario, a Province, ran a Clip of Former President Ronald Regan discussing tariffs. Trump is really trying to influence Canada, and ruin years of friendship!",agedadventure.bsky.social,2025-11-24T02:57:28.155Z,at://did:plc:2qv354mpxfelcd5bwt34isqg/app.bsky.feed.post/3m6dtdhfwvs2t,2025-11-24T03:26:15.864869+00:00
"Drop all the Trump tariffs against Canada first, Mr Ambassador and it will think about the jets.",kevinmulhall.bsky.social,2025-11-24T02:56:41.585Z,at://did:plc:2z6aotamntq6dwvwvfypdhsj/app.bsky.feed.post/3m6dtc2ypg227,2025-11-24T03:26:15.864870+00:00
"The ones who mock Canada are most likely those who have never been there, have seen some horror story on Faux and can't grasp that any system will have some glitches but those glitches in the US system are intentional.",adamjewell.bsky.social,2025-11-24T02:55:50.385Z,at://did:plc:xybfx2piz3cotjqqgthy2vxx/app.bsky.feed.post/3m6dtak6afc2p,2025-11-24T03:26:15.864872+00:00
I am so good at spotting within 2 minutes if a show was shot (or is secretly set in) Canada but this schlocky show we just watched Absentia (set in Boston!) was filmed in Bulgaria it turns out. Close enough.,lukeoneil47.bsky.social,2025-11-24T02:53:41.031Z,at://did:plc:4d7w4ylnasmg7oayamznsznp/app.bsky.feed.post/3m6dt4osn5k2v,2025-11-24T03:26:15.864874+00:00
wait is canada dry just called dry in canada,nora.zone,2025-11-24T02:53:26.749Z,at://did:plc:4qqizocrnriintskkh6trnzv/app.bsky.feed.post/3m6dt4b6vs22i,2025-11-24T03:26:15.864876+00:00
"Carney literally declared the end of feminist foreign policy today & is trying to push new fossil fuels infra agendas which are not even popular, so I'd argue against ""social liberalism"". By even Liberal party standards and votebase in Canada he is quite to the right...",taalluq.bsky.social,2025-11-24T02:52:16.990Z,at://did:plc:pvthrpmba5hlzdw6fcc6cgel/app.bsky.feed.post/3m6dt26nvuc2n,2025-11-24T03:26:15.864878+00:00
"They keep saying it's about trade. It's not. 

Canadians are angry about the US president and his gang talking about taking over Canada. And the fascism.",besshamilton.bsky.social,2025-11-24T02:52:14.678Z,at://did:plc:jelq6igdwxcqleplnerlkntj/app.bsky.feed.post/3m6dt24hfys2t,2025-11-24T03:26:15.864879+00:00
"They’re playing Monopoly. Trump’s NY real estate buddy said you can have Ukraine and Europe if you and china let us have Venezuela and Latin America, Greenland and Canada.

that’s why the 6 congresspeople mad the video about illegal ...",dave.feediverse.org,2025-11-24T02:52:13.454Z,at://did:plc:l5t7vekrjpxd2uc4pwt2c47f/app.bsky.feed.post/3m6dt23f3fb2y,2025-11-24T03:26:15.864881+00:00
corner gas is like the seinfeld of canada,nikkibuh.bsky.social,2025-11-24T02:51:52.949Z,at://did:plc:34hbgrjbyncqomslrgzis4gt/app.bsky.feed.post/3m6dszhqad22d,2025-11-24T03:26:15.864883+00:00
Nobody with any sense is mocking Canada.  Or any other universal healthcare country.,almedoz64.bsky.social,2025-11-24T02:51:49.289Z,at://did:plc:qvmxgo4tlbxc5rks7axs7bab/app.bsky.feed.post/3m6dszeak422y,2025-11-24T03:26:15.864884+00:00
"ALBERTA Canada
these CLOWNS are as dangerous as cancer, no hyperbole",stephenmagpie.bsky.social,2025-11-24T02:51:22.152Z,at://did:plc:2tvw2ycuffexugxfdfkqwvvr/app.bsky.feed.post/3m6dsykef4s25,2025-11-24T03:26:15.864886+00:00
"They’re playing Monopoly. Trump’s NY real estate buddy said you can have Ukraine and Europe if you and china let us have Venezuela and Latin America, Greenland and Canada.

that’s why the 6 congresspeople mad the video about illegal orders now. To be legal, Congress would have to be involved?",scripting.com,2025-11-24T02:51:18.313Z,at://did:plc:oety7qbfx7x6exn2ytrwikmr/app.bsky.feed.post/3m6dsygpdz22u,2025-11-24T03:26:15.864888+00:00
"Tillis, like most American politicians have no idea how different is Canadian culture and arrogantly presume they can dictate to us. Canadian citizens are growing more wary and weary every day of US hegemony and dis-respect towards Canada, its people, it's culture and it's politics.",toddgoldsbie.bsky.social,2025-11-24T02:51:10.368Z,at://did:plc:z2xlr2kiovi2aopz4epvmcmu/app.bsky.feed.post/3m6dsy74rcs2j,2025-11-24T03:26:15.864890+00:00
Miss me with your anti-Carney bullshit. This is the Prime Minister Canada needs and the world leader democracy deserves. 🇨🇦,choosekindness.bsky.social,2025-11-24T02:50:54.069Z,at://did:plc:h6dzeu2qkbsvynxlqnuz7wlt/app.bsky.feed.post/3m6dsxpled22x,2025-11-24T03:26:15.864891+00:00
"I wonder who will make the first move to renew trade negotiations? I’m with PM Carney on this..let them stew.He’s working hard so Canada won’t need the US. Period. FAFO

Carney: No ‘burning issue’ to bring up with Trump, talks to resume when ‘appropriate’ www.ctvnews.ca/politics/art...",rickja.bsky.social,2025-11-24T02:50:33.674Z,at://did:plc:3d24hmznyyzvykpycxuhjtvy/app.bsky.feed.post/3m6dsx452be2k,2025-11-24T03:26:15.864893+00:00
Glory to Canada...!!,codenbach23.bsky.social,2025-11-24T02:50:16.148Z,at://did:plc:jeu67gjioevc73u7h5bm6kny/app.bsky.feed.post/3m6dswlgkqk2d,2025-11-24T03:26:15.864895+00:00
"The problem is, it's most frequently pronounced ""ess-ex"" ... whereas in Canada, we have the rarely mispronounced ""Dildo""",andeesc2.bsky.social,2025-11-24T02:49:54.461Z,at://did:plc:nvdintpeym2gldskq44t5im2/app.bsky.feed.post/3m6dsvwqcec2i,2025-11-24T03:26:15.864897+00:00
Creo que he visto 1 y no recuerdo en Canadá o usa. Yo ahí con un Chevrolet Spark entre moles y pickups de doble eje. La de veces que pensé que no me veían.,pabliter.bsky.social,2025-11-24T02:49:52.645Z,at://did:plc:cct6oj3ctf4i2iml6an5alq6/app.bsky.feed.post/3m6dsvuytx22j,2025-11-24T03:26:15.864899+00:00
"‼️ Join our DISCORD for exclusive J18 secrets:
discord.gg/mJAhfMcQGB

🇨🇦 Buy in CANADA:
www.beguilingbooks.com

🇪🇺 Buy in EUROPE:
otakulicious.eu

👓 Read for FREE on the J18 FREE-READER:
doujin.io/manga/8576...",j18publishing.bsky.social,2025-11-24T02:49:28.944Z,at://did:plc:2cg632cb4dxj4ye3gvu4nbsb/app.bsky.feed.post/3m6dsv6hc6h2h,2025-11-24T03:26:15.864900+00:00
Do they not make boots in Canada or are you afraid if you put some on the ground in Ukraine we're going to invade you?,houfek.bsky.social,2025-11-24T02:49:17.997Z,at://did:plc:ksewki6hptwg3ddwkviq2qqz/app.bsky.feed.post/3m6dsutxhz22o,2025-11-24T03:26:15.864902+00:00
jackie chan and chris tucker on a mission to open up the giant faucet in canada,rotanen.bsky.social,2025-11-24T02:49:06.439Z,at://did:plc:vf2ynpa7abn2y4uifm3s6crm/app.bsky.feed.post/3m6dsuiwqvk2l,2025-11-24T03:26:15.864904+00:00
"Chears Babe 😌
Danicatremblay.com

#casino #canada #hot #contentcreator",danicatremblay.bsky.social,2025-11-24T02:49:01.662Z,at://did:plc:iaubvrpifyyz5ktfbblfoa2v/app.bsky.feed.post/3m6dsuef3rc2a,2025-11-24T03:26:15.864906+00:00
"This is a huge mistake! Premiers of Canada, go back and do this right.",dloewen2.bsky.social,2025-11-24T02:48:56.345Z,at://did:plc:7ilk26ierr5n5ms3rinic3o6/app.bsky.feed.post/3m6dsu7cpi22a,2025-11-24T03:26:15.864908+00:00
"Surfing about and. 
Gripen looks like the choice for Canada. Especially since the US has full control of the F35 no matter who has it or where it is. 
Obviously; The Trump administration has already proven they can not be trusted. 
 Trump doesn’t even honour deals with his own signature.",2wheelmike13.bsky.social,2025-11-24T02:48:42.430Z,at://did:plc:s3i7kyfbmexbuctmm7pyiyf4/app.bsky.feed.post/3m6dsts22mc2m,2025-11-24T03:26:15.864912+00:00
"Ethan Patel from Vancouver, Canada is carrying a pizza box. While doing so, James Wilson also realizes too late they’ve spilled coffee on their shirt as the chef watches in quiet amusement. Then, a gust of wind blows their food off the table.",raspberi.bsky.social,2025-11-24T02:48:15.98526200Z,at://did:plc:cl2as54pbcu3nksugeqz5nf7/app.bsky.feed.post/3m6dst5z7kb2a,2025-11-24T03:26:15.864914+00:00
I blame Canada.,bradreeder.bsky.social,2025-11-24T02:48:13.563Z,at://did:plc:2n2w4i76r6isb4etxhn5bngt/app.bsky.feed.post/3m6dsswj46k2c,2025-11-24T03:26:15.864916+00:00
Can't Canada bush him and tell tRump to find another dick to fill the roll.,petersee.bsky.social,2025-11-24T02:48:13.541Z,at://did:plc:2tbf2bgkdy7dfxtobr2sefvb/app.bsky.feed.post/3m6dsswihoc2w,2025-11-24T03:26:15.864917+00:00
CO2(100yr) in the largest urban areas of Canada/US. Data scraped from Climate Trace,desertsands39.bsky.social,2025-11-24T02:48:05.117Z,at://did:plc:57w3she6wvndmi5whjegutuh/app.bsky.feed.post/3m6dssohe522m,2025-11-24T03:26:15.864919+00:00
they're all in canada,orcmom.art,2025-11-24T02:47:52.753Z,at://did:plc:vchubneyf4wohqr2wijmiexx/app.bsky.feed.post/3m6dssco2vc2h,2025-11-24T03:26:15.864921+00:00
Not sure how much energy Russia has to keep on twistin'. Hey what's Europe doing?  Or Canada for that matter?,houfek.bsky.social,2025-11-24T02:47:49.396Z,at://did:plc:ksewki6hptwg3ddwkviq2qqz/app.bsky.feed.post/3m6dss7hlls2o,2025-11-24T03:26:15.864922+00:00
And stop thinking that Red China is the one trying to break Canada up...cause it's not! They just want to do trade with us.,charlesmyerscough.bsky.social,2025-11-24T02:47:16.235Z,at://did:plc:qavuyehyks5ghw4n7uncdgcd/app.bsky.feed.post/3m6dsr7tnr22k,2025-11-24T03:26:15.864924+00:00
"Tilley Port aux Basques, Newfoundland, CA

#Canada",canada-cambot.bsky.social,2025-11-24T02:46:28Z,at://did:plc:kdmhcb4wmrqzqg6hn2ps55t4/app.bsky.feed.post/3m6dspz67gd2p,2025-11-24T03:26:15.864926+00:00
"Alleria, Eh! Covering Politics and Stuff - MAGA Propaganda continues to ooze into canada: anti-social food program misinformation - Nov 22, 2025

MAGA flavoured propaganda is flowing into canada, this time as misinformation regarding school food programs.

youtu.be/ftbsjJnTQBw?...",grumpygeek4sure.bsky.social,2025-11-24T02:46:24.621Z,at://did:plc:76fbmu72wezdnsk5k4is4osa/app.bsky.feed.post/3m6dspomiic2j,2025-11-24T03:26:15.864928+00:00
How would NORAD be affected if Canada got Gripens and the US didn't? No big deal?,dlg53.bsky.social,2025-11-24T02:45:50.291Z,at://did:plc:vorphoi2cdns5s4hqxu54smw/app.bsky.feed.post/3m6dsonut3s2p,2025-11-24T03:26:15.864930+00:00
Canada will host Brazil in Davis Cup qualifying tie in February,cp24-mirror.bsky.social,2025-11-24T02:45:38.112670+00:00,at://did:plc:jxzjpg4p4giu4oycq2oaljip/app.bsky.feed.post/3m6dsocc2uu24,2025-11-24T03:26:15.864932+00:00
"Honestly, same. There's not as many shows here in Canada as in the US, but I've managed to find just enough to keep busy this year by looking at the small niche events-- and honestly I find I enjoy the small niche stuff the most.",varethane.bsky.social,2025-11-24T02:45:18.778Z,at://did:plc:eoilkc7hq47geeusx5rghtsw/app.bsky.feed.post/3m6dsnpt4ok2c,2025-11-24T03:26:15.864933+00:00
"Wow. Just fucking WOW. You actually published this? Clearly it was a fair deal and not negotiated at the point of a bayonet or anything like that, too, right?

Opinion: Canada wasn't 'stolen' from Indigenous people | National Post share.google/ZQUh1aUNCcnr...",rygtk.bsky.social,2025-11-24T02:44:52.340Z,at://did:plc:wuv6hatoba7t74y6dp6qlftf/app.bsky.feed.post/3m6dsmwmfas2t,2025-11-24T03:26:15.864935+00:00
JFC. What world are we living in!? Canada can you take some refugees 🤦,weeirish.bsky.social,2025-11-24T02:43:35.486Z,at://did:plc:d6aj3nryery3cfvhmmaausba/app.bsky.feed.post/3m6dskncyjc27,2025-11-24T03:26:15.864937+00:00
"Ever heard the saying that when America sneezes Canada catches a cold.
Well until the gap created by the US Robber Barons is addressed Canada will be influenced by their poverty driven economy.
Canada has politicians that think America is right in their approach and our workers should be poorer too.",dpengelly.bsky.social,2025-11-25T03:15:44.383Z,at://did:plc:bd3mijtbcb4zjja7o3k37p22/app.bsky.feed.post/3m6get2cw2s24,2025-11-25T03:16:56.789680+00:00
"I once had to build mascot costumes for Parks Canada. You're absolutely right... You do NOT want to make them mad. (I didn't,  btw- but the wording of the contract was more threatening than a DISNEY contract!)",auntyr.bsky.social,2025-11-25T03:14:50.127Z,at://did:plc:xwqu7kcma2zadiclsnnbuw2r/app.bsky.feed.post/3m6gergl4pk2k,2025-11-25T03:16:56.789698+00:00
"Solar sidewalks? Yes, please! 🌞 Imagine walking on a path that powers your local delivery while growing veggies. A study claims this could cut urban emissions by 98%. https://www.pv-magazine.com/2025/11/24/solar-sidewalks-in-canada-cut-urban-emissions-98-claim-scientists/",climatechange.solutions,2025-11-25T03:13:46.208781+00:00,at://did:plc:5pvcdg3acdpg54er3af2di7w/app.bsky.feed.post/3m6gepjtafr2b,2025-11-25T03:16:56.789702+00:00
"Merci à toute l'équipe de COVID-19 Ressources Canada pour les commentaires hebdomadaires et pour la poursuite de notre travail.
#EnsembleNousPouvons",moriartylab.bsky.social,2025-11-25T03:13:11.013Z,at://did:plc:qbuobwdie7rzq4fburk63aft/app.bsky.feed.post/3m6gep2k5aw2q,2025-11-25T03:16:56.789705+00:00
L’aperçu national sur la COVID-19 au Canada se trouve ici : bsky.app/profile/mori...,moriartylab.bsky.social,2025-11-25T03:13:11.009Z,at://did:plc:qbuobwdie7rzq4fburk63aft/app.bsky.feed.post/3m6gep2f6332q,2025-11-25T03:16:56.789707+00:00
"Prévisions de COVID pour le Canada : NOV 22 - DÉC 5, 2025

NUNAVUT, TNO, YUKON

TRÈS ÉLEVÉ [stable]

Environ 1 personne sur 151 est infectée

Par rapport au point le plus bas de la pandémie au Canada :

-Infections : 9.5 x🔺
-COVID longue : 6.1 x🔺
-Hospitalisations : 9.7 x🔺
-Décès : 14.0 x🔺",moriartylab.bsky.social,2025-11-25T03:13:11.008Z,at://did:plc:qbuobwdie7rzq4fburk63aft/app.bsky.feed.post/3m6geoyvlmd2q,2025-11-25T03:16:56.789709+00:00
"Prévisions de COVID pour le Canada : NOV 22 - DÉC 5, 2025

COLOMBIE BRITANNIQUE

ÉLEVÉ [stable]

Environ 1 personne sur 221 est infectée

Par rapport au point le plus bas de la pandémie au Canada :

-Infections : 7.3 x🔺
-COVID longue : 5.8 x🔺
-Hospitalisations : 5.7 x🔺
-Décès : 8.6 x🔺",moriartylab.bsky.social,2025-11-25T03:13:11.007Z,at://did:plc:qbuobwdie7rzq4fburk63aft/app.bsky.feed.post/3m6geoxhd5d2q,2025-11-25T03:16:56.789712+00:00
"Prévisions de COVID pour le Canada : NOV 22 - DÉC 5, 2025

ALBERTA

SÉVÈRE [stable]

Environ 1 personne sur 114 est infectée

Par rapport au point le plus bas de la pandémie au Canada :

-Infections : 12.8 x🔺
-COVID longue : 6.5 x🔺
-Hospitalisations : 11.7 x🔺
-Décès : 20.8 x🔺",moriartylab.bsky.social,2025-11-25T03:13:11.006Z,at://did:plc:qbuobwdie7rzq4fburk63aft/app.bsky.feed.post/3m6geovqxv32q,2025-11-25T03:16:56.789714+00:00
"Prévisions de COVID pour le Canada : NOV 22 - DÉC 5, 2025

SASKATCHEWAN

TRÈS ÉLEVÉ [stable]

Environ 1 personne sur 118 est infectée

Par rapport au point le plus bas de la pandémie au Canada :

-Infections : 11.9 x🔺
-COVID longue : 6.2 x🔺
-Hospitalisations : 11.8 x🔺
-Décès : 19.8 x🔺",moriartylab.bsky.social,2025-11-25T03:13:11.005Z,at://did:plc:qbuobwdie7rzq4fburk63aft/app.bsky.feed.post/3m6geoubeh32q,2025-11-25T03:16:56.789716+00:00
"Prévisions de COVID pour le Canada : NOV 22 - DÉC 5, 2025

MANITOBA

TRÈS ÉLEVÉ [stable]

Environ 1 personne sur 119 est infectée

Par rapport au point le plus bas de la pandémie au Canada :

-Infections : 11.4 x🔺
-COVID longue : 6.1 x🔺
-Hospitalisations : 11.9 x🔺
-Décès : 18.4 x🔺",moriartylab.bsky.social,2025-11-25T03:13:11.004Z,at://did:plc:qbuobwdie7rzq4fburk63aft/app.bsky.feed.post/3m6geoss3qt2q,2025-11-25T03:16:56.789718+00:00
"Prévisions de COVID pour le Canada : NOV 22 - DÉC 5, 2025

ONTARIO

ÉLEVÉ [stable]

Environ 1 personne sur 184 est infectée

Par rapport au point le plus bas de la pandémie au Canada :

-Infections : 7.8 x🔺
-COVID longue : 5.9 x🔺
-Hospitalisations : 6.7 x🔺
-Décès : 10.2 x🔺",moriartylab.bsky.social,2025-11-25T03:13:11.003Z,at://did:plc:qbuobwdie7rzq4fburk63aft/app.bsky.feed.post/3m6georennl2q,2025-11-25T03:16:56.789720+00:00
"Prévisions de COVID pour le Canada : NOV 22 - DÉC 5, 2025

QUÉBEC

ÉLEVÉ [stable]

Environ 1 personne sur 163 est infectée

Par rapport au point le plus bas de la pandémie au Canada :

-Infections : 8.0 x🔺
-COVID longue : 6.0 x🔺
-Hospitalisations : 7.9 x🔺
-Décès : 10.4 x🔺",moriartylab.bsky.social,2025-11-25T03:13:11.002Z,at://did:plc:qbuobwdie7rzq4fburk63aft/app.bsky.feed.post/3m6geopwypl2q,2025-11-25T03:16:56.789722+00:00
"Prévisions de COVID pour le Canada : NOV 22 - DÉC 5, 2025

NOUVEAU BRUNSWICK

TRÈS ÉLEVÉ [stable]

Environ 1 personne sur 110 est infectée

Par rapport au point le plus bas de la pandémie au Canada :

-Infections : 11.2 x🔺
-COVID longue : 6.2 x🔺
-Hospitalisations : 12.0 x🔺
-Décès : 18.8 x🔺",moriartylab.bsky.social,2025-11-25T03:13:11.001Z,at://did:plc:qbuobwdie7rzq4fburk63aft/app.bsky.feed.post/3m6geoohgat2q,2025-11-25T03:16:56.789724+00:00
"Prévisions de COVID pour le Canada : NOV 22 - DÉC 5, 2025

NOUVELLE-ÉCOSSE

TRÈS ÉLEVÉ [stable]

Environ 1 personne sur 115 est infectée

Par rapport au point le plus bas de la pandémie au Canada :

-Infections : 11.3 x🔺
-COVID longue : 6.5 x🔺
-Hospitalisations : 12.1 x🔺
-Décès : 19.7 x🔺",moriartylab.bsky.social,2025-11-25T03:13:11.000Z,at://did:plc:qbuobwdie7rzq4fburk63aft/app.bsky.feed.post/3m6geomnhr32q,2025-11-25T03:16:56.789726+00:00
"Prévisions de COVID pour le Canada : NOV 22 - DÉC 5, 2025

ÎLE DU PRINCE ÉDOUARD

ÉLEVÉ [stable]

Environ 1 personne sur 195 est infectée

Par rapport au point le plus bas de la pandémie au Canada :

-Infections : 7.0 x🔺
-COVID longue : 5.6 x🔺
-Hospitalisations : 8.4 x🔺
-Décès : 11.0 x🔺",moriartylab.bsky.social,2025-11-25T03:13:10.999Z,at://did:plc:qbuobwdie7rzq4fburk63aft/app.bsky.feed.post/3m6geokr44l2q,2025-11-25T03:16:56.789728+00:00
"Prévisions de COVID pour le Canada : NOV 22 - DÉC 5, 2025

TERRE-NEUVE ET LABRADOR

ÉLEVÉ [en baisse]

Environ 1 personne sur 185 est infectée

Par rapport au point le plus bas de la pandémie au Canada :

-Infections : 7.6 x🔺
-COVID longue : 6.3 x🔺
-Hospitalisations : 6.6 x🔺
-Décès : 9.7 x🔺",moriartylab.bsky.social,2025-11-25T03:13:10.998Z,at://did:plc:qbuobwdie7rzq4fburk63aft/app.bsky.feed.post/3m6geojd3hl2q,2025-11-25T03:16:56.789730+00:00
It's amazing how many authors and psychics saw Canada and the US splitting (and a possible plot to make Canada the next state of America).,jessicacadams.bsky.social,2025-11-25T03:13:04.481Z,at://did:plc:io3pqbsxpbu4qw2miglvsoui/app.bsky.feed.post/3m6geobt2s227,2025-11-25T03:16:56.789731+00:00
"Oh boy…

""Mr. Carney, who is trying to find new export markets for Canada as he seeks to diversify trade away from the U.S. under President Donald Trump, has signalled he wants to turn the page on the Nijjar controversy.""",rvbdrm.com,2025-11-25T03:12:47.952Z,at://did:plc:mx4nzus45ho7dciimoyozkjp/app.bsky.feed.post/3m6gens2n6s2f,2025-11-25T03:16:56.789733+00:00
"Is there any way to buy from you directly? I’m in Canada, and I can pay you for the shipping.",swiftcraftymonkey.bsky.social,2025-11-25T03:11:58.225Z,at://did:plc:tyi3lxfydpfsljgvtmt44ngy/app.bsky.feed.post/3m6gemcn4nc25,2025-11-25T03:16:56.789735+00:00
"ND borders Canada, which has no abortion law, so anyone with a passport and the ability to travel can still get one. That means the ban will affect those who can’t travel the most, either the poorest or those having serious medical issues.",chayalauer.bsky.social,2025-11-25T03:11:15.695Z,at://did:plc:54dpystofszh4k2oacig7vaj/app.bsky.feed.post/3m6gel237gs26,2025-11-25T03:16:56.789740+00:00
"so none of this is confirmed (yet), but it looks like Canada is about to make a bunch of stupid decisions on climate -- risky, short-sighted, and economically irresponsible. right on the heels of #COP30.",greenprofgreen.bsky.social,2025-11-25T03:10:47.200Z,at://did:plc:tcgy5uhu4tdzjaq56i4ilqlk/app.bsky.feed.post/3m6gek6vnbc2c,2025-11-25T03:16:56.789742+00:00
"“From that overpass, the group displayed a banner reading ‘remigration now,’ alongside the Canadian Red Ensign flag, the flag of Ontario and the flag of the white supremacist nationalist group Second Sons Canada”",micchiato.bsky.social,2025-11-25T03:10:42.280Z,at://did:plc:o7resn4ug7cdrv5lo7gz3teh/app.bsky.feed.post/3m6gek27hm22m,2025-11-25T03:16:56.789744+00:00
"In Canada, it’s La-Zed-Boy..",evanecclestone.bsky.social,2025-11-25T03:10:16.819Z,at://did:plc:nxz7bj2evqxzgwcam7a7lv5m/app.bsky.feed.post/3m6gejbwgek2s,2025-11-25T03:16:56.789745+00:00
"Apparently no more kosher meals in Quebec. 

@cbcqueenspark.bsky.social 
@ctvnews-mirror.bsky.social 
@theglobeandmail.com
@ledevoir.com 

www.cbc.ca/news/canada/...",henrywindsor.bsky.social,2025-11-25T03:10:15.822Z,at://did:plc:idy6rom5u2pcnr2nh7yqx36v/app.bsky.feed.post/3m6gejay4nc2s,2025-11-25T03:16:56.789747+00:00
ABA joins delegation to advance Canada–Cambodia trade ties,thephnompenhpost.bsky.social,2025-11-25T10:10:02.397+07:00,at://did:plc:iwzotlbhq4l2wiuffivwjmni/app.bsky.feed.post/3m6geiuqekq2u,2025-11-25T03:16:56.789749+00:00
"It is ILLEGAL to fly a drone in Canadian national parks. 

I love how hard they clamped down on an influencer. 

Like, do not fuck with Parks Canada, man. They do not play. 

From the official Waterton Lakes National Parks page:",snarkysteff.bsky.social,2025-11-25T03:09:33.956Z,at://did:plc:oad6oh7t4odigvrc67n2n7pz/app.bsky.feed.post/3m6gehz2nqc2j,2025-11-25T03:16:56.789751+00:00
Technology Lead Business Analyst - Mississauga Ontario Canada Job educativ.net/jobs/job/49113...,educativ.bsky.social,2025-11-24T22:09:18.175-05:00,at://did:plc:voa5jj4mjj2u76o7cp6qanjz/app.bsky.feed.post/3m6gehk3l7s27,2025-11-25T03:16:56.789753+00:00
the shows on there look pretty good! apparently in Canada there's less variety but i'll check it out!,noralenderbe.bsky.social,2025-11-25T03:08:58.629Z,at://did:plc:qwilfvaoyxpfnhhce6iltwjz/app.bsky.feed.post/3m6gegxebwc2b,2025-11-25T03:16:56.789755+00:00
"Canada in particular seems creepily enthusiastic about offering MAID to people, more than other places where it's legal.",jakehamby.bsky.social,2025-11-25T03:08:51.615Z,at://did:plc:er5hvnhesox4rlapmvprqvv7/app.bsky.feed.post/3m6gegqoacs2y,2025-11-25T03:16:56.789757+00:00
"What if the long game is control of the Arctic and everything else in between through a vice where one handle is the US and the other is Russia?

With Russia as the lead but Trump thinking bilateral equals. 

Would explain Trump's Canada ideas. And the push to drop Ukraine & NATO.",verbostratis.bsky.social,2025-11-25T03:08:50.318Z,at://did:plc:tqlynjqg26yctcp7v32olimn/app.bsky.feed.post/3m6gegpgnpk2s,2025-11-25T03:16:56.789759+00:00
"🇨🇦🇨🇦 We are a Rule of Law nation or we are not!…

Canada must remove the Notwithstanding Clause from its Constitution…

Citizens need to elect provincial representatives that swear to vote to remove it…",struward.bsky.social,2025-11-25T03:08:44.210Z,at://did:plc:3toxaxrtlirygih4ui5mzylo/app.bsky.feed.post/3m6gegjmauk2y,2025-11-25T03:16:56.789761+00:00
We’re going to Canada next year and I’m so excited to find a gay Brawny man,orangecountyotter.bsky.social,2025-11-25T03:08:15.477Z,at://did:plc:5lbjiwpdffuaz37ukr2pxapz/app.bsky.feed.post/3m6gefo7fcc2o,2025-11-25T03:16:56.789762+00:00
A Swedish Fish candy is made in either Canada (for those outside of Europe and Asia) or Turkey.,marissaexdeath.bsky.social,2025-11-25T03:07:44.586Z,at://did:plc:3b2ak4ccdzqvaogq43i7c55e/app.bsky.feed.post/3m6geeqqndc2b,2025-11-25T03:16:56.789764+00:00
Canada should be nationalizing resource extraction and creating a sovereign wealth fund. Carney is just giving our resources away to private companies for nothing.,lalegault.bsky.social,2025-11-25T03:07:31.055Z,at://did:plc:mwagtmvsxuqlgte5iqk3fndm/app.bsky.feed.post/3m6geedtphk2p,2025-11-25T03:16:56.789766+00:00
"My family stayed in the US when I came to Canada in 1971 for university, already a dual citizen.  People oppose universal care in the US for many reasons.  One of the reasons is the lack of a concrete plan and debate from Dems.  We need to keep moving forward step by step.",abilityrules.bsky.social,2025-11-25T03:07:23.478Z,at://did:plc:p72su4m6psaqwkavlhsd436t/app.bsky.feed.post/3m6gee4zg4c2c,2025-11-25T03:16:56.789768+00:00
"We need to fight for the status quo now to make sure people don't go backwards.  After that we need to have real conversations about what we want.  I have made submissions to govt, worked with a team of lawyers on litigation up to the Supreme Court of Canada.",abilityrules.bsky.social,2025-11-25T03:07:23.477Z,at://did:plc:p72su4m6psaqwkavlhsd436t/app.bsky.feed.post/3m6gee4zc7c2c,2025-11-25T03:16:56.789770+00:00
Democrats (us) need to engage in real conversations through non-partisan coalitions and experts.  Politicians can't impose a plan on 200 million people.  I am a long time supporter of universal health care.  I live in Canada as a dual citizen because of America's health care failure.,abilityrules.bsky.social,2025-11-25T03:07:23.475Z,at://did:plc:p72su4m6psaqwkavlhsd436t/app.bsky.feed.post/3m6gee4mf4k2c,2025-11-25T03:16:56.789771+00:00
"Principal Infrastructure Engineer, Electronic Trading - Mississauga Ontario Canada Job educativ.net/jobs/job/49113...",educativ.bsky.social,2025-11-24T22:07:20.883-05:00,at://did:plc:voa5jj4mjj2u76o7cp6qanjz/app.bsky.feed.post/3m6gee2ehqj2b,2025-11-25T03:16:56.789773+00:00
"Ingérence USA inacceptable: Trump pousse ses ambassades à blâmer les ""migrations de masse"" chez ses alliés (Canada, Europe) pour exiger un durcissement des politiques migratoires. Tentative d'alignement forcé.

Que les USA se mêle de leurs affaires et sommes-nous encore vraiment des ""alliés""?",mdawinno.bsky.social,2025-11-25T03:07:20.033Z,at://did:plc:yhcidxa76suwe3xbhjmqamos/app.bsky.feed.post/3m6gee2ttwb2e,2025-11-25T03:16:56.789775+00:00
I agree. I am happy who Canadians elected to be our PM. It’s the other party that is just like MEGA. I hope Canada never goes down that path.,collburns.bsky.social,2025-11-25T03:07:16.123Z,at://did:plc:gdenazrunk7nndzvy37i757g/app.bsky.feed.post/3m6gedvlzgk2a,2025-11-25T03:16:56.789777+00:00
"Ginger beef/chicken are available at Chinese restaurants, but only in Canada. They’ve been spreading out from my city (Calgary) where they were invented. They’ve spread all across Canada, but haven’t reached Australia yet as far as I know. They are SOOO good!",jon-sociologist.bsky.social,2025-11-25T03:07:12.145Z,at://did:plc:dcaihaclba2h4jcs2rsbd2dg/app.bsky.feed.post/3m6gedrsnnc2r,2025-11-25T03:16:56.789778+00:00
"Canada to announce uranium export deal with India in further sign of warming relations

www.theglobeandmail.com/politics/art...",stevenchase.bsky.social,2025-11-25T03:07:10.338Z,at://did:plc:goiwdx2mtk5v5lixpyotdsmy/app.bsky.feed.post/3m6gedq3hzc2c,2025-11-25T03:16:56.789780+00:00
"#Cusma #U.S. #Canada #Mexico #Industries

📌(Article below has more information on subject)📌

👉🏻Dairy, whiskey, wine and steel: American industries weigh in on trade pact review👇🏻👇🏻👇🏻👇🏻

www.winnipegfreepress.com/business/202...",vp2024.bsky.social,2025-11-25T03:06:23.431Z,at://did:plc:xpcv7y3cnsmjpzctilq44fdr/app.bsky.feed.post/3m6gecddzes25,2025-11-25T03:16:56.789782+00:00
Technology Lead Business Analyst - Mississauga Ontario Canada Job educativ.net/jobs/job/49113...,educativ.bsky.social,2025-11-24T22:06:10.925-05:00,at://did:plc:voa5jj4mjj2u76o7cp6qanjz/app.bsky.feed.post/3m6gebxnp6y2s,2025-11-25T03:16:56.789784+00:00
"Okay, called them up and it seems they flagged my card because of the attempted transaction on amazon canada...when I tried to buy Xmas presents. I got them to set it so anything done in Canada is not flagged as a security issue from now on.",glen-malley.mstdn.ca.ap.brid.gy,2025-11-25T03:05:39.000Z,at://did:plc:ckk4tb5bo4xa7zrixgovkjcu/app.bsky.feed.post/3m6gednzeq4d2,2025-11-25T03:16:56.789786+00:00
I’ve been once and it needs to come to Canada asap,wolftits.bsky.social,2025-11-25T03:05:24.796Z,at://did:plc:o3drhy6belobiehxpbf7gkmw/app.bsky.feed.post/3m6gealglns2w,2025-11-25T03:16:56.789787+00:00
"Anyone out there up for a mystery? Please repost.

www.cbc.ca/news/canada/...",swainger.bsky.social,2025-11-25T03:05:22.686Z,at://did:plc:4izejyq3fmmhbizplpvhhu2d/app.bsky.feed.post/3m6geajg74c2r,2025-11-25T03:16:56.789789+00:00
"I simply hate Putin. 
I want Canada, England and the EU to band together to finish this war and kick Putin out of Ukraine!!!!! Boots on the ground and planes in the sky, come on!!!",supernanamel.bsky.social,2025-11-25T03:04:57.560Z,at://did:plc:kfupb7tw2q4rl2q6x5cn5fch/app.bsky.feed.post/3m6ge7rhfys27,2025-11-25T03:16:56.789791+00:00
"However, a public service can be underfunded, neglected, and vilified by those who want to gift it to their billionaire friends. And that's what has happened to Canada Post - and is also happening to our health system.",mikewaddingham.bsky.social,2025-11-25T03:04:40.535Z,at://did:plc:kva466kcu2mc234vv43eirek/app.bsky.feed.post/3m6ge7b7uys2a,2025-11-25T03:16:56.789793+00:00
"It depends. I can only speak to the structure I work with for my books: which is that I am paid per read for ebooks (at a lower rate than for a sale, but that's because I set it up that way)

At least in Canada, there is a grant that is distributed among authors with physical books in libraries too.",glynnstewart.com,2025-11-25T03:03:43.955Z,at://did:plc:2acsx77msqzq3f7yhv6dtvwh/app.bsky.feed.post/3m6ge5lb73s2f,2025-11-25T03:16:56.789795+00:00
#Canada,venilia13.bsky.social,2025-11-25T03:03:25.685Z,at://did:plc:4qz245vzimsqtch736gyva3m/app.bsky.feed.post/3m6ge4ztncc2t,2025-11-25T03:16:56.789796+00:00
"While you can submit bike lane obstructions from anywhere in the USA and Canada, we prioritize development resources to cities with the most bike lane obstructions and sign ups.",bikelaneuprising.bsky.social,2025-11-25T03:03:14.072Z,at://did:plc:rjk35syqcrstdmo7kgknkf5i/app.bsky.feed.post/3m6ge4or7is2l,2025-11-25T03:16:56.789798+00:00
#Canada,venilia13.bsky.social,2025-11-25T03:02:55.495Z,at://did:plc:4qz245vzimsqtch736gyva3m/app.bsky.feed.post/3m6ge452bvk2t,2025-11-25T03:16:56.789800+00:00
Merci à toute l'équipe de COVID-19 Ressources Canada pour les commentaires hebdomadaires et pour la poursuite de notre travail.,moriartylab.bsky.social,2025-11-25T03:02:50.525Z,at://did:plc:qbuobwdie7rzq4fburk63aft/app.bsky.feed.post/3m6ge4tm6il2q,2025-11-25T03:16:56.789802+00:00
Les prévisions régionales sur la COVID-19 au Canada se trouvent ici : bsky.app/profile/mori...,moriartylab.bsky.social,2025-11-25T03:02:50.521Z,at://did:plc:qbuobwdie7rzq4fburk63aft/app.bsky.feed.post/3m6ge4tglrr2q,2025-11-25T03:16:56.789804+00:00
"Le Canada a identifié ou signalé publiquement environ 0,3 % des infections, 15,3 % des hospitalisations et 6,5 % des décès prématurés dus à la COVID-19.",moriartylab.bsky.social,2025-11-25T03:02:50.516Z,at://did:plc:qbuobwdie7rzq4fburk63aft/app.bsky.feed.post/3m6ge4refmj2q,2025-11-25T03:16:56.789805+00:00
"Selon l'Agence de la santé publique du Canada (ASPC), en 2024 (l’année pour laquelle les données les plus récentes ont été publiées), le taux de vaccination contre la COVID-19 atteignait 2,2 % en Alberta et 3,9 % dans l’ensemble du pays.
sante-infobase.canada.ca/covid-19/cou...",moriartylab.bsky.social,2025-11-25T03:02:50.513Z,at://did:plc:qbuobwdie7rzq4fburk63aft/app.bsky.feed.post/3m6ge4refmg2q,2025-11-25T03:16:56.789807+00:00
"En 2022, les taux de prévalence médians annuels des infections, de la mortalité par infection et des hospitalisations au Canada correspondaient aux données du bureau national de la statistique (ONS) du Royaume-Uni …",moriartylab.bsky.social,2025-11-25T03:02:50.507Z,at://did:plc:qbuobwdie7rzq4fburk63aft/app.bsky.feed.post/3m6ge4lherw2q,2025-11-25T03:16:56.789809+00:00
"Au Canada, il est prévu que les hospitalisations requièrent 6,3 % des lits d’hôpitaux dotés en personnel pendant trois semaines (ICIS : durée moyenne des hospitalisations liées à la COVID).
www.cihi.ca/fr/statistiq...",moriartylab.bsky.social,2025-11-25T03:02:50.505Z,at://did:plc:qbuobwdie7rzq4fburk63aft/app.bsky.feed.post/3m6ge4jqwlw2q,2025-11-25T03:16:56.789811+00:00
"Cette semaine, environ 2,5 % de la population canadienne est infectée par la COVID ou souffre de la COVID longue limitant leurs activités quotidiennes. 

Cette semaine au Canada, le coût estimé des hospitalisations dues aux infections est de 92,7 millions de dollars.",moriartylab.bsky.social,2025-11-25T03:02:50.504Z,at://did:plc:qbuobwdie7rzq4fburk63aft/app.bsky.feed.post/3m6ge4ggfg62q,2025-11-25T03:16:56.789812+00:00
"Cette semaine au Canada, il est prévu que les infections entraînent 4 200 hospitalisations, 725 décès (personnes qui meurent au moins un an plus tôt qu’elles ne l’auraient fait sans la COVID-19) ...",moriartylab.bsky.social,2025-11-25T03:02:50.502Z,at://did:plc:qbuobwdie7rzq4fburk63aft/app.bsky.feed.post/3m6ge4cjv262q,2025-11-25T03:16:56.789814+00:00
"Au Canada, le taux de surmortalité attendu en raison de la COVID-19 est élevé (9 %, le score de prévision 9).",moriartylab.bsky.social,2025-11-25T03:02:50.501Z,at://did:plc:qbuobwdie7rzq4fburk63aft/app.bsky.feed.post/3m6ge4aj3sg2q,2025-11-25T03:16:56.789816+00:00
"QUOI DE NEUF CETTE SEMAINE ?

Au Canada, environ 1 personne sur 161 est actuellement infectée (580 000 – 751 000 infections/jour).

Selon l’estimation la plus récente aux États-Unis (le 24 nov.), environ 1 personne sur 116 est actuellement infectée (www.pmc19.com/data/index.php).",moriartylab.bsky.social,2025-11-25T03:02:50.497Z,at://did:plc:qbuobwdie7rzq4fburk63aft/app.bsky.feed.post/3m6ge3zjjiw2q,2025-11-25T03:16:56.789817+00:00
"never mind Canada has PROTECTED speech, not FREE speech

but yeah what this does is say that doctors are okay to promote dangerous junk medicine and can't actually be reprimanded for it",generaltekno.bttoons.com,2025-11-25T03:02:44.345Z,at://did:plc:aag5xfub7z5nxbpibxfxgv5m/app.bsky.feed.post/3m6ge3sfza22a,2025-11-25T03:16:56.789819+00:00
#Canada,venilia13.bsky.social,2025-11-25T03:02:31.451Z,at://did:plc:4qz245vzimsqtch736gyva3m/app.bsky.feed.post/3m6ge3g4jgk2t,2025-11-25T03:16:56.789821+00:00
#Canada,venilia13.bsky.social,2025-11-25T03:02:12.532Z,at://did:plc:4qz245vzimsqtch736gyva3m/app.bsky.feed.post/3m6ge2u36t22t,2025-11-25T03:16:56.789823+00:00
"New Glasgow Nova Scotia East River, Canada

#Canada",canada-cambot.bsky.social,2025-11-25T03:02:08Z,at://did:plc:kdmhcb4wmrqzqg6hn2ps55t4/app.bsky.feed.post/3m6ge2tora72r,2025-11-25T03:16:56.789824+00:00
Canada has some things just plain figured out.,tiffin.bsky.social,2025-11-25T03:01:52.323Z,at://did:plc:by7ug4hcuwstyzu3rtzvos5d/app.bsky.feed.post/3m6ge2ast6s2v,2025-11-25T03:16:56.789826+00:00
www.thestar.com/news/canada/...,kchill.bsky.social,2025-11-25T03:01:49.994Z,at://did:plc:gbizzv5j5vc776iizdzwf62u/app.bsky.feed.post/3m6ge26lfzs2a,2025-11-25T03:16:56.789828+00:00
That's the way governments in Canada work. They shred the experts stuff and then do what the corporate lobbyists or expensive American consulting firm recommends.,gringlegrif.com,2025-11-25T03:01:15.260Z,at://did:plc:rm4ozzlm6rovjy3q2faawnl4/app.bsky.feed.post/3m6gdz5he5s2u,2025-11-25T03:16:56.789830+00:00
#Canada #G20,venilia13.bsky.social,2025-11-25T03:01:10.389Z,at://did:plc:4qz245vzimsqtch736gyva3m/app.bsky.feed.post/3m6gdyyspd22t,2025-11-25T03:16:56.789833+00:00
"Can Canada mega-order the world?

Despite stormy relations with the Trump administration, Canada's PM Mark Carney is unfazed, recently passing one of the largest budgets in the nation's history.

So, how is Carney handling ties with Canada's closest ally? And is there a lesson for other US allies?",disordershow.bsky.social,2025-11-25T03:01:02.986Z,at://did:plc:cyclj63nlpa7qtj56jqmsop3/app.bsky.feed.post/3m6gdyrrqof2h,2025-11-25T03:16:56.789835+00:00
"#CUSMA  #U.S. #Canada #Mexico #Industries

👉🏻Dairy, whiskey, wine and steel: American industries weigh in on trade pact review👇🏻👇🏻👇🏻👇🏻

www.ctvnews.ca/world/trumps...",vp2024.bsky.social,2025-11-25T03:00:58.479Z,at://did:plc:xpcv7y3cnsmjpzctilq44fdr/app.bsky.feed.post/3m6gdynhcg225,2025-11-25T03:16:56.789837+00:00
"#cdnpoli #Canada 🇨🇦 #CanadaSky #onpoli #Ontario

#DougFordFailedOntario #FireDougFord",brucedc77.bsky.social,2025-11-25T03:00:22.262Z,at://did:plc:r2qm5vzmsns46l4n6e6rjh2a/app.bsky.feed.post/3m6gdxkw2as2w,2025-11-25T03:16:56.789838+00:00
"@nationalnewswatch.com any journalists want to talk about health jurisdiction in Canada?

Like, what does it buy Canadians / patients and health workers?

We know it makes a lot of duplicate bureaucratic work and lacks accountability.",shane555.bsky.social,2025-11-25T03:00:08.905Z,at://did:plc:e4hga752rh5x3zlazclrr7tv/app.bsky.feed.post/3m6gdx66fdc27,2025-11-25T03:16:56.789840+00:00
"Medicare is horrible, it doesnt cover many illnesses and doesnt cover prescriptions, thats why there are so many medicare scams and add ons. Lets ignore Bernie Sanders and pass  Universal Healthcare like the UK and Canada have instead!",sandybeaches21.bsky.social,2025-11-25T03:00:03.759Z,at://did:plc:2fenehxdht55kdzzea3bf4xh/app.bsky.feed.post/3m6gdwzbcxk2f,2025-11-25T03:16:56.789842+00:00
"Daarboven op moet je minstens $250 per kaartje en $175 voor parkeren betalen. WK 2026 is niet voor het gewone publiek. Het is er een bij de miljonairs (van FIFA) voor de miljonairs in de VS, Mexico en Canada. Het internationale voetbal is allang kapotgemaakt.",ajaxied.bsky.social,2025-11-25T02:59:52.455Z,at://did:plc:b3fbdpwkvcls2bk7oxidvppr/app.bsky.feed.post/3m6gdwoijr22t,2025-11-25T03:16:56.789844+00:00
"In a way, that brief description of yours sounds plenty queer on its own 😏 
But ugh i hate when they don’t have the airing rights in Canada",ilikeplaidalot.bsky.social,2025-11-25T02:59:24.010Z,at://did:plc:yhvqspgaxt7jlc3d6thofzzv/app.bsky.feed.post/3m6gdvteckk2z,2025-11-25T03:16:56.789846+00:00
"Keep in mind, Canadians don't hate the non MAGA Americans. Canadians only hate Trump and his MAGA cultists. BTW I hope the U.S. and Canada relationship will be fixed if Trump is ousted or if he resigns.",karlmv.bsky.social,2025-11-25T02:58:27.152Z,at://did:plc:o3mqrwkmzuwyq5ed65rbbnao/app.bsky.feed.post/3m6gdu55tms2z,2025-11-25T03:16:56.789848+00:00
#criticalrole every time Brennan emphasizes that they are in a temperate rainforest I am delighted because that is basically VANCOUVER and who amongst us has not loved three to five shows that set their actions in the forests of western canada?,isweedan.bsky.social,2025-11-25T02:58:16.957Z,at://did:plc:b64blk4clvmu6mycx6ccpbye/app.bsky.feed.post/3m6gdtu2gjb2r,2025-11-25T03:16:56.789850+00:00
"Like a derecho? I've had them blow through here in my part of central Canada. 

I'm currently awaiting 30cm of snow to accumulate over the next week.",bigfishstone.bsky.social,2025-11-25T02:58:05.676Z,at://did:plc:d4ypjyodo3sr4zugd3wdnre6/app.bsky.feed.post/3m6gdtinpjs2l,2025-11-25T03:16:56.789852+00:00
"So, is #Canada optional now?

youtu.be/TUHchildgg4?...",lancetay.bsky.social,2025-11-25T02:57:59.949Z,at://did:plc:3xew4hczefc7m4dauvg7hlxm/app.bsky.feed.post/3m6gdtd6wr22o,2025-11-25T03:16:56.789853+00:00
"Depends on your budget and the games you play, but in my experience, Canada Computers has good parts. I assume their prebuilt PCs are probably fine as well.

As a starting point, something like this would be very capable www.canadacomputers.com/en/armoury-g...",enm-40m.bsky.social,2025-11-25T02:57:53.422Z,at://did:plc:izwwxxnxjoieqv52sn334bie/app.bsky.feed.post/3m6gdt4xqqc2l,2025-11-25T03:16:56.789855+00:00
Many assholes in the US and Canada. We must rid ourselves of our current ass before he totally kills us. His support is only 30% and dropping.,leecingola.bsky.social,2025-11-25T02:56:34.065Z,at://did:plc:vuxqv6lzlhakvn2uadhyxwua/app.bsky.feed.post/3m6gdqrbync2m,2025-11-25T03:16:56.789857+00:00
"This is how I know when they breach containment. The other tell is when people start guessing random places in Alaska and Canada (which are lovely, I'm sure) or recommending me YouTube videos about life up here 😜",paisleystars.bsky.social,2025-11-25T02:55:39.600Z,at://did:plc:4ctohiaxp62xp4pcfti2op73/app.bsky.feed.post/3m6gdp5dt6s2y,2025-11-25T03:16:56.789859+00:00
"Bitcoin Heist: Family Members Waterboarded, Sexually Assaulted as Attackers Steal $1.6 Million

https://www.newsbeep.com/270730/

In brief Victims of a Bitcoin wrench attack in Canada were waterboarded, sexually assaulted, and beaten as assailants…",newsbeep.bsky.social,2025-11-25T02:55:38+00:00,at://did:plc:gi6gydeibb64wvhwm6tehjht/app.bsky.feed.post/3m6gdpadrlw2b,2025-11-25T03:16:56.789861+00:00
"NDP Candidate Avi Lewis Calls for 'Public Options' to Fight High Costs of Groceries, Housing, and Telecoms in Canada www.commondreams.org/news/avi-lew...",derekbshelby.bsky.social,2025-11-25T02:55:10.266Z,at://did:plc:4dyns4mqtqs6hmxkaxx6ktr2/app.bsky.feed.post/3m6gdobenok23,2025-11-25T03:16:56.789863+00:00
"People of Saskatchewan need to wake up. Moe and the Cons have never supported Canada or their constituents. Even though Moe is not as open as Smith, he is no better. All Cons are working for their pockets and MAGA, not 🇨🇦!",f-g19.bsky.social,2025-11-25T02:54:55.438Z,at://did:plc:oztafjytijaqqrvhbfk4ihrc/app.bsky.feed.post/3m6gdnta4ac2h,2025-11-25T03:16:56.789865+00:00
"Thank you to everyone around the US and Canada for the constant support.

It's a lot to juggle a acting career, dance career, Fashion store, and still yell about social justice and advocacy. and you guys always pull up for me. But not only that You're happy with my services.",kyriwilliams.bsky.social,2025-11-25T02:54:29.939Z,at://did:plc:pf5uumoxgng5ihf4e2u7nqcq/app.bsky.feed.post/3m6gdn2vxts2d,2025-11-25T03:16:56.789866+00:00
"www.cbc.ca/news/canada/...

##LegacyOfAbuse",canadasky1.bsky.social,2025-11-25T02:53:08.403Z,at://did:plc:z44kxtb22xngtqz5dpwmgh4t/app.bsky.feed.post/3m6gdkn5nuk2o,2025-11-25T03:16:56.789868+00:00
Not in the US or Canada. It did get a PAL VHS release in the UK and Australia. But you can't play that in a US NTSC VCR,8bitjoystick.bsky.social,2025-11-25T02:53:07.681Z,at://did:plc:sxxhjlakayvqcgfc3zedngdv/app.bsky.feed.post/3m6gdkmhnrc2r,2025-11-25T03:16:56.789870+00:00
"Exposing pee pee always brings me joy😜
#Bluesky #Politics #Resist #Democracy #Resistance #Canadasky #Canada #cdnpoli #Boycotts #America #𝓢𝓽𝓮𝓿𝓮𝓜𝓲𝓵𝓮𝓼𝓝𝓮𝓽 #neverthe51ststate #BoycottUsCars #MarkCarney #NeverVoteConservative #NeverPierrePoilievre
youtu.be/XDJp-56ROuI?...",stevemilesnet.bsky.social,2025-11-25T02:52:37.864Z,at://did:plc:px2esgvbnl7ransisaced6wu/app.bsky.feed.post/3m6gdjpzpm22c,2025-11-25T03:16:56.789873+00:00
O Canada!! 😳,david-keith.bsky.social,2025-11-25T02:52:33.221Z,at://did:plc:ejqjmid2nqv2dsg6yrucvgxs/app.bsky.feed.post/3m6gdjllyh22k,2025-11-25T03:16:56.789874+00:00
Client Onboard Analyst - Mississauga Ontario Canada Job educativ.net/jobs/job/49113...,educativ.bsky.social,2025-11-24T21:52:09.965-05:00,at://did:plc:voa5jj4mjj2u76o7cp6qanjz/app.bsky.feed.post/3m6gdivj5rm26,2025-11-25T03:16:56.789876+00:00
#Canada,venilia13.bsky.social,2025-11-25T02:51:53.134Z,at://did:plc:4qz245vzimsqtch736gyva3m/app.bsky.feed.post/3m6gdifemyc2t,2025-11-25T03:16:56.789878+00:00
I’m also in Canada and I’ve always thought turkey was my least favourite bird-meat!,erlking.bsky.social,2025-11-25T02:51:43.707Z,at://did:plc:3quaovkig5nxj4h4hjz5bnx4/app.bsky.feed.post/3m6gdi4ewwk2t,2025-11-25T03:16:56.789880+00:00
"But Canada, specifically @mark-carney.bsky.social, wants to build another bitumen pipeline and produce more LNG! 🤦🏻‍♀️😢",dinaaloi.bsky.social,2025-11-25T02:51:33.553Z,at://did:plc:mfqrxcifbozj7puwk7ovr7iw/app.bsky.feed.post/3m6gdhsp4uk2u,2025-11-25T03:16:56.789882+00:00
"#CUSMA #Canafa #Mexico
#U.S. #Enviornment

👉🏻Virtual public session of the meeting of the Canada-United States-Mexico Agreement (CUSMA) Environment Committee👇🏻👇🏻👇🏻👇🏻

www.international.gc.ca/trade-commer...",vp2024.bsky.social,2025-11-25T02:51:30.859Z,at://did:plc:xpcv7y3cnsmjpzctilq44fdr/app.bsky.feed.post/3m6gdhq4vz225,2025-11-25T03:16:56.789896+00:00
We’re not getting it in Canada. they’ll be showing “Manpower” with Edward G. Robinson and Marlene Dietrich instead.,dbjorkca.bsky.social,2025-11-25T02:50:58.070Z,at://did:plc:edoqcusjeh2fmzkd3tz2qc5a/app.bsky.feed.post/3m6gdgquajk2a,2025-11-25T03:16:56.789898+00:00
"Oblivious US writers: What if Canada joined us? :)
Canada:",hockeyinottawa.bsky.social,2025-11-26T03:16:41.213Z,at://did:plc:vchv6gkbscpevr6jdyki6uxj/app.bsky.feed.post/3m6ivdnxy4c2s,2025-11-26T03:16:56.236620+00:00
"Pierre Elliott Trudeau Airport, Quebec, Canada

#Canada",canada-cambot.bsky.social,2025-11-26T03:16:35Z,at://did:plc:kdmhcb4wmrqzqg6hn2ps55t4/app.bsky.feed.post/3m6ivdlu2sk27,2025-11-26T03:16:56.236633+00:00
"Yeah, I don't know. I guess it depend about how you feel about having an off day. I know some teams complain about it, so perhaps some may prefer having the 2-vs-3 game 

Come Friday, you gotta win two out of three regardless

It's a weird format, but such ifsCurling Canada",jockcartier.bsky.social,2025-11-26T03:16:30.754Z,at://did:plc:svsoxtgai3o47uaxjucqzo2l/app.bsky.feed.post/3m6ivddyrbc2d,2025-11-26T03:16:56.236636+00:00
#USPOL #USA #us #uspoli #poli #politics #cdnpoli #canada #MidasMighty #america #Politics-matter #PoliticsNation #WokeAF #Ethics #SocialJustice #LongerTables #DemocraticSocialist #Ecosocialism #Socialist #socialism #LeftIsBest #ClassConsciousness #FalseConsciousness #abolishcapitalism #HumanRights,robduncan.bsky.social,2025-11-26T03:16:14.709Z,at://did:plc:ig6dnt4tqgg7iwwtywx3bkvd/app.bsky.feed.post/3m6ivcup5cc2a,2025-11-26T03:16:56.236638+00:00
i’d sooner see california join canada,digitalramble.bsky.social,2025-11-26T03:15:25.315Z,at://did:plc:ytqd5thkpwwchsmsoi73ftqh/app.bsky.feed.post/3m6ivbflpyk2u,2025-11-26T03:16:56.236640+00:00
#USPOL #USA #us #uspoli #poli #politics #cdnpoli #canada #MidasMighty #america #Politics-matter #PoliticsNation #WokeAF #Ethics #SocialJustice #LongerTables #DemocraticSocialist #Ecosocialism #Socialist #socialism #LeftIsBest #ClassConsciousness #FalseConsciousness #abolishcapitalism #HumanRights,robduncan.bsky.social,2025-11-26T03:15:14.231Z,at://did:plc:ig6dnt4tqgg7iwwtywx3bkvd/app.bsky.feed.post/3m6ivb2zjq22a,2025-11-26T03:16:56.236643+00:00
"Very concerning! Someone tell the Parliamentary Budget Officer that if volunteers are scamming the PPC, the PPC are scamming Canada!",trevyng.bsky.social,2025-11-26T03:15:05.563Z,at://did:plc:suug2hhjy3w672ckc6lanbdc/app.bsky.feed.post/3m6ivasqxvs25,2025-11-26T03:16:56.236645+00:00
"Thank you. Three trips this year to Canada - ""my home and native land""!",heather-feather.bsky.social,2025-11-26T03:14:47.510Z,at://did:plc:axxtn2v6bivclt2dnqoqdfqz/app.bsky.feed.post/3m6ivabjzzk2y,2025-11-26T03:16:56.236647+00:00
"Gerson did tell him to read the damned room. “Should Canada join the U.S.” polls around 10% nationally and possibly 15% in Alberta, which is essentially Canadian Texas. Trump managed to piss off a population that’s not known for anger, so of course Douthat decided to dive right in.",jimsdouglas.bsky.social,2025-11-26T03:14:01.690Z,at://did:plc:bz4gflyopasyipzgdoez5kjp/app.bsky.feed.post/3m6iv6vtwrc22,2025-11-26T03:16:56.236649+00:00
"Same set of people who seem to orbit the Hub/MEI/Canada Strong and Free network and Project Ontario. The sad part is that PO isn't wrong that Ford won't make hard choices on housing policy, but it's combined with ""privatize Ontario healthcare""

projectontario.ca",sharonk.bsky.social,2025-11-26T03:13:55.380Z,at://did:plc:hbpefio3f5csc44msmbgioxz/app.bsky.feed.post/3m6iv6pt5t22f,2025-11-26T03:16:56.236651+00:00
"Record-breaking quantum material could outpace every semiconductor

https://www.newsbeep.com/us/313982/

Scientists at the University of Warwick and the National Research Council of Canada say they have achieved the…",us-nb.bsky.social,2025-11-26T03:12:52+00:00,at://did:plc:73um2ouzfr7e2h24gdwuxm6n/app.bsky.feed.post/3m6iv4xmciz2w,2025-11-26T03:16:56.236653+00:00
"The US peace plan that Canada has endorsed, as described by the Sudanese government",mwistar.mastodon.social.ap.brid.gy,2025-11-26T03:12:06.000Z,at://did:plc:mtf7bqs3t42xnzdl4eobus2j/app.bsky.feed.post/3m6iv3kkokf22,2025-11-26T03:16:56.236655+00:00
"GSK's COPD inhaler Trelegy Ellipta's IRA price of $175 is about in line with prices in Canada, while the price for the two-drug version Breo Ellipta at $67 is about 1/3 the price in Canada.  (4/5)",berthacoombs.cnbc.com,2025-11-26T03:11:52.538Z,at://did:plc:o3ijbizrobw6zpovn35eyzhl/app.bsky.feed.post/3m6iv37zqbs2w,2025-11-26T03:16:56.236656+00:00
"They are destroying their tourism industry. In Canada this past summer & in Dec all national parks & museums were free for both Canadians & international visitors It was called the ""Canada Strong Pass"" & brought record numbers of tourists to Canada & will be repeated next year. We welcome tourists.",canililac.bsky.social,2025-11-26T03:11:32.008Z,at://did:plc:jh2uneosgzdpoh44uitzqqns/app.bsky.feed.post/3m6iv2h3s4224,2025-11-26T03:16:56.236658+00:00
Opinion: Calls for grizzly hunts to return to Western Canada oversimplify a complex ecological issue,viawesome.bsky.social,2025-11-26T03:10:32Z,at://did:plc:5iyk5puhdm56g3uqvtykkk2i/app.bsky.feed.post/3m6iuyojjrl2s,2025-11-26T03:16:56.236660+00:00
We also call it pop where I'm from in Canada. :3,innkeeperwifey.vtubers.social,2025-11-26T03:10:31.505Z,at://did:plc:hoz66r36xjzf2bnhco7x62xz/app.bsky.feed.post/3m6iuynfe6223,2025-11-26T03:16:56.236662+00:00
"Sorry if I sound stupid, but I don’t follow podcasts. However, I’d be interested in this one, is it available in Canada? I’m assuming it should be, but I’m not sure. 🤷‍♀️ I’m not afraid to admit I’m a boomer lol",mykat.bsky.social,2025-11-26T03:10:22.130Z,at://did:plc:nv4ti6plszfeu3h5yrk6aujj/app.bsky.feed.post/3m6iuyehbuk2k,2025-11-26T03:16:56.236664+00:00
"Great news! The MPSP results confirm our Polar Caucus has added another seat. Thank you, Canada. We will build a cooler future together. 🇨🇦
•••
Excellente nouvelle! Les résultats MPSP confirment que notre caucus Polaire ajoute un siège. Merci, Canada. Nous bâtirons 
ensemble un avenir plus cool. 🇨🇦",polarmpsp.bsky.social,2025-11-26T03:10:19.770Z,at://did:plc:ma55p3ahs3g5tf3mnle25ygt/app.bsky.feed.post/3m6iuyc7f3k2i,2025-11-26T03:16:56.236666+00:00
"Lazy-ass on her part. Pick a right wing nutball with a history of saying Canada should join US, then load up a ""should we"" question and record the rhetoric dribble he serves up. Absolutely lazy and completely low-effort.",heyjoe65.bsky.social,2025-11-26T03:10:03.534Z,at://did:plc:ynwm5v2qyduv7sn2wvgvj7fo/app.bsky.feed.post/3m6iuxsprpk26,2025-11-26T03:16:56.236668+00:00
The way they have you discussing GBV like it is still 1992. The amount of studies and information alone Trudeau left Carney’s government was staggering. Choosing to let GBV explode in Canada 🇨🇦 is a choice. Governments know all the solutions to end it and choose not to implement them.,lalegault.bsky.social,2025-11-26T03:09:40.399Z,at://did:plc:mwagtmvsxuqlgte5iqk3fndm/app.bsky.feed.post/3m6iux4nqws2s,2025-11-26T03:16:56.236670+00:00
"globalnews.ca/news/1154238...

Ottawa to provide clarity on B.C.’s tanker ban, minister says

#Canada #cdnpoli #canpoli 
#cdnleg #canleg #politics
#Tanker #ban #BC 
#BritishColumbia #Hodgson
#Ottawa #politics #Eby",jamieb1000.bsky.social,2025-11-26T03:09:38.858Z,at://did:plc:q2pe2753p53fdhrnt2ylsnhr/app.bsky.feed.post/3m6iux36syc2x,2025-11-26T03:16:56.236672+00:00
"Word of the Day: FOFO - fear of finding out.

From FOMO to FOFO: The Expanding Alphabet of Fears | Psychology Today Canada",ianwday.me,2025-11-26T03:09:35+00:00,at://did:plc:6ehpp3fgnwakokqitcvy2qpg/app.bsky.feed.post/3m6iuy2nvnq2c,2025-11-26T03:16:56.236674+00:00
www.ctvnews.ca/canada/artic...,peterambler.bsky.social,2025-11-26T03:09:15.101Z,at://did:plc:ccsvyinhwts6hjlxu6ujrome/app.bsky.feed.post/3m6iuwejov22u,2025-11-26T03:16:56.236675+00:00
"This might be the most fucked up foreign policy shit show I’ve ever heard of. Witkoff just out offering Ukraine land without checking with anyone while being recorded by EU intelligence. And some people in Canada think we can deal with trump. 

archive.is/2025.11.25-2...",voscovery.bsky.social,2025-11-26T03:09:14.425Z,at://did:plc:i2grq5k4gqwyilcjuftzluyx/app.bsky.feed.post/3m6iuwdv3pc2c,2025-11-26T03:16:56.236677+00:00
"None of 40 Sisson Mine conditions met so far, province says https://www.cbc.ca/news/canada/new-brunswick/sisson-mine-conditions-province-9.6990681",dyckron.mstdn.ca.ap.brid.gy,2025-11-26T03:08:44.000Z,at://did:plc:la3n4ombjzgsm7kmio2juo6o/app.bsky.feed.post/3m6iuwdvg6dm2,2025-11-26T03:16:56.236679+00:00
"oh for fucks sake

i do like how the sacking of the white house (in the 19th c, not earlier this year, i mean) by british-held canada is overlooked 😂",digitalramble.bsky.social,2025-11-26T03:08:39.083Z,at://did:plc:ytqd5thkpwwchsmsoi73ftqh/app.bsky.feed.post/3m6iuvc6jzs2u,2025-11-26T03:16:56.236681+00:00
"Once again, Ross Douthat manages to argue the exact opposite of the truly correct opinion here. 

(Said opinion being that it would be better for Canada to annex the US and force us all to have universal healthcare and a decent pension system. j/k... mostly)",jaciem.blacksky.app,2025-11-26T03:08:34.105Z,at://did:plc:b4hiycasjgczmhx32dr44663/app.bsky.feed.post/3m6iuv5gmpc2b,2025-11-26T03:16:56.236683+00:00
Can Canada wait out the trade war with the US? www.bbc.com/news/article...,sal-vadacchino.bsky.social,2025-11-26T03:08:25.939Z,at://did:plc:lbyxufegwdqrcp4fkpqtfnev/app.bsky.feed.post/3m6iuuvng3s2o,2025-11-26T03:16:56.236685+00:00
"I mean there's normal levels of fucked (Canada, for example) and then there's the UK and large chunks of the US mainstream media.",nonbinary.computer,2025-11-26T03:08:25.700Z,at://did:plc:yfvwmnlztr4dwkb7hwz55r2g/app.bsky.feed.post/3m6iuuvg4p22k,2025-11-26T03:16:56.236687+00:00
"haven’t you heard, jen? they investigated and figured out the root cause. sure, there’s been some illness, but increased absences are mostly due to a mental health crisis sparked by a bullying epidemic that for nebulous reasons skyrocketed sometime in ‘22 or ‘23 www.cbc.ca/news/canada/...",stairway-to-kevin.bsky.social,2025-11-26T03:08:12.643Z,at://did:plc:umlonvwdiqpxeq4nxfzmvrst/app.bsky.feed.post/3m6iuuixqnk2b,2025-11-26T03:16:56.236689+00:00
"Like tourism is not already in the shitter.  A loss of 12.5 billion internationally and 6.8 billion from Canada this year alone.

Who wants a visit a fascist shithole?",icu-b4-uc-me.bsky.social,2025-11-26T03:07:42.422Z,at://did:plc:pht4htnpvjryft4acp4bo6dg/app.bsky.feed.post/3m6iutm5e2c2f,2025-11-26T03:16:56.236690+00:00
"Dave Porter - Why I Can't Love You [Canada, Lounge Funk/Folk Funk/Outsider] (197something) Self released.
https://redd.it/pp8fc3
https://youtu.be/S3hvBVsNN8k",vintageobscura.net,2025-11-26T03:07:39Z,at://did:plc:wv2gr2o7ax7r3ns5yjcyckgm/app.bsky.feed.post/3m6iutjeech2o,2025-11-26T03:16:56.236692+00:00
I will never forget my discovery of manga. It was very VERY difficult to get in western Canada in the 80s/90s. But it changed my literary tastes in wild and amazing ways. I was already a comics and books person.,cenobyte.ca,2025-11-26T03:07:36.877Z,at://did:plc:7srbdf55rbwknmsniolkl54q/app.bsky.feed.post/3m6iutgu4z22x,2025-11-26T03:16:56.236694+00:00
"WALBRAN VALLEY: “A blockade has been in the region near Port Renfrew for several months, preventing Tsawak-qin Forestry — a firm co-owned by the Huu-ay-aht First Nations and Western Forest Products Inc. — from logging...” www.cbc.ca/news/canada/... - CBC British Columbia 

#FirstNations #PortRenfrew",bcwildfirewkly.bsky.social,2025-11-26T03:07:07.893Z,at://did:plc:r64wzjtkimyq4vkiddzuu6no/app.bsky.feed.post/3m6iusl7ncc2h,2025-11-26T03:16:56.236696+00:00
"“If the company doesn’t comply, the committee agreed to issue a summons to force an appearance on Dec. 9”

www.cbc.ca/news/canada/...",shamusbrown1.bsky.social,2025-11-26T03:06:47.144Z,at://did:plc:lmjjsfx76p2pv4mnk67yilya/app.bsky.feed.post/3m6iurxggm225,2025-11-26T03:16:56.236698+00:00
"You deserve better. Come to Canada and breathe some fresh air for a summer month, then get back in and fight next November.

🇨🇦♥️🇺🇸",barrycooke.bsky.social,2025-11-26T03:06:40.491Z,at://did:plc:xxdhrqz2pcmxzpnxkwbahyga/app.bsky.feed.post/3m6iurr3ekk2x,2025-11-26T03:16:56.236700+00:00
"In Canada distribution is very different for comics and books (I have heard).

I guarantee the book industry doesn’t fully understand the GN and comics market. Bookshops don’t, and many buyers don’t. Those of us with a toe in both worlds are basically geniuses.",cenobyte.ca,2025-11-26T03:05:13.223Z,at://did:plc:7srbdf55rbwknmsniolkl54q/app.bsky.feed.post/3m6iup5u6us2x,2025-11-26T03:16:56.236701+00:00
I m from Canada too. That is horrifying! I can't even imagine this in our country.,lg700.bsky.social,2025-11-26T03:05:11.452Z,at://did:plc:nkdkb2ueqxv2jhch4w33cuoc/app.bsky.feed.post/3m6iup465f22n,2025-11-26T03:16:56.236703+00:00
"Angus Reid: “If Canadians had their way, #Ukraine would have been allowed into NATO three years ago.” #Canada 
cultmtl.com/2025/05/larg...",marlawd.bsky.social,2025-11-26T03:04:48.686Z,at://did:plc:2sfa2s6ng6hyp3otn2z2v5el/app.bsky.feed.post/3m6iuoghexk2b,2025-11-26T03:16:56.236705+00:00
Opinion: Calls for grizzly hunts to return to Western Canada oversimplify a complex ecological issue,piquenews.bsky.social,2025-11-26T03:04:36Z,at://did:plc:nqvlaluxf557tez6mlwrnwuw/app.bsky.feed.post/3m6iuo2yvgd24,2025-11-26T03:16:56.236707+00:00
"Douthat's pitch boils down to “resistance is futile.” The U.S. invaded Canada in 1775, and first used punitive tariffs as an economic weapon in the 1890s, but it takes some chutzpah to advocate Canada joining the U.S. while living in the Trump dumpster fire.

www.readtheline.ca/p/on-the-lin...",jimsdouglas.bsky.social,2025-11-26T03:04:26.964Z,at://did:plc:bz4gflyopasyipzgdoez5kjp/app.bsky.feed.post/3m6iunrqwps2a,2025-11-26T03:16:56.236709+00:00
Exposed Canadian sissy : Lifetime member of the micropenis club. #sissy #canada #tinydick #micropenis #cuckold #humiliation #exposed,lapetitesissy.bsky.social,2025-11-26T03:04:11.414Z,at://did:plc:ug6ebay3j4eovlq4jbhq5gew/app.bsky.feed.post/3m6iuncx6ks2u,2025-11-26T03:16:56.236711+00:00
"Yeah and the one he named literally tweeted back at him

""Buddy I have way bigger problems to worry about than some irrelevant gamer in Canada""",ringoyote.bsky.social,2025-11-26T03:03:58.041Z,at://did:plc:izi5mrsvvleil3avpiiqg4gd/app.bsky.feed.post/3m6iumw5sxc2d,2025-11-26T03:16:56.236713+00:00
"Até pq não sou estadunidense, não preciso saber, mas eles precisam de visto pra entrar no Canadá?",mau10.bsky.social,2025-11-26T03:03:15.047Z,at://did:plc:6czzoe4dvyase5ljxrsc5n5h/app.bsky.feed.post/3m6iuln5qms2e,2025-11-26T03:16:56.236715+00:00
Opinion: Calls for grizzly hunts to return to Western Canada oversimplify a complex ecological issue,squamishchief.bsky.social,2025-11-26T03:03:12Z,at://did:plc:sarym5p7vrxzdq476oo72w7r/app.bsky.feed.post/3m6iulkxq752x,2025-11-26T03:16:56.236717+00:00
Opinion: Calls for grizzly hunts to return to Western Canada oversimplify a complex ecological issue,thepeaknews.bsky.social,2025-11-26T03:03:12Z,at://did:plc:fp5g3ilx7f5gnuq3j6b4hlnr/app.bsky.feed.post/3m6iulkylqd24,2025-11-26T03:16:56.236718+00:00
Opinion: Calls for grizzly hunts to return to Western Canada oversimplify a complex ecological issue,northshorenews.bsky.social,2025-11-26T03:03:12Z,at://did:plc:l3cazudbqn4yc4j3i52owjyq/app.bsky.feed.post/3m6iulkr3sg2c,2025-11-26T03:16:56.236720+00:00
Opinion: Calls for grizzly hunts to return to Western Canada oversimplify a complex ecological issue,richmondnews.bsky.social,2025-11-26T03:03:12Z,at://did:plc:a36x33wbsxvcwhxlisgjeepn/app.bsky.feed.post/3m6iulkw3c22g,2025-11-26T03:16:56.236722+00:00
"I've read that is quite the problem. I've never had that problem. Maybe they're not as prevalent in Canada. I live in a small river city so that shit doesn't fly around here. We do have a lot Karen's, tho.",nat-asha12.bsky.social,2025-11-26T03:03:03.760Z,at://did:plc:5k7dj6lumczq7f3bmujsa6rk/app.bsky.feed.post/3m6iulcfb6s2e,2025-11-26T03:16:56.236724+00:00
"Canada Geese, JW Marriott Desert Springs Resort and Spa, Palm Desert, November 22, 2025.

More flora and photos:

www.inaturalist.org/observations...

#Bird
#Birds
#Nature
#Wildlife
#BirdsUS
#Goose
#Geese
#CanadaGoose
#PalmDesert",donaldgrimm.bsky.social,2025-11-26T03:02:43.175Z,at://did:plc:v4j6kq4m332r2q2bs7blosf5/app.bsky.feed.post/3m6iukorgek2u,2025-11-26T03:16:56.236725+00:00
Oui possible le mauvais choix de mots mais les johrnalistes de  Radio Canada devrait aussi passer du temps sur Ce que les Conservateurs ne font pas pour soutenir un Canada souverain.  PP et les conservateurs n'ont aucun plan.  Allez journalisyes faites votre job.,lalune08.bsky.social,2025-11-26T03:02:09.585Z,at://did:plc:f4gzca4fvlqpbqfjd4bqodlf/app.bsky.feed.post/3m6iujopyvc2q,2025-11-26T03:16:56.236727+00:00
"[August 28th, 1980] Terry Fox, running across Canada to raise money for cancer research, logged 26 miles despite leg issues. He's in good spirits, having raised $1.6 million so far.",40yearsago.bsky.social,2025-11-26T03:02:02.787Z,at://did:plc:6xb27hvdldyjxtq5pb5gst5p/app.bsky.feed.post/3m6iujibs2c2d,2025-11-26T03:16:56.236729+00:00
This is the first big gaming gift guide I ever put together and it was so much fun! Huge thanks to Nintendo of Canada! What an incredible year it's been! 🎁 videochums.com/article/gami...,aj-maciejewski.bsky.social,2025-11-26T03:02:02.455Z,at://did:plc:4pcztermm2ama67uwdr4m4m6/app.bsky.feed.post/3m6iujhwgy22f,2025-11-26T03:16:56.236731+00:00
"Inflation is running at 2% in Canada, but, of course, we did not raise tariffs!",wahope18.bsky.social,2025-11-26T03:01:47.585Z,at://did:plc:i7s5lw77eoeoov7rfy5yhtoh/app.bsky.feed.post/3m6iuizqlk22i,2025-11-26T03:16:56.236733+00:00
"BorderBuddy Pacific Highway, Surrey, B.C., Canada

#Canada",canada-cambot.bsky.social,2025-11-26T03:01:45Z,at://did:plc:kdmhcb4wmrqzqg6hn2ps55t4/app.bsky.feed.post/3m6iuj2xg2i2m,2025-11-26T03:16:56.236735+00:00
"Hope this helps—alt text summarized.

Call Visa and Mastercard with your concerns, and take up their time.

Call your representatives about your priority for freedom of speech and creative expression, and remind them of your intent to vote for other representatives who will protect these.",sizeriot.com,2025-11-26T03:01:05.198Z,at://did:plc:v5gy36auujj5bcusn4e4fq7n/app.bsky.feed.post/3m6iuhrdcrk2t,2025-11-26T03:16:56.236736+00:00
"The United states is the 2nd most hated country on the planet. Needless to say, Canada is not on the list.
worldpopulationreview.com/country-rank...",canamvet.bsky.social,2025-11-26T03:00:56.704Z,at://did:plc:2be3rbzzi55szhgh7axsgdqe/app.bsky.feed.post/3m6iuhj7t2s22,2025-11-26T03:16:56.236755+00:00
"Recall All UCP members!!

#Alberta #abpoli #ableg #UCP
#FireSnith #UCPCorruption
#RecallAllUCP #MLA #Canada
#FireTheUCP #AntiTrans #United
#Conseratives",jamieb1000.bsky.social,2025-11-26T03:00:23.686Z,at://did:plc:q2pe2753p53fdhrnt2ylsnhr/app.bsky.feed.post/3m6iugjqlmk2x,2025-11-26T03:16:56.236760+00:00
"You should go to Canada, you can just go into a shop and buy it.",irmagherd.bsky.social,2025-11-26T02:59:28.073Z,at://did:plc:f3z4sactkx6l4h7yengwpsei/app.bsky.feed.post/3m6iueuoze22w,2025-11-26T03:16:56.236764+00:00
A5 We don't even have Columbus Day in Canada but I will definitely agree with giving it the axe! #writestuff,lollipopcomics.bsky.social,2025-11-26T02:59:12.366Z,at://did:plc:zs46keoqwrkchsko7fdhp4ht/app.bsky.feed.post/3m6iuefpoic2r,2025-11-26T03:16:56.236767+00:00
"Right on.  Any journalist worthy of that name should be able to deal with all 67 burning issues we have in Canada today in details, going from historic set up, current situation, relevant alternatives, pros and cons from economic, financial, social POV, in a 15 minute dissertation. It not tough!",lacompa.bsky.social,2025-11-26T02:59:07.141Z,at://did:plc:6djyhf54bsjeyfogoqssooit/app.bsky.feed.post/3m6iueaqawc2v,2025-11-26T03:16:56.236770+00:00
On the way home #bus #publictransport #canada #photographer #photography,lepetitvampire.bsky.social,2025-11-26T02:59:02.347Z,at://did:plc:nrtny6dgdcnxxw67e4mk5uwy/app.bsky.feed.post/3m6iue46ls22v,2025-11-26T03:16:56.236772+00:00
LTT IS JUST SILENTLY SPONSORED BY THE CANADIAN GOVERNMENT NOW WTF????,xeno.vt.social.ap.brid.gy,2025-11-26T02:58:36.000Z,at://did:plc:mtvszi742xf6lq7xiwftcmt3/app.bsky.feed.post/3m6iudp7flwz2,2025-11-26T03:16:56.236774+00:00
I know. Watching from Canada in frustrated horror and disbelief! We have our issues up here but nothing like this never ending nightmare.,barbm368.bsky.social,2025-11-26T02:58:33.317Z,at://did:plc:lwenwk5oabiwt47ybxnjahnp/app.bsky.feed.post/3m6iudahzoc2w,2025-11-26T03:16:56.236775+00:00
It also certainly helps that Canada is the rare country where the Conservatives don't mostly win so the sense that we have to stay united is no doubt stronger,cjterry.bsky.social,2025-11-26T02:58:31.770Z,at://did:plc:n4f6iu5ucivfswg6ustvbqob/app.bsky.feed.post/3m6iud6yrxd24,2025-11-26T03:16:56.236777+00:00
"www.ctvnews.ca/edmonton/art...

Explainer on Alberta UCP legislature members facing recall petitions

#Alberta #abpoli #ableg #UCP
#FireSnith #UCPCorruption
#RecallAllUCP #MLA #Canada
#FireTheUCP",jamieb1000.bsky.social,2025-11-26T02:58:02.223Z,at://did:plc:q2pe2753p53fdhrnt2ylsnhr/app.bsky.feed.post/3m6iucct4gs2x,2025-11-26T03:16:56.236779+00:00
"Canada as well? If so, we have plenty of parks in Canada that Americans visit.",anwhite.bsky.social,2025-11-26T02:58:00.345Z,at://did:plc:aovvw6nhgbaegupe4pxv3r2c/app.bsky.feed.post/3m6iucazri22h,2025-11-26T03:16:56.236781+00:00
"Ii'd like to see this poll by province, as I suspect ALberta would be US-like numbers and the rest of canada would be higher",cargie.baby,2025-11-26T02:57:59.708Z,at://did:plc:fcqbddsl4syxdj4ooqtpqids/app.bsky.feed.post/3m6iucagdfs22,2025-11-26T03:16:56.236783+00:00
"Hi, Canada. Please help. No, seriously, we truly could use some help. I swear, many of us can't stand TFG or his horrible administration. We really need help...",kimberleey.bsky.social,2025-11-26T02:57:49.603Z,at://did:plc:c2l4ad4teowftnbfq6te5k5h/app.bsky.feed.post/3m6iubwry7s2z,2025-11-26T03:16:56.236785+00:00
"we can’t find that page

It is a priority for CBC to create products that are accessible to all in Canada including people with visual, hearing, motor and cognitive challenges. Closed Captioning and Described Video is available for many CBC shows offered on CBC Gem. About CBC Accessibility…",todayheadline.bsky.social,2025-11-26T02:57:40Z,at://did:plc:irxdqpoxqzotqwmfjj4u7pg6/app.bsky.feed.post/3m6iubpyqna2b,2025-11-26T03:16:56.236786+00:00
"PM Carney almost appologized in the House today for having said ""who cares"" which he called ""a poor choice of words"". Meanwhile, the rest of Canada is getting ready to print it on T shirts and mugs. Many seem happy that he said it in the 1st place. I guess he'll have some 'splainin to do to DT.",earthox.bsky.social,2025-11-26T02:57:04.334Z,at://did:plc:ra6cbrg4qsc5xnrq7o2p75ov/app.bsky.feed.post/3m6iualmhac2c,2025-11-26T03:16:56.236788+00:00
"The USA:  CANADA PLEASE RESUME TOURISM!  We're dying out here in tourist towns!

ALSO the USA: Oh tourists get gouged so Eff you...

Hmmm.  That's some odd math right there.",leslea-kate.bsky.social,2025-11-26T02:57:01.616Z,at://did:plc:xsirkhupnt3vnnh7gy5ftwnf/app.bsky.feed.post/3m6iuaiziws22,2025-11-26T03:16:56.236790+00:00
"I can’t find great US data, but in Canada it ranges from 68% of people in BC using winter tires to 100% in Quebec (where they’re mandatory).",ohtheurbanity.bsky.social,2025-11-26T02:56:16.860Z,at://did:plc:oov3xxwkf7mfa3zebsplltyd/app.bsky.feed.post/3m6iu76dwp22u,2025-11-26T03:16:56.236792+00:00
"The Safeway stores in Canada were sold to Canadian interests in 2013, I am informed",mxannelise.bsky.social,2025-11-26T02:56:00.804Z,at://did:plc:z6mid5sj76kvto2rhsyakqek/app.bsky.feed.post/3m6iu6ozo7s2w,2025-11-26T03:16:56.236794+00:00
"So I'm a week late, sorry, and I don't have a question, but I do have an update..... Its really hard to find barn owls in this country, they are now endangered, and Environment Canada estimates that there are less than 700 in the entire country.",zoeskunk.bsky.social,2025-11-26T02:55:58.588Z,at://did:plc:ifnh47bjqadbg3fl2lqn2cwp/app.bsky.feed.post/3m6iu6mw3522b,2025-11-26T03:16:56.236795+00:00
"edmontonjournal.com/opinion/colu...

#Alberta #abpoli #ableg #UCP
#FireSnith #UCPCorruption
#RecallAllUCP #MLA #Canada
#FireTheUCP",jamieb1000.bsky.social,2025-11-26T02:55:58.100Z,at://did:plc:q2pe2753p53fdhrnt2ylsnhr/app.bsky.feed.post/3m6iu6mh6l224,2025-11-26T03:16:56.236797+00:00
"Pierre PoiLIEvre is a D!€k: Part 186

What is this now? High school? 🤦🏽‍♂️

PM Carney has no time to listen to a session of rage bait, whining and complaining and no solutions.

Conservatives are so unhinged.

❤️🍁🇨🇦TEAM CANADA FOREVER🇨🇦🍁❤️
❤️🍁🇨🇦VIVE LE CANADA 🇨🇦🍁❤️",teamcanadaforever.bsky.social,2025-11-26T02:55:57.627Z,at://did:plc:lar2o6mnnvln22w6kgnpifli/app.bsky.feed.post/3m6iu6lywjc2h,2025-11-26T03:16:56.236799+00:00
"Rio Bravo 1959, John Wayne classic and that CNN channel everyone hates. Lakeville New Brunswick Canada. 🇨🇦",andygill1964.bsky.social,2025-11-26T02:55:54.059Z,at://did:plc:gbzqziz4xzatmucqyxa3yvsw/app.bsky.feed.post/3m6iu6imev22o,2025-11-26T03:16:56.236801+00:00
"☺️ Have only just barely been to Canada myself (music camp at the Peace Gardens), but want to officially visit someday.",spooniechels.bsky.social,2025-11-26T02:55:05.640Z,at://did:plc:tihrhiz3bgoaj7vzvwawisxr/app.bsky.feed.post/3m6iu52ga4226,2025-11-26T03:16:56.236803+00:00
"The ""I live"" search will answer a lot of these questions I find. If you search their posts for the words ""I live"" you will find a lot of times that they live somewhere else. You can even take a shot in the dark and search ""Canada"" or ""Australia"" or ""UK"" and I've had some success that way too lol.",jasonswritings.bsky.social,2025-11-26T02:55:02.394Z,at://did:plc:st75mstqwygzrd6723rac5xe/app.bsky.feed.post/3m6iu4xd57c2b,2025-11-26T03:16:56.236805+00:00
I just wish any left of center party in Canada wasn't so useless,parisien.cc,2025-11-26T02:54:39.248Z,at://did:plc:3na5iwntjs2eokzbi4hhsill/app.bsky.feed.post/3m6iu4baros24,2025-11-26T03:16:56.236807+00:00
Why would anyone want that? Then the West Coast & the Northeast of the  US couldn't join Canada.,dagmar27.bsky.social,2025-11-26T02:54:34.678Z,at://did:plc:myi4hstzzkwzcyupjibij2di/app.bsky.feed.post/3m6iu44vdrk2g,2025-11-26T03:16:56.236809+00:00
"Some of the biggest music markets:

✨USA: #5
✨Japan: #41
✨Germany: #12
✨S. Korea: #45
✨United Kingdom: #12
✨Canada: #9
✨Australia: #24
✨France: #50
✨Brazil: #56",skzcbguide.bsky.social,2025-11-26T02:54:10.747Z,at://did:plc:flp4hg5nqccasorglf5cwzgr/app.bsky.feed.post/3m6iu3k5cm22w,2025-11-26T03:16:56.236811+00:00
HMCS Max Bernays (AOPV 432) #japan #yokosuka #love #canada #hmcs #maxber... youtube.com/shorts/s-ogk... via @YouTube,hiroichihara.bsky.social,2025-11-26T02:54:06.348Z,at://did:plc:y7vtee6ipxsqz23omqvzkhav/app.bsky.feed.post/3m6iu3buqrs2x,2025-11-26T03:16:56.236812+00:00
"Listen Canada, if you don't it will only make him angry. Just agree with him. It will be easier that way.",victormanchego.bsky.social,2025-11-26T02:53:46.796Z,at://did:plc:fxg6tfrpbyp67wnw3nksc2gw/app.bsky.feed.post/3m6iu2pa2zs2t,2025-11-26T03:16:56.236814+00:00
"The number of Tory MLAs in Alberta facing recalls went up to 14! Yesterday it was 9! 

That's almost 1/3 of the Tory caucus! 2 are cabinet ministers! 

It's fun to watch Smith's ship sink into the Alberta Oilsands.

❤️🍁🇨🇦TEAM CANADA FOREVER🇨🇦🍁❤️
❤️🍁🇨🇦VIVE LE CANADA 🇨🇦🍁❤️",teamcanadaforever.bsky.social,2025-11-26T02:53:05.962Z,at://did:plc:lar2o6mnnvln22w6kgnpifli/app.bsky.feed.post/3m6itzibx2k2h,2025-11-26T03:16:56.236816+00:00
¡La Monarca ya está aquí! 🦋✨ Temporada 2025-2026 abierta en Michoacán: 800 mil turistas y mil mdp. Bedolla pide a EUA y Canadá salvar el algodoncillo. ¡Ven a los santuarios! #MariposaMonarca2025 #MichoacánEsMaravilla #ConservaciónMonarca,5wredactor.bsky.social,2025-11-26T02:52:53Z,at://did:plc:3ehgf7abhve4ayjwgwvm2azx/app.bsky.feed.post/3m6itz5d47g2b,2025-11-26T03:16:56.236818+00:00
"www.westernstandard.news/news/lethbri...

Lethbridge doctor offers gender-affirming care with ‘no age limit’ despite Bill 9 restrictions

#Alberta #abpoli #ableg #UCP
#FireSnith #UCPCorruption
#RecallAllUCP #MLA #Canada
#FireTheUCP #Bill9 #Lethbridge
#doctor #gender #affirming #care
#medical #trans",jamieb1000.bsky.social,2025-11-26T02:52:30.975Z,at://did:plc:q2pe2753p53fdhrnt2ylsnhr/app.bsky.feed.post/3m6itygwb2224,2025-11-26T03:16:56.236820+00:00
One of the funniest men in Canada. BTW when are you bringing back Son of Critch?😍,aprilsfo0l.bsky.social,2025-11-26T02:52:27.546Z,at://did:plc:a26d5ih2mrldfld6v5b5fjhp/app.bsky.feed.post/3m6itydnmfs23,2025-11-26T03:16:56.236822+00:00
"Ik heb intussen nog wat nagedacht als naar Canada varen om gas te gaan halen. Wettelijke onmogelijk is door men iq en zonder vaarbewijs dit niet mag. En fysieke jobs onmogelijk door men vermoeidheid, crohn.",stevenmarien.bsky.social,2025-11-26T02:52:25.451Z,at://did:plc:t637uf3db74viidkid7t772r/app.bsky.feed.post/3m6itychct32j,2025-11-26T03:16:56.236824+00:00
"#90sTop30
#MusicChallenge

This album was such a touchstone in my life living in Canada at the time. Hard to pick a favorite, but maybe this melancholic one.

Blue Rodeo - Montréal from Casino (1990)",2dlw.bsky.social,2025-11-26T02:52:19.860Z,at://did:plc:hkzyds6jrdnh44hsb6vz4j2y/app.bsky.feed.post/3m6ity4czl22c,2025-11-26T03:16:56.236826+00:00
"Alberta's UCP is ""making this a national unity issue, if they don't get a pipeline. Well, what about everyone in Canada who cares about climate?""
When your EIC is also a great journalist. @jameswsthomson.com discusses relevant experience with McKenna
www.nationalobserver.com/2025/11/25/n...",arnokopecky.bsky.social,2025-11-26T02:52:13.851Z,at://did:plc:pue6qisapx44xvrnwfeituu7/app.bsky.feed.post/3m6itxwlnfs2h,2025-11-26T03:16:56.236828+00:00
"At this point, I feel like the United States would be better served joining Canada.

But I wouldn't wish sorting our mess out on our northern neighbors.",regemor.bsky.social,2025-11-26T02:52:00.186Z,at://did:plc:3i4nhzqjnirqk3csuf6w2qxe/app.bsky.feed.post/3m6itxjkmok23,2025-11-26T03:16:56.236830+00:00
"As an American, I'd much rather join Canada than the other way around.  I have envy.",dethveggie.bsky.social,2025-11-26T02:51:59.134Z,at://did:plc:mhq2wt6rzu2gbd7k5hy7nqhc/app.bsky.feed.post/3m6itxikjdk2b,2025-11-26T03:16:56.236832+00:00
I think the same from Canada. He’s despicable.,whitfdh.bsky.social,2025-11-26T02:51:42.858Z,at://did:plc:4sxw5kd7uudniomuq4ecovu2/app.bsky.feed.post/3m6itwyztrs2i,2025-11-26T03:16:56.236834+00:00
"Even if your mom told you your deadbeat dad had a drop of Indigenous blood, and you hadn't a shred of evidence it's true, and never sought proof until rumours surfaced, own your shit.  Don't throw your dead mom under the bus for the lies you told and made money from.

www.cbc.ca/news/canada/...",lesjfrie.bsky.social,2025-11-26T02:51:14.506Z,at://did:plc:amwwhlcdsb675tdmkdwmijqt/app.bsky.feed.post/3m6itw5ylck2o,2025-11-26T03:16:56.236835+00:00
"@mark-carney.bsky.social If I hear one word of of Pete Hoekstra’s mouth about Canada violating human rights because we support women’s health, LGBTQ+, promote equality, and offer refugees a safe place, I’m counting on you to remove him from our country.",christineupnorth.bsky.social,2025-11-26T02:50:49.798Z,at://did:plc:gpr4ljrzmhmd6z4h3x62fqmn/app.bsky.feed.post/3m6itvggjgc2k,2025-11-26T03:16:56.236837+00:00
"Great to attend the Toronto premiere of my friend Brian’s housing film, which shows that the solutions to our housing crisis are already here in Canada. 

www.housingfilm.ca",seanyyz.bsky.social,2025-11-26T02:50:48.374Z,at://did:plc:nyhnflzpiytm3ydacqbdqnqt/app.bsky.feed.post/3m6itvf33rk24,2025-11-26T03:16:56.236839+00:00
Josh Canada Demolished by Acapell,killtonypodshow.bsky.social,2025-11-27T03:13:05.812Z,at://did:plc:hu3kdyzymlaenwlfqw77jsbs/app.bsky.feed.post/3m6lfm5z6ls2y,2025-11-27T03:13:36.389068+00:00
"Canada is in a strategic position to punch above its weight by leveraging alliances and resources.

The Prime Minister @mark-carney.bsky.social 
is putting forward a prototype for an emerging system as a threshold nation that will make multipolarity workable.",kevincanuck.bsky.social,2025-11-27T03:12:54.188Z,at://did:plc:6mysgx5obovealtcwp7xckug/app.bsky.feed.post/3m6lflswkwt2w,2025-11-27T03:13:36.389085+00:00
"Same guy who said that moving to Linux (the better OS) is like ""moving to Canada""

So it's not surprising, but more like he hasn't changed lol",aldelaro5.bsky.social,2025-11-27T03:12:43.941Z,at://did:plc:jpzybf3xh4xvj4dar55hjwnl/app.bsky.feed.post/3m6lflj5q7222,2025-11-27T03:13:36.389088+00:00
"Genius.  Stay tuned, next, Trump will blame Somalia, three Bidens and Canada.",leerudnicki.bsky.social,2025-11-27T03:12:31.515Z,at://did:plc:osw6wcfkcfb263t7dapwsvfm/app.bsky.feed.post/3m6lfl5ckfs2q,2025-11-27T03:13:36.389091+00:00
GET OUT OF MY HEAD,autokynephile.bsky.social,2025-11-27T03:12:18.178Z,at://did:plc:v5zkhieodj264uylvr73p3cq/app.bsky.feed.post/3m6lfkqmp422p,2025-11-27T03:13:36.389093+00:00
"It’s why Conservative Party leaders like Pierre Poilievre in Canada keep flopping - he’s only ever worked for the party and whenever he tries to talk about Real Canadians, people can smell the fakeness and desperation",leask.bsky.social,2025-11-27T03:11:48.353Z,at://did:plc:ygl5byfvhwtcuumgc6p4hixy/app.bsky.feed.post/3m6lfju5dzc2r,2025-11-27T03:13:36.389095+00:00
"This is genuinely sickening. The United States does not and should never dictate policy to Canada, especially when it concerns human rights. We are a sovereign nation built on multiculturalism, period.",jeffbmedia.bsky.social,2025-11-27T03:10:48.066Z,at://did:plc:5t3rthest47vncgn52gpobmr/app.bsky.feed.post/3m6lfi2nizc25,2025-11-27T03:13:36.389097+00:00
"Yeah, it will be a little busy tomorrow for me as I got a team coming in from Canada so they don't care about our Thanksgiving.  Otherwise, it's pretty mellow.",rleroy1967.bsky.social,2025-11-27T03:10:41.727Z,at://did:plc:vpidaye5jciphbjlri2cykla/app.bsky.feed.post/3m6lfhum2lk2q,2025-11-27T03:13:36.389099+00:00
"Yes.

Will U.S. threats force Canada to buy the F-35 fighter jet? | Ottawa Citizen
https://ottawacitizen.com/public-service/defence-watch/u-s-threats-canada-f-35

https://archive.ph/3mj4v",dyckron.mstdn.ca.ap.brid.gy,2025-11-27T03:09:56.000Z,at://did:plc:la3n4ombjzgsm7kmio2juo6o/app.bsky.feed.post/3m6lfhfgc5gr2,2025-11-27T03:13:36.389100+00:00
"Canada unveils more measures to protect tariff-hit steel, lumber sectors - Yahoo Finance finance.yahoo.com/news/canada-... via @GoogleNews",kevinmcshea.bsky.social,2025-11-27T03:09:10.819Z,at://did:plc:uf7lxtckmkw47mh5etgpbvwj/app.bsky.feed.post/3m6lff5vrak2o,2025-11-27T03:13:36.389103+00:00
"Returning to Canada to fight a little kid and save the world!

We're live with Code Vein!

www.twitch.tv/ghostqueenkaye",ghostqueenkaye.bsky.social,2025-11-27T03:09:08.965Z,at://did:plc:k3s3jekqgtznvk6lsqwxoj4l/app.bsky.feed.post/3m6lff456p22a,2025-11-27T03:13:36.389104+00:00
"Toronto, Ontario, Canada. 
November 26 2025. 
#POTD #POTD2025",shawnbryan.bsky.social,2025-11-27T03:09:07.651Z,at://did:plc:vnraap6iznvujjzt2f2iidx4/app.bsky.feed.post/3m6lff2vfb22s,2025-11-27T03:13:36.389106+00:00
"Number of Millionaires in 2027 (Forecast):

1. 🇺🇸 United States - 26.4M
2. 🇨🇳 China - 13.2M
3. 🇫🇷 France - 4.0M
4. 🇯🇵 Japan - 3.9M
5. 🇩🇪 Germany - 3.4M
6. 🇬🇧 United Kingdom - 4.8M
7. 🇨🇦 Canada - 3.3M
8. 🇦🇺 Australia - 2.8M
9. 🇮🇹 Italy - 1.7M
10. 🇰🇷 South Korea - 2.1M",globaldata.bsky.social,2025-11-27T03:08:44.945Z,at://did:plc:oqtc6nfz6hg7akgy7mzuwz6f/app.bsky.feed.post/3m6lfefa6nc2v,2025-11-27T03:13:36.389108+00:00
"#PMMARKCARNEY

#tc.canada.ca/en/rail-transportation/rail-safety-security-canada

ENOUGH WITH THE LACK OF WILDLIFE COMPLIANCE 

WILDLIFE ARE NOT INTERFERING WITH WHERE THEY ARE 

IT IS CANADA RAIL THAT IS ON THE WILDLIFES TERRITORY 

DO YOU UNDERSTAND 🤬

youtu.be/GAiVnVAguas?...",hbender55.bsky.social,2025-11-27T03:07:34.899Z,at://did:plc:jfmm574i6svhrxm3a37byxby/app.bsky.feed.post/3m6lfccgld22w,2025-11-27T03:13:36.389110+00:00
"Global Market: गिफ्ट निफ्टी 26400 के पार, एशियाई बाजारों में तेजी, स्टील के डेरिवेटिव प्रोडक्ट पर 25% टैरिफ लगाएगा कनाडा – global market gift nifty crosses 26400 asian markets rise canada to impose 25 percent tariff on steel derivative products

वैश्विक बाजार: 26400 के पार निकला है भगवान का देवता।…",tv1indianews.bsky.social,2025-11-27T03:07:18Z,at://did:plc:h4j72cdrpuale6wxp3i6n4mn/app.bsky.feed.post/3m6lfbto2qk24,2025-11-27T03:13:36.389112+00:00
"(Gifted )
In an unbelievable move by Rubio, he has ordered all American Diplomats in Canada,Europe, New Zealand & Australia to press their host governments to restrict most immigration and to file reports if the governments appear to be overly supportive of immigrants
www.nytimes.com/2025/11/26/u...",amybean62.bsky.social,2025-11-27T03:06:33.861Z,at://did:plc:hd5vl6cq26k5s5u45kmedjcn/app.bsky.feed.post/3m6lfai7swc26,2025-11-27T03:13:36.389113+00:00
"The Chinese are jealous of the Indians. Because some of the Indians in Canada said: Go Back To Europe, proud boys.",mrfunnheo.bsky.social,2025-11-27T03:06:23.945Z,at://did:plc:ti6e55v5o5jprweeijznfrqc/app.bsky.feed.post/3m6lfa6r7dc27,2025-11-27T03:13:36.389115+00:00
"META FURTHERS
  an ANTI-CHOICE SOCIETY
No wonder CONservatives & 
all those right-wing organizations prefer it 🔚 #abortion #AntiChoice #ProChoice #BoycottMETA #facebook #instagram #WhatsApp #Threads #SocialMedia #poiLIEvre #CPC #Canada #cdnPoli #canPoli",grannycanuck.bsky.social,2025-11-27T03:05:36.344Z,at://did:plc:dzu7ntlsxj2rlxxob4ymyhwz/app.bsky.feed.post/3m6lf6relwk2o,2025-11-27T03:13:36.389117+00:00
"🍁Environment Canada introduces new colour-coded weather alerts as winter storm hits Ontario, Quebec
youtu.be/5dRQIj-crSo?...",joleneandgrant.bsky.social,2025-11-27T03:04:14.740Z,at://did:plc:6ulypwexav6e5ftfxdibwv77/app.bsky.feed.post/3m6lf4dkajk2r,2025-11-27T03:13:36.389119+00:00
"Laura Donefer (Canada, glass artist)
Fearless and unconventional approach, moving the medium beyond decorative refinement. Creating  expressive, large-scale sculptures, she embraces raw texture, emotion, and found objects, making pieces often described as shamanic. 

Further info in the alt text 👇",mmcarthur.bsky.social,2025-11-27T03:04:13.310Z,at://did:plc:sxm5rxu25m37hvuddaymcnkz/app.bsky.feed.post/3m6lf4c72os2c,2025-11-27T03:13:36.389120+00:00
I’ll get some lock picks (in case she has you chained to the stove) and bring you to Canada where we are free all the stuffing. 😄,maryfernando.bsky.social,2025-11-27T03:04:07.018Z,at://did:plc:r7c54vuvfgwd276e2ncgzito/app.bsky.feed.post/3m6lf446ilc2s,2025-11-27T03:13:36.389122+00:00
"Next year, you will celebrate my birthday, which for some reason the entire country of Canada is very thankful for. I can’t blame them, though.",kalmn.bsky.social,2025-11-27T03:03:45.375Z,at://did:plc:ypkcowoez4qx5jdxzity7gyj/app.bsky.feed.post/3m6lf3hjytk2k,2025-11-27T03:13:36.389124+00:00
"Our Thanksgiving in Canada was in October. I missed the dinner 🥺, so did Lils 😢
I'm making up for it by making a batch of turkey stew! ☺️ I will give her some turkey 🤗",elle1968.bsky.social,2025-11-27T03:03:07.255Z,at://did:plc:s6hoiflcnlaxqyxtlo2lsbxd/app.bsky.feed.post/3m6lf2d6pas2n,2025-11-27T03:13:36.389125+00:00
"[August 29th, 1980] Terry Fox's parents are overwhelmed with gifts and letters from fans as he runs across Canada to raise money for cancer research, having already collected over $1.5 million.",40yearsago.bsky.social,2025-11-27T03:03:02.870Z,at://did:plc:6xb27hvdldyjxtq5pb5gst5p/app.bsky.feed.post/3m6lf276lsd2w,2025-11-27T03:13:36.389127+00:00
"Another arrest made, Canada-wide warrant issued over 2021 killing of 65-year-old man in Bolton",torontostar-rss.bsky.social,2025-11-27T03:02:18.052612Z,at://did:plc:uvibk5lz7tvzjr23li6ng6ai/app.bsky.feed.post/3m6leyvh4rs27,2025-11-27T03:13:36.389129+00:00
"Pierre PoiLIEvre is a D!€k: Part 195

What an absolute imbecile.PoiLIEvre and Scheer make Dumb and Dumber look so good
I don’t understand the speaker’s stance here of “We’re so close to the line”.Have him been watching the same QP as everybody else?🤦🏽‍♂️🙄

🎥 CPAC Live / YouTube
❤️🍁🇨🇦TEAM CANADA FOREVER🇨🇦🍁❤️",teamcanadaforever.bsky.social,2025-11-27T03:01:55.569Z,at://did:plc:lar2o6mnnvln22w6kgnpifli/app.bsky.feed.post/3m6ley6t2ek2h,2025-11-27T03:13:36.389131+00:00
"I'm a western prairie girl who LOVED living in Quebec (76-78). Beautiful place, wonderful people!  It would be heartbreaking to see any of our provinces or Canada itself broken by the #maplemaga #virus.",nandanainthegarden.bsky.social,2025-11-27T03:01:47.994Z,at://did:plc:b7tjp4yaqcy2crro6sumg5zy/app.bsky.feed.post/3m6lexxltwk2m,2025-11-27T03:13:36.389132+00:00
"Vancouver Harbour Cruise Ship, BC, Canada

#Canada",canada-cambot.bsky.social,2025-11-27T03:01:46Z,at://did:plc:kdmhcb4wmrqzqg6hn2ps55t4/app.bsky.feed.post/3m6ley25tni2m,2025-11-27T03:13:36.389134+00:00
"non natives will be shocked to know during their friendsgivings/thanksgivings that both the us and canada banned potlatch all the way up until 1931 & 1951, respectfully. the more u know!",nightgalen.bsky.social,2025-11-27T03:00:58.280Z,at://did:plc:gf6ig6n65lndp7sdhlryop3n/app.bsky.feed.post/3m6lewi6o4s2z,2025-11-27T03:13:36.389136+00:00
"Isn’t it convenient Alberta’s TC Energy flipped BC’s Prince Rupert Gas Transmission Line & Ksi Lisim LNG to Schwartzman of 🇺🇸Blackstone.

Now Scott Moe stabbed Canada & BC in the back setting up its port in Washington State instead of BC.
Watch what they do.",sharonrmecfs.bsky.social,2025-11-27T03:00:56.771Z,at://did:plc:wq6l5odwz5g3z7wnepfzxypn/app.bsky.feed.post/3m6lewgqnhs2t,2025-11-27T03:13:36.389140+00:00
"
Bluesky's Top 10 Trending Words (past 10min):
💨x33 - afghan
💨x29 - bolduc
💨x1* - ukraine 🔓
💨x26 - lifeline
💨x24 - guardsmen
💨x22 - claudio
💨x17 - castagnoli
💨x1* - democracy 🔓
💨x13 - thanksgiving
💨x13 - nylander
*🔓 = Unlocked Emergency Words (see img)

#йобанарусня 🇺🇦

(Something not right? Reply!)",nowbreezing.ntw.app,2025-11-27T03:00:33.869357+00:00,at://did:plc:mcb6n67plnrlx4lg35natk2b/app.bsky.feed.post/3m6levqonls23,2025-11-27T03:13:36.389142+00:00
$7.3 billion divided by 40 million Canadians is $182.50 for every Canadian. That’s $730 for a family of 4. The liberals tax cut which promised to make life more affordable is $289 per family. Somebody’s calculator is broken if they think this pipeline is good for Canada.,captainjimmyj.bsky.social,2025-11-27T03:00:19.176Z,at://did:plc:gzza4ecdnggdd44n5r7bqdlh/app.bsky.feed.post/3m6levcvcms2y,2025-11-27T03:13:36.389144+00:00
I find @instantweather.bsky.social to be a very useful account on here. Not looking forward to this. YIKES! #Snow #Ontario Canada #OnWX,shtickyfingers.bsky.social,2025-11-27T02:59:56.162Z,at://did:plc:7izifnknb3ojkw6pgtadguyh/app.bsky.feed.post/3m6leumxphc2o,2025-11-27T03:13:36.389145+00:00
"Come on, Timberwolves, America and Canada are rooting for you.",bobbysegs.bsky.social,2025-11-27T02:59:39.290Z,at://did:plc:5wrb75vxgatuiw7xcuxfcib4/app.bsky.feed.post/3m6leu4u4gk2u,2025-11-27T03:13:36.389147+00:00
"I have a hand written letter by one of the children that made the trek. It's 6 pages long!! He paints a vivid picture of their journey. 

A different ancestor went back to the US  after the war, and was captured by Canada, and hung for the crime of treason.",jaze.bsky.social,2025-11-27T02:59:12.194Z,at://did:plc:d6srqnzqovlnqznjalzfb7ni/app.bsky.feed.post/3m6letczfe22m,2025-11-27T03:13:36.389149+00:00
"Before my ancestors were Canadian, they were American. I can trace them as far back as 1620, in Stamford, CT. My branch came to Canada in 1805. They left Chester, NY in 1799. That's how long it took them to arrive in Port Hope, ON.",jaze.bsky.social,2025-11-27T02:59:12.193Z,at://did:plc:d6srqnzqovlnqznjalzfb7ni/app.bsky.feed.post/3m6letcz5k22m,2025-11-27T03:13:36.389151+00:00
"FACT CHECK: PoilIEvre & 92(10)(a)
He claims the PM can “approve a pipeline today”
Reality: 92(10)(a) gives Ottawa jurisdiction not the power to ignore B.C. permits, federal reviews, or Indigenous rights.
That’s why Northern Gateway was struck down.😂

🎥 Credi CPAC / YouTube

❤️🍁🇨🇦TEAM CANADA FOREVER🇨🇦🍁❤️",teamcanadaforever.bsky.social,2025-11-27T02:58:49.520Z,at://did:plc:lar2o6mnnvln22w6kgnpifli/app.bsky.feed.post/3m6lesnfaw22h,2025-11-27T03:13:36.389153+00:00
"The 90s and early 2000s in Canada had some wild stuff! I am proud of it now, so much is just the same on TV now.",naked-echoes.bsky.social,2025-11-27T02:58:20.627Z,at://did:plc:g5czpsnxshgjcnmup4hpi5hl/app.bsky.feed.post/3m6lerrtlzk2w,2025-11-27T03:13:36.389154+00:00
Based Canada workers. Seize the plant. Your work is the only reason that plant can exist.,praisethe-sun.bsky.social,2025-11-27T02:58:12.360Z,at://did:plc:kug5m4dp77olsuqqdf5icszf/app.bsky.feed.post/3m6lerjx6us2u,2025-11-27T03:13:36.389156+00:00
"Fantôme 53
#montreal #quebec #canada #canon #canonm50 #m50  #fantome #ghost #shadow #ombre #silhouette #bw #b&w #blackandwhite #black&white #nb #noiretblanc #night #nuit #nightphotography #photodenuit #dh_geophoto #denishebert #copyright
anthropogeo.photo",dh-geophoto.bsky.social,2025-11-27T02:58:01.939Z,at://did:plc:rkyhjf6o54tsjpdklr2squip/app.bsky.feed.post/3m6lera2cas2b,2025-11-27T03:13:36.389158+00:00
"iStore Expands Travel Tech Retail Across Canada and the US. Read the full story:👇️


#RetailNews #Canada #BusinessInsights
retail-insider.com/retail-insid...",retailinsider.bsky.social,2025-11-27T02:57:43Z,at://did:plc:tga4vspjwratvffwbbs5ig7u/app.bsky.feed.post/3m6leqsv44i26,2025-11-27T03:13:36.389159+00:00
"It is not the Inside Passage. It is not a fjord where tankers can hide from storms under towering mountain walls. It is a bowl — a broad, shallow continental shelf that turns wind, tide and swell into a machine built for chaos. Environment Canada already says it plainly:",kdbnicol.bsky.social,2025-11-27T02:57:24.451Z,at://did:plc:xbtpzwsnulp5bmo4fp4fkx3u/app.bsky.feed.post/3m6leq4b5ps22,2025-11-27T03:13:36.389161+00:00
"Oh Me, Oh My, Playing Mio with My Ride or Die

Split Fiction

www.twitch.tv/atoastycookie

#lgbtqiaplus #autism #adhd #audhd #canada #embraceneurodivergency #transrightsarehumanrights #safespace #twitch #PLUR #SAYGAY #jumpscare #subgoal #community #interactive",atoastycookie.bsky.social,2025-11-27T02:57:20.694Z,at://did:plc:yybtmbplkgzjlhhtgeyj32hc/app.bsky.feed.post/3m6lepyohsc2m,2025-11-27T03:13:36.389163+00:00
"this guy can only be a local politician. I can't imagine him at tables with international leaders, negotiating for canada with his cringe factor of 10, plastic smile, and only experience in 3-word slogans.",zumx2.bsky.social,2025-11-27T02:56:37.431Z,at://did:plc:7v2aw2skni4y6344brb3jqlv/app.bsky.feed.post/3m6leopg7qs2l,2025-11-27T03:13:36.389165+00:00
"Real fun game here in Lethbridge, Team CHL and Team NTDP tied 3-3 after 2 periods. Sarnia forward Alessandro Di Iorio with the game-tying goal, but full marks to top D prospect Xavier Villeneuve for a reverse hit that took an NTDP player off the puck. 3rd period soon on NHLN in US, TSN in Canada",nhladamk.bsky.social,2025-11-27T02:56:13.968Z,at://did:plc:ortt4q3u3t4l4mmevono3n5l/app.bsky.feed.post/3m6lenza7o62h,2025-11-27T03:13:36.389166+00:00
I'm so distraught over smaller studios/broadcast projects existing of just letting people make the weirdest crap be it Canada or not. What is the what a cartoon show.,inaries.bsky.social,2025-11-27T02:55:25.204Z,at://did:plc:l5nf3rse4y4nltubmdjxftqr/app.bsky.feed.post/3m6lemkjyls2b,2025-11-27T03:13:36.389168+00:00
Provincial governments underfund their universities with Ontario being far and away the worst.  Canada would be a stronger country if its universities were better supported.,berlinskyjohn.bsky.social,2025-11-27T02:53:25.580Z,at://did:plc:tyeqsrgnf4yer6kkjpu5zpas/app.bsky.feed.post/3m6leiyhfb22w,2025-11-27T03:13:36.389170+00:00
Mr. Pibb zero (I'm diabetic) is a lovely treat every now and then.  We don't have it in Canada except for some odd reason in those Coke Select a pop machines at Wendy's and one of our theatre chains.,wspano.bsky.social,2025-11-27T02:53:06.640Z,at://did:plc:32rquge5pjuhafxyggzc26j7/app.bsky.feed.post/3m6leigfe6s2r,2025-11-27T03:13:36.389172+00:00
"Canada, Toronto, Ontario",ol1ivemoka.bsky.social,2025-11-27T02:53:04.782Z,at://did:plc:4gtofw5lrkvtxfpzljc5n36y/app.bsky.feed.post/3m6leiemnqc2s,2025-11-27T03:13:36.389174+00:00
And Canada,mattivated.bsky.social,2025-11-27T02:52:55.782Z,at://did:plc:cwsodhzwawft5nwlymjgq4av/app.bsky.feed.post/3m6lei3zznk2r,2025-11-27T03:13:36.389175+00:00
"We want to make it easy for you to find great #Canadian music, so follow along with what we’re playing LIVE!

Here’s our maple-syrup-packed playlist from tonight’s show 🍁 

Please support these stellar rock artists by buying their music, swag, and show tix!

#Canada

spinitron.com/CHLY/pl/2158...",intheredcanada.bsky.social,2025-11-27T02:52:31.765Z,at://did:plc:wics7nt4mypogjdds6hnqzqe/app.bsky.feed.post/3m6lehgfw6s2m,2025-11-27T03:13:36.389177+00:00
"We are spinning the best #Canadian rock of all ages from The #CHLY World Headquarters from 8 - 10 PM Pacific / 11 PM - 1 AM Eastern TONIGHT and every Wednesday night 🍁 🎶

Tune in at CHLY.ca/listen or on the TuneIn app — just search for “CHLY!”

#CanadaSky #ElbowsUp #Canada #TrueNorthStrongAndFree",intheredcanada.bsky.social,2025-11-27T02:52:31.764Z,at://did:plc:wics7nt4mypogjdds6hnqzqe/app.bsky.feed.post/3m6lehf52l22m,2025-11-27T03:13:36.389179+00:00
──────────── {.⋅ Canada Strong And Free ⋅.} ────────────,myarticles.bsky.social,2025-11-27T02:52:30.676Z,at://did:plc:ed6b3ns5nd2udu5nofaswx55/app.bsky.feed.post/3m6lehe4pg22y,2025-11-27T03:13:36.389180+00:00
"I remember that cartoon, used to air on TVO Kids here in Ontario Canada.",anekonamednancy.bsky.social,2025-11-27T02:51:08.735Z,at://did:plc:3dkbg5lqfjuzlr5bviseaipw/app.bsky.feed.post/3m6leevxbjc2l,2025-11-27T03:13:36.389182+00:00
"PM @mark-carney.bsky.social  wants to spend an extra $9 BILLION on defence and FAST. #CBCNews #AdrienneArsenault looks at an industry ready to cash-in and travels north of the #ArcticCircle where there are strong opinions on how best to bolster #Canada ’s #Arctic security 🇨🇦 
youtu.be/37WltLynuT4?...",stacescases2.bsky.social,2025-11-27T02:51:02.385Z,at://did:plc:76e4qryfph6q4wmz3li6v2l6/app.bsky.feed.post/3m6leepvhek2i,2025-11-27T03:13:36.389184+00:00
They are running away from familly. Maybe doing the trek to Canada where Thanks giving was almost two months ago :),mlavallee.bsky.social,2025-11-27T02:50:48.491Z,at://did:plc:reyykrizcgj3nzts2mn2u2wy/app.bsky.feed.post/3m6leecnf2k2v,2025-11-27T03:13:36.389186+00:00
Possibly the least articulate politician in Canada.,gilesfenburn.bsky.social,2025-11-27T02:50:46.584Z,at://did:plc:76zwayqqjso3pfq42bhgvl6q/app.bsky.feed.post/3m6leeat7q225,2025-11-27T03:13:36.389187+00:00
Republicans used to be friends. Now they are the enemy. That includes the Maple MAGAs in #Canada. Not just federal but provincial Ontario and Alberra MAGAs.,shtickyfingers.bsky.social,2025-11-27T02:49:59.836Z,at://did:plc:7izifnknb3ojkw6pgtadguyh/app.bsky.feed.post/3m6lecualf22o,2025-11-27T03:13:36.389189+00:00
"www.cbc.ca/news/canada/...
Hey everyone in the area, let’s give the newly Canadian rubber duck museum some proud Canadian love! ❤️✊🇨🇦
#BuyCanadianRubberMuseumDucks",beppil007.bsky.social,2025-11-27T02:48:31.277Z,at://did:plc:cp4y7ilqrd35tyisti3y5o2u/app.bsky.feed.post/3m6lea7rxyc26,2025-11-27T03:13:36.389191+00:00
"“Canada will work with railway companies to cut freight rates”
After Mulroney’s railway privatization, what cards does the government have?",jdavey.bsky.social,2025-11-27T02:48:10.898Z,at://did:plc:uhtpzedcjf7vwoyc44zwkhkz/app.bsky.feed.post/3m6le7me2mk2q,2025-11-27T03:13:36.389193+00:00
"paypal.me/cipheraldraws

If I had venmo or cashapp I'd link those, but alas we don't have those in Canada. Ppl can also DM for commission or interac info! Comms ARE open!",cipheral.bsky.social,2025-11-27T02:47:24.295Z,at://did:plc:oix4nlgjzrylrdam75egcuzn/app.bsky.feed.post/3m6le67vtus25,2025-11-27T03:13:36.389194+00:00
"Ocean Village Resort Tofino, BC, Canada

#Canada",canada-cambot.bsky.social,2025-11-27T02:46:56Z,at://did:plc:kdmhcb4wmrqzqg6hn2ps55t4/app.bsky.feed.post/3m6le5jbxo42r,2025-11-27T03:13:36.389196+00:00
"The Air Quality Index (AQI) at the Redwater site in Canada is 107 [Unhealthy for Sensitive Groups] as of Nov 26, 2025 @ 5PM Local Time. This is the highest AQI observation in 30 days. #AQIObs",aqiobs.bsky.social,2025-11-27T02:46:44.059200+00:00,at://did:plc:2zbkkvcb345ll2navflr4uqn/app.bsky.feed.post/3m6le52xkax22,2025-11-27T03:13:36.389198+00:00
"The Air Quality Index (AQI) at the AJ Ottewell Community Centre site in Canada is 199 [Unhealthy] as of Nov 26, 2025 @ 5PM Local Time. This is the highest AQI observation in 60 days. #AQIObs",aqiobs.bsky.social,2025-11-27T02:46:38.135088+00:00,at://did:plc:2zbkkvcb345ll2navflr4uqn/app.bsky.feed.post/3m6le4vctpn2w,2025-11-27T03:13:36.389200+00:00
"The Air Quality Index (AQI) at the Edmonton East site in Canada is 261 [Very Unhealthy] as of Nov 26, 2025 @ 5PM Local Time. This is the highest AQI observation in 90 days. #AQIObs",aqiobs.bsky.social,2025-11-27T02:46:32.249989+00:00,at://did:plc:2zbkkvcb345ll2navflr4uqn/app.bsky.feed.post/3m6le4ppdmq2j,2025-11-27T03:13:36.389201+00:00
"The Air Quality Index (AQI) at the Gibbons site in Canada is 99 [Moderate] as of Nov 26, 2025 @ 5PM Local Time. This is the highest AQI observation in 30 days. #AQIObs",aqiobs.bsky.social,2025-11-27T02:46:26.214659+00:00,at://did:plc:2zbkkvcb345ll2navflr4uqn/app.bsky.feed.post/3m6le4jx7wu24,2025-11-27T03:13:36.389203+00:00
"#paid is looking for a Lead Product Designer in Toronto, Canada
https://weloveproduct.co/jobs/lead-product-designer-paid-2q4ct3

#leaddesigner #productjobs #jobs #jobsoffer #weloveproduct",weloveproduct.co,2025-11-27T02:46:00.154Z,at://did:plc:bhxygagjarq64jsio7mey3ci/app.bsky.feed.post/3m6le3pomxc2k,2025-11-27T03:13:36.389205+00:00
"What would Danielle even use a pipeline for at this point besides rousing the rabble?
www.cbc.ca/news/canada/...",strayarc.bsky.social,2025-11-27T02:45:36.343Z,at://did:plc:qb5xxq7k32ucj4zs2uqgdlnl/app.bsky.feed.post/3m6le2yxgy22h,2025-11-27T03:13:36.389207+00:00
"The #TammanyHall playbook is showing again. Buddies at #GoldmanSachs. Theyre about yo put you out on the vorner agsin, #Canada. Best get the white stillettos out. 
www.canada.ca/en/governmen...",dsafire.bsky.social,2025-11-27T02:45:16.447Z,at://did:plc:23kbvocd2gxobaiylpshyx2q/app.bsky.feed.post/3m6le2fymz227,2025-11-27T03:13:36.389209+00:00
"🍁 Here’s our #CanadianSongOfTheDay

🎶 “No One Has Ever Looked So Dead” by The Organ of Vancouver, British Columbia from the 2004 album “Grab That Gun.”

💪 #SupportCanadianArtists — it’s great for our artists, culture, economy, and your SOUL!

#CanadaSky #Canada

🎧 youtu.be/7nkooTetW-w?...",intheredcanada.bsky.social,2025-11-27T02:45:08.007Z,at://did:plc:wics7nt4mypogjdds6hnqzqe/app.bsky.feed.post/3m6le25wo4s2m,2025-11-27T03:13:36.389210+00:00
Look out for this CBC headline about an asylum-seeker in Canada who abused the immigration system. The headline isn't real: www.snopes.com/fact-check/c...,snopes.com,2025-11-27T02:45:06.687Z,at://did:plc:2ns6vcwxutr7zqwnuloode7e/app.bsky.feed.post/3m6le265gws22,2025-11-27T03:13:36.389212+00:00
"#NowWatching: Black Christmas (1974)

#30DaysOfChristmas (2/30)

Directed by Bob Clark

Starring Olivia Hussey, Keir Dullea, Margot Kidder, Lynne Griffin, Andrea Martin, Art Hindle & John Saxon

#Movies #70s #FilmSky #Horror #Cinema #Slasher #Christmas #Canada #MovieSky #XMas #Vintage #HorrorSky",pasquinel.bsky.social,2025-11-27T02:45:05.730Z,at://did:plc:6qj4jtdcdlysmrbin6gz7zal/app.bsky.feed.post/3m6le23rdes2b,2025-11-27T03:13:36.389214+00:00
"I am hearing about lots of job losses around me and people leaving Canada. Obviously, I am not the StatsCan but the number of stories I hear is enough for me to realize that we don't have thriving environment here. So heartbreaking. 💔💔💔 #cdnpoli",tobekind.bsky.social,2025-11-27T02:45:02.883Z,at://did:plc:m5on4opwhwem37r5dgbvqvfu/app.bsky.feed.post/3m6ldzz2c7s2e,2025-11-27T03:13:36.389216+00:00
"It's crazy how much growth bikeshare and mocromobility is seeing everywhere. From the US to Canada to Europe, they're all seeing explosive growth. One of the most underrated positive trends in urbanism imo.",inahays.bsky.social,2025-11-27T02:44:33.372Z,at://did:plc:udt3jtugfl3rpzo5t27tiwbu/app.bsky.feed.post/3m6ldz4vov22o,2025-11-27T03:13:36.389217+00:00
oh come the fuck on,404responsecode.bsky.social,2025-11-27T02:44:29.665Z,at://did:plc:fr7lgzhvkwlmxoaul37jthhp/app.bsky.feed.post/3m6ldyzi6hi2w,2025-11-27T03:13:36.389219+00:00
"Canada has Universal Healthcare, Mexico has universal Healthcare ( if you pay your taxes). Why don't we have Universal Healthcare like all other industrial nations?",bruceburbank.bsky.social,2025-11-27T02:44:17.668Z,at://did:plc:ag77c6wiemfbnmbadmirrji4/app.bsky.feed.post/3m6ldynwgx22n,2025-11-27T03:13:36.389221+00:00
"Warning: #Canadians 🇨🇦 thinking of visiting parks in #UnitedStates 🇺🇸. You are not welcome and you will pay! #cdnpoli #usatravel #ustourism #boycottusa #TeamCanada #USPS #TravelCanada #not51 #globaltravel #Canada
apnews.com/article/nati...",dickey4council.bsky.social,2025-11-27T02:44:09.064Z,at://did:plc:ijb5f6yoo376qclhuoujt3b3/app.bsky.feed.post/3m6ldyfpxjs2z,2025-11-27T03:13:36.389222+00:00
It’s a Canada thing.  You might call it a cheese crisp or yo mamma?,razzle.bsky.social,2025-11-27T02:43:47.088Z,at://did:plc:e5qwqh5u2iu7vldbmdlvhrp3/app.bsky.feed.post/3m6ldxqranc26,2025-11-27T03:13:36.389225+00:00
Cheers from Canada.,proud-2b-canadian.bsky.social,2025-11-27T02:43:36.191Z,at://did:plc:hzi54bgjehr4yphgm5oko4qv/app.bsky.feed.post/3m6ldxgen3k2d,2025-11-27T03:13:36.389226+00:00
"IN CANADA @hrw.org 

www.aptnnews.ca/featured/peo...",lalegault.bsky.social,2025-11-27T02:43:30.030Z,at://did:plc:mwagtmvsxuqlgte5iqk3fndm/app.bsky.feed.post/3m6ldxaipg22v,2025-11-27T03:13:36.389228+00:00
"Yank Ambassador to Canada gets all pissy around those ads yet Rubio sends these meddling in foreign affairs emails. 
Wonder why your reputation is swirling the toilet bowl America?",bigkeeper13.bsky.social,2025-11-27T02:43:26.549Z,at://did:plc:2fnxwwazflbmc7xqla3gzgyg/app.bsky.feed.post/3m6ldx56f322z,2025-11-27T03:13:36.389232+00:00
"Has anyone heard more about Trump's plan to make Canada the 51, 52, and 53rd states? I can't wait to add more votes to the electoral college.

And, any more news on our taking over Greenland? Maybe he has lost interest and is giving more attention to Venezuela.",donisaacs.bsky.social,2025-11-27T02:43:20.865Z,at://did:plc:gie4oebknzl3skuv7763rimg/app.bsky.feed.post/3m6ldwxqwc223,2025-11-27T03:13:36.389234+00:00
"Canada will win the trade war long-term by diversifying its economy, creating new trade allies, and playing the long game.",slick2099.bsky.social,2025-11-27T02:42:26.708Z,at://did:plc:x6n4h2joturrrovaznjsl4qs/app.bsky.feed.post/3m6ldve47l22r,2025-11-27T03:13:36.389236+00:00
"This is beyond the pale.

What the fuck are we doing here?? 

We are letting the machines write our laws??

@parismarx.com 

@bcmerchant.bsky.social 

www.cbc.ca/news/canada/...",zactrolley.com,2025-11-27T02:42:08.823Z,at://did:plc:4vilxhmxmvc3nxxy7f76wpab/app.bsky.feed.post/3m6ldut2gq22f,2025-11-27T03:13:36.389238+00:00
"I’m a counsellor and this is the worst time of year for folks in the US & Canada. It’s suddenly dark, sometimes all day because it’s raining.

Also, the societal uptick in anxiety, frenetic energy and anticipation of the holidays, like endless Black Friday ads, and/or not having money for Christmas.",shawnalouise72.bsky.social,2025-11-27T02:42:03.294Z,at://did:plc:rsq3bu3hd3wyoe2eqj5mfhox/app.bsky.feed.post/3m6ldunrodk24,2025-11-27T03:13:36.389239+00:00
"Thanks, but in Canada we had our Thanksgiving in October. 😄",ferl67.bsky.social,2025-11-27T02:41:04.265Z,at://did:plc:yoorxodgdcylzn6aaxvsn6ca/app.bsky.feed.post/3m6ldsvi7u22d,2025-11-27T03:13:36.389241+00:00
"Cuatro singles que reinventan la intimidad, la memoria y el movimiento

Los nuevos lanzamientos de David Henneberg (Canadá), Guamil (España), Hallucinophonics (Reino Unido) y Van Horton (Estados Unidos) muestran cómo la música contemporánea puede transformar la nostalgia, el desarraigo y la…",lacaverna.net,2025-11-27T02:40:53Z,at://did:plc:wtpy3mgvfhjmijgiclzxwyds/app.bsky.feed.post/3m6ldsmas732z,2025-11-27T03:13:36.389243+00:00
La MRC de Mékinac se positionne contre le projet de TES Canada,lenouvelliste.ca,2025-11-27T02:40:04Z,at://did:plc:ylsjq7z37xmy2mr3k3gycjqf/app.bsky.feed.post/3m6ldr5geln2n,2025-11-27T03:13:36.389245+00:00
"As further inducement for those who have been watching Top Chef Canada, one of the guest chefs is Shai-Ann Tyson, a great chef from the currently airing season.",vvong.bsky.social,2025-11-27T02:39:40.378Z,at://did:plc:ueezcl4ggckoogcn4c4q4swt/app.bsky.feed.post/3m6ldqfi7wk2z,2025-11-27T03:13:36.389246+00:00
"My daughter is an elementary lunch lady, I thought pizza pockets and hot dogs. Not chicken parmesan & pasta salad.  Today's Italian sausage, mashed potatoes and steamed vegetables. 
All on the same budget as last year's store bought freezer food. 

#lunch #school #BritishColumbia #Canada #Merritt",just-jene.bsky.social,2025-11-27T02:39:00.735477Z,at://did:plc:fhkre25n2wt4sibiipavbwp5/app.bsky.feed.post/3m6ldp7ykwx22,2025-11-27T03:13:36.389248+00:00
"Have you been putting out videos on the US Agenda Channel (one day ago)? Watching you talk about Canada, GM and F-35s. Doesn't quite feel like you?? Altho the message seems mainly on point.",jo-smack.bsky.social,2025-11-27T02:38:58.744Z,at://did:plc:6a42z36woesnkyjomffgclun/app.bsky.feed.post/3m6ldp5ropc23,2025-11-27T03:13:36.389250+00:00
"PO💩Poilievre is a traitor to Canada and really wants to be elected to prove it to his hate filled followers.
#pierrepoilievreisadouche
#PierrePoilievreIsUnelectable",cdngolfgal.bsky.social,2025-11-27T02:38:55.706Z,at://did:plc:splpp5erws7ataqcl35pbaip/app.bsky.feed.post/3m6ldp2uwwk2y,2025-11-27T03:13:36.389252+00:00
the irony of dylan cease being Q and going to canada is not lost on me,idontknow90210.bsky.social,2025-11-27T02:38:49.460Z,at://did:plc:xnti56ly5b6a6ygpeaxvtkue/app.bsky.feed.post/3m6ldouwcds2f,2025-11-27T03:13:36.389253+00:00
Nevermind that both internet and phone plans are so insanely expensive in Canada. You expect someone without a home to have access to these?,pfournier33.bsky.social,2025-11-27T02:38:30.763Z,at://did:plc:luq3tiycer2nj4a3floprifn/app.bsky.feed.post/3m6ldod3pkk2x,2025-11-27T03:13:36.389255+00:00
"You are correct. I have never really been a fan of majority governments.  I personally believe that Party based Government is not democracy, but it is what we have.  Never has Canada faced a greater threat from both external and internal sources. I did not vote for Liberals, I voted for Mark Carney.",celticcharm.bsky.social,2025-11-27T02:38:15.814Z,at://did:plc:rnjt6vsoito3wbk4wznkfp6c/app.bsky.feed.post/3m6ldnutiwc2a,2025-11-27T03:13:36.389257+00:00
"""Fast tracking High speed rail""... 😂  How else would you do it?",asoulinstitches.bsky.social,2025-11-27T02:38:02.888Z,at://did:plc:5xnuvxw4lx72daz3k4bv5rsz/app.bsky.feed.post/3m6ldnij4sk2b,2025-11-27T03:13:36.389259+00:00
"Leotia viscosa aka Chicken Lips. Newfoundland, Canada. #fungi #fungifriends #hiking",jeffontherock.bsky.social,2025-11-27T02:37:57.463Z,at://did:plc:33kqdhehjmmujujiuaigokbr/app.bsky.feed.post/3m6ldnddptk2n,2025-11-27T03:13:36.389260+00:00
"...my employer is mainly a US company and the AI may work very well for US circumstances but it does not here in Canada. Basic functions still don't work properly in Canada that aren't an issue in the US. A new source of concern for government foreign acquisition reviews...
#cdnpoli",wallacehorswill.bsky.social,2025-11-27T02:37:45.335Z,at://did:plc:qx3ghdjpn2th35lsmes7wo5h/app.bsky.feed.post/3m6ldmxrfas2a,2025-11-27T03:13:36.389262+00:00
"While I agree, every riding is a separate election and the CPC could still win even with that dumbass in charge, if a number of variables work in their favour. Every federal election in the foreseeable future is going to be an existential crisis for Canada.",comoxtips.bsky.social,2025-11-27T02:37:31.438Z,at://did:plc:tumbb26qsvmhjionjezsz3ed/app.bsky.feed.post/3m6ldmkjbxk2w,2025-11-27T03:13:36.389264+00:00
When the PM gets a standing ovation from the business class in Calgary you know Canada loses,rjam59.bsky.social,2025-11-28T03:12:51.293Z,at://did:plc:ydcdybesabi52oibk2za3p2x/app.bsky.feed.post/3m6nw2nmuuc2r,2025-11-28T03:13:18.918296+00:00
"Hey Canada! Shop at Canadian Tire when possible.  You can bring your dog in there too.  No more paper funny money, but the points are good too.",lucywelshie.bsky.social,2025-11-28T03:12:39.645Z,at://did:plc:bkewvnf7tddipkochnmj3xvl/app.bsky.feed.post/3m6nw2cjfuc2g,2025-11-28T03:13:18.918324+00:00
"That's his latest great distraction in Bannon's ""flood the zone"" strategy - DOGE, ICE, Rose Garden, bribe jet from Qatar, the shutdown, tariffs, get Greenland, turn Canada into the 51st state, ballroom, etc., and now this invasion crap of a sovereign country... justice-everywhere.org/general/floo...",kevinprinoski.bsky.social,2025-11-28T03:12:25.954Z,at://did:plc:qi26x6xzx2knzk62o6wy2dc3/app.bsky.feed.post/3m6nvzvhlqk2x,2025-11-28T03:13:18.918327+00:00
"Liam Henderson from Vancouver, Canada is carrying a pizza box. While doing so, Liam Henderson also ends up with powdered sugar all over their face as the chef watches in quiet amusement. Then, a stranger sits down and shares their fries without asking.",raspberi.bsky.social,2025-11-28T03:12:17.15355400Z,at://did:plc:cl2as54pbcu3nksugeqz5nf7/app.bsky.feed.post/3m6nvzsbppb24,2025-11-28T03:13:18.918330+00:00
"Had a nice Rhum and Coke in Toronto tonight. This city is way bigger than I remember. Hopefully will have some cool shots from this weekend. 

Happy Thanksgiving from Canada 🇨🇦",joshfromgr.com,2025-11-28T03:11:50.361Z,at://did:plc:4dwxkcvcou73ua3owfv4gwns/app.bsky.feed.post/3m6nvytjjtk2n,2025-11-28T03:13:18.918332+00:00
And Canada thought Justin Trudeau was bad.,laurasimba.bsky.social,2025-11-28T03:11:02.276Z,at://did:plc:hatrvhi3agiytkdgzguockaz/app.bsky.feed.post/3m6nvxfnvxs2f,2025-11-28T03:13:18.918334+00:00
"📊 Most discussed terms (EN) last 60 min – 03:10 UTC
Data source: 1500 English posts

1. Thanksgiving (62)  ↔️
2. Trump (37)  ↔️
3. Introduce (11)  ↔️
4. American (9)  💥
5. News (8)  💥
6. Cowboys (6)  💥
7. Post (6)  💥
8. Canada (6)  💥
9. Fair (6)  💥
10. Christmas (6)  ↘️",toppnews.bsky.social,2025-11-28T03:10:52.924503+00:00,at://did:plc:mhqnbglrgmwiuz3kgexbi7uf/app.bsky.feed.post/3m6nvx4u6wa2e,2025-11-28T03:13:18.918336+00:00
Pileated Woodpeckers in Mont Royal Parc. #urbanwildlife #birds #nature #Montréal #Canada,jak5280.bsky.social,2025-11-28T03:10:35.401Z,at://did:plc:wungmqlqrfc3cneozw3rkzik/app.bsky.feed.post/3m6nvwm2cgk2j,2025-11-28T03:13:18.918338+00:00
"Where's the voice though for *B.C.'s* First Nations peoples and B.C.'s provincial govt?

This deal was made without even *consulting* them.

Right-wing nutjob Smith & a fringe minority in AB threaten to separate, so they get to pollute western Canada, Pacific Ocean, and B.C.'s coast with oil spills?",4animallife.bsky.social,2025-11-28T03:10:29.057Z,at://did:plc:zhrzqdsuo3d5ymvwftsfqz3b/app.bsky.feed.post/3m6nvwfy6jc2o,2025-11-28T03:13:18.918340+00:00
This is abt December 27th cause I'm in Canada but honestly. Same application,zvezda.bsky.social,2025-11-28T03:10:27.296Z,at://did:plc:auj3vorak72tgjjmrnrekoos/app.bsky.feed.post/3m6nvwecfss2c,2025-11-28T03:13:18.918341+00:00
And now this clown is heading to meet Trump. Bend over Canada,bellriots30.bsky.social,2025-11-28T03:09:32.265Z,at://did:plc:ormj4raofqt7565jgqitf5hk/app.bsky.feed.post/3m6nvupszlc2a,2025-11-28T03:13:18.918346+00:00
"For Americans! He fucked Canada  and the environment for American oil and gas! 
Fuck him, fuck the liberals, and as usual fuck Marlaina that traitorous bag of shit!",reidangela.bsky.social,2025-11-28T03:09:04.656Z,at://did:plc:l2a5knymkadshtmqitpi3lmz/app.bsky.feed.post/3m6nvtviinc2m,2025-11-28T03:13:18.918348+00:00
Here I thought it was either Canada or Australia that was Britain's last colony...,dranemra.bsky.social,2025-11-28T03:08:47.355Z,at://did:plc:3zizlt66uxzskxbviuismd3z/app.bsky.feed.post/3m6nvteyi5s2m,2025-11-28T03:13:18.918350+00:00
me saying happy thanksgiving to the receptionist at my work place because i get anxious at any human interaction (we are in canada) (thanksgiving was a month ago) she scowled at me like i harmed her,wjsnofficial.bsky.social,2025-11-28T03:08:05.997Z,at://did:plc:i5llpwsgae7dlxfccspsqwti/app.bsky.feed.post/3m6nvs5kcj22b,2025-11-28T03:13:18.918351+00:00
Today’s entry for I’ll-just-be-minute on 12 Ave #yycbike,calgaryk.bsky.social,2025-11-28T03:06:57.408Z,at://did:plc:tplrv5bcwigirugqtnh5haqd/app.bsky.feed.post/3m6nvq45cwc22,2025-11-28T03:13:18.918353+00:00
"Canada rolls back some climate rules, including an emissions cap on the oil & gas sector, to boost investment and spur energy production. PM Carney signed the deal with Alberta. #ClimatePolicy #Canada #News",newsanalysis.com,2025-11-28T03:06:33.050426+00:00,at://did:plc:namifrcorf6hzy45phd4shvt/app.bsky.feed.post/3m6nvpezh572n,2025-11-28T03:13:18.918355+00:00
"New Air Canada Fly the Flag livery announced tonight. On Airbus A330-333 this time round, registered C-GEGC. 

Cc @yyzbound.bsky.social",jasonchampton.bsky.social,2025-11-28T03:06:06.195Z,at://did:plc:d6gn2apa634svicme3yz7apr/app.bsky.feed.post/3m6nvolcm3k2v,2025-11-28T03:13:18.918357+00:00
In class today we discussed “unity through sports” through the Canada games. I went to the Canada games in 2022 for basketball. It truely was a great experience and opportunity to create bonds with other provinces. Some of which I still talk to today. Overall it was a great unity experience!,izzifust.bsky.social,2025-11-28T03:06:02.764Z,at://did:plc:vpbljb7kqb5l3n2xv2f4u3yq/app.bsky.feed.post/3m6nvohzkr22k,2025-11-28T03:13:18.918359+00:00
"I don't really like... ~do~ thanksgiving (esp since it's just a normal thursday in Canada lmao)

But I really am thankful for all of you. You're all incredibly sweet and supportive, and I am wishing you all nothing but the best. Thank you for being here 💜💜",rainydaydeer.bsky.social,2025-11-28T03:05:34.601Z,at://did:plc:vlxra46bhphozklc4pzxwpch/app.bsky.feed.post/3m6nvnn63tc2m,2025-11-28T03:13:18.918360+00:00
Yes. He/They will try to find a way to stop the midterms. One way is to be in an active war. I cannot wait till this Idiot enacts The Draft to complete the process. Kids! Enroll in college now or escape to Canada!,mosquito2026.bsky.social,2025-11-28T03:05:33.282Z,at://did:plc:byp2uc4wy6fq5lbbgunryhlz/app.bsky.feed.post/3m6nvnlvsrc22,2025-11-28T03:13:18.918362+00:00
"The village of Portage-du-Fort featured in a Canadian Illustrated News series on ‘Cities and Towns of Canada’ in 1878 (story on pg 186, pictures on 181 https://www.canadiana.ca/view/oocihm.8_06230_462/5).
John Amy’s mills are in the illustration foreground […] 

[Original post on scholar.social]",electricarchaeo.scholar.social.ap.brid.gy,2025-11-28T03:05:05.000Z,at://did:plc:b3hkkri5jmohmp2wadv65b6m/app.bsky.feed.post/3m6nvmyrulru2,2025-11-28T03:13:18.918364+00:00
"Check your country’s site for availability. Amazon USA www.amazon.com/dp/1969857587
Amazon Canada www.amazon.ca/dp/1969857587",freyjainanna.bsky.social,2025-11-28T03:05:03.367Z,at://did:plc:gocyrlwacq3czdacvj4htxuc/app.bsky.feed.post/3m6nvmpevus25,2025-11-28T03:13:18.918366+00:00
There were at least 3 SMT demons on the Canada runway tonight,jcov.bsky.social,2025-11-28T03:04:23.964Z,at://did:plc:spq62jnek6wekehxs7mktcwq/app.bsky.feed.post/3m6nvljsffs2v,2025-11-28T03:13:18.918367+00:00
"Only layin pipe to the west coast is this great Canadian song by David Wilcox ✌️🤟🖖
Canada 🇨🇦 stronger together because divided we fall to the 🍊🤡 through the cpc and Pierre⛓️‍💥

www.youtube.com/watch?v=sw8S...",kazzanmz.bsky.social,2025-11-28T03:04:15.490Z,at://did:plc:qalh2mitaw7fjcwdbu5w7k5m/app.bsky.feed.post/3m6nvlbpsyk2q,2025-11-28T03:13:18.918369+00:00
Amazing an economist would support oil and gas. The signal at Cop30 was received loud and clear.  Just want him to stop suggesting he is a climate change supporter.    Canada has given him and his govt a lot of grace.,spudislander45.bsky.social,2025-11-28T03:04:06.352Z,at://did:plc:v3eup4rzroyniw2x7bmsdzgt/app.bsky.feed.post/3m6nvkyyx622j,2025-11-28T03:13:18.918371+00:00
Other countries that’s shown solidarity with Russia in our midst. I am thankful for you guys in Canada. You are our family and friends.,bjorndal.net,2025-11-28T03:02:23.576Z,at://did:plc:z53ta7lvyfer3s4t3bnkvl5r/app.bsky.feed.post/3m6nvhxwpqs2e,2025-11-28T03:13:18.918373+00:00
"Source

#Canada",canada-cambot.bsky.social,2025-11-28T03:02:17Z,at://did:plc:kdmhcb4wmrqzqg6hn2ps55t4/app.bsky.feed.post/3m6nvhubytx24,2025-11-28T03:13:18.918375+00:00
I'm in Canada can I take her?,democracydefenderd.bsky.social,2025-11-28T03:01:25.659Z,at://did:plc:7ptju3sqv5d46mpznmu6dtbr/app.bsky.feed.post/3m6nvg7qxgk2y,2025-11-28T03:13:18.918376+00:00
"Toronto, Ontario, Canada. 
November 27 2025. 
#POTD #POTD2025",shawnbryan.bsky.social,2025-11-28T03:00:55.443Z,at://did:plc:vnraap6iznvujjzt2f2iidx4/app.bsky.feed.post/3m6nvfcx3gk2l,2025-11-28T03:13:18.918378+00:00
put me on the Welcome Canada Committee,angrywaterman.bsky.social,2025-11-28T03:00:22.076Z,at://did:plc:kom2ceajoy6p4knb3ca6364t/app.bsky.feed.post/3m6nved4kns26,2025-11-28T03:13:18.918380+00:00
"Surgeries without anesthesia, severed vocal chords: The dog farm supplying an Ontario lab nationalpost.com/news/canada/...",nationalpost.bsky.social,2025-11-28T03:00:10.724Z,at://did:plc:us3y4ffbsccju24wbvnlaups/app.bsky.feed.post/3m6nvdycv6o2h,2025-11-28T03:13:18.918382+00:00
"Canada moving quickly to strengthen ties with China, according to Canadian ambassador calgaryherald.com/news/canada/...",calgaryherald.com,2025-11-28T03:00:09.272Z,at://did:plc:wz2qyzl4g547jhajifdzkfq2/app.bsky.feed.post/3m6nvdx3ptj2d,2025-11-28T03:13:18.918383+00:00
"This object was reportedly captured in Vancouver, Canada, on June 5, 2011. 🔎 Needs verification.

https://www.ufofeed.com/178676/this-object-was-reportedly-captured-in-vancouver-canada-on-june-5-2011-%F0%9F%94%8E-needs-verification/

This object was reportedly captured in Vancouver, Canada, on …",ufofeed.bsky.social,2025-11-28T03:00:08+00:00,at://did:plc:ybqkf2mtfbwx3qhga63mttja/app.bsky.feed.post/3m6nvdyllgv2b,2025-11-28T03:13:18.918385+00:00
Don’t think they have Arthur’s in Canada but I loved watching Mary poppins as a kid,bibliophile99.bsky.social,2025-11-28T02:59:35.239Z,at://did:plc:lyvztfv2xp5su33ype2ddqgk/app.bsky.feed.post/3m6nvcwh7fk2j,2025-11-28T03:13:18.918387+00:00
"Voici une bonne étude, en gros si tu est vacciné et pas dans la catégorie de ceux qui ont été malade a répétition (il y en a) le risque diminue. Mais il y a encore de nouveaux cas, probablement autour de .25% au canada, les données mondiales sont beaucoup plus élevé

www.nature.com/articles/s41...",p00r.bsky.social,2025-11-28T02:59:20.738Z,at://did:plc:fyydzthky224mqhuhakvrbll/app.bsky.feed.post/3m6nvcimobc2q,2025-11-28T03:13:18.918389+00:00
Doctors and nurses come to Canada where you decide the needs of a patient not get dictated by an insurance company what to give,cruisingalong.bsky.social,2025-11-28T02:59:11.732Z,at://did:plc:c34okalrhdifyavjhmvailj5/app.bsky.feed.post/3m6nvc7ztds2l,2025-11-28T03:13:18.918391+00:00
"Worked an extra 12 hours because a co-worker called in sick moments before the end of his shift.

Or

Paid salary paid bonus plane paid escape to play golf using taxes from lower income earners pay.

Safe happy waves from Canada not so common sense

Hollywood fElon #Epstein files?
No soul soldier.",donbusking.bsky.social,2025-11-28T02:58:39.330Z,at://did:plc:ee22gjim26b2gzgcjzy4yu7j/app.bsky.feed.post/3m6nvbb5r6k2d,2025-11-28T03:13:18.918392+00:00
Canadians will gladly destroy not just the climate but also their own democracy to build just one more tarsands pipeline. Do boycott Canada until they stop state subsidy for the worst fossil fuels.,seksi.bsky.social,2025-11-28T02:58:00.351Z,at://did:plc:xmn5o6pjo6idp4tcybltizhq/app.bsky.feed.post/3m6nva3xkbc2i,2025-11-28T03:13:18.918394+00:00
I wish I could move to Canada!,westtexascatlady.bsky.social,2025-11-28T02:57:55.961Z,at://did:plc:4wo7tqjvhuoqp64wmyvhxfhb/app.bsky.feed.post/3m6nv7xrq222e,2025-11-28T03:13:18.918396+00:00
"you know, when you just stumble onto an opportunity? The ship I was on, didn't want to give me up a week early, and fly right home, they kept me until the last minute and there were no more flights to Canada for a week. I had nothing to do all week, I rented a van, went to the concert.",rastasack.bsky.social,2025-11-28T02:57:29.014Z,at://did:plc:qvwss3k5siuriesmcyhygs3d/app.bsky.feed.post/3m6nv7634sc2p,2025-11-28T03:13:18.918398+00:00
"It was cold this morning! (Not Canada cold, but for us, really cold!) The best way to stay warm turned out to be to finish a 5K.",baylandsnatruepres.bsky.social,2025-11-28T02:57:25.345Z,at://did:plc:a4pbbamqlsaa5t2hib2fdxot/app.bsky.feed.post/3m6nv72m42s2b,2025-11-28T03:13:18.918400+00:00
C'est le parti Libéral du Canada qui lui a scrapé sa réputation.,aduval2025.bsky.social,2025-11-28T02:57:22.983Z,at://did:plc:aswym6bqggzegnzrkq2tdkt4/app.bsky.feed.post/3m6nv6yd44s2x,2025-11-28T03:13:18.918402+00:00
#oldgrowth #logging #rcmp #canada #fairycreekblockade,quechinga.bsky.social,2025-11-28T02:56:54.752Z,at://did:plc:w47c5ejfqyv3ptye4tnaurdp/app.bsky.feed.post/3m6nv65fjss2j,2025-11-28T03:13:18.918403+00:00
... Canada and the UK also require that conventional treatments be used except in special situations.,amerliberal.bsky.social,2025-11-28T02:56:50.429Z,at://did:plc:jhnxtnubqvp4bebtc53pgcrb/app.bsky.feed.post/3m6nv5zbtx32c,2025-11-28T03:13:18.918405+00:00
really its always gonna be like this cause. transit in canada,lord-of-the-game.bsky.social,2025-11-28T02:56:50.042Z,at://did:plc:nw7wouh4kxrozfmvlzcf36kl/app.bsky.feed.post/3m6nv5yvs7c2n,2025-11-28T03:13:18.918407+00:00
Happy Thanksgiving from Canada🇨🇦,brendasaab.bsky.social,2025-11-28T02:56:31.801Z,at://did:plc:ynvhi7k7pv2l2ui5ejq6tak2/app.bsky.feed.post/3m6nv5hj4q22y,2025-11-28T03:13:18.918408+00:00
"Human trafficking...

www.ctvnews.ca/canada/artic...",robsomerville.bsky.social,2025-11-28T02:56:27.711Z,at://did:plc:tgqpzgcgeqm7q7hbliwwzf3o/app.bsky.feed.post/3m6nv5dmdks2t,2025-11-28T03:13:18.918410+00:00
"local.newsbreak.com/washington-d...

Like Russia, Israel, or Canada?
Let me guess.
Muslim countries, countries where English isn't their language, or everyone who isn't white?

Am I close?",giemma321.bsky.social,2025-11-28T02:56:24.996Z,at://did:plc:6pu57u4xc4vepzipiws6gaof/app.bsky.feed.post/3m6nv5azi722m,2025-11-28T03:13:18.918412+00:00
"Recent Afghan Arrivals Fear Their Futures in the U.S. Are Now in Jeopardy with Trump's over-reaction.

Canada Lifts Climate Laws for Alberta Oil Sands, Planning Pipeline--as bad a decision as can be made.",papa2doc.bsky.social,2025-11-28T02:55:56.944Z,at://did:plc:ijybqux4tmgu34qv656qz2ma/app.bsky.feed.post/3m6nv4gbeos2e,2025-11-28T03:13:18.918414+00:00
"The Canada-Alberta deal ""is textbook Carney"" @maxfawcett.bsky.social says

He's ""daring Danielle Smith to do the work required"" to get a pipeline built, knowing she can’t do it. ""But Smith’s concessions help advance his govt's climate agenda far more""
www.nationalobserver.com/2025/11/27/o...",fatimabsyed.bsky.social,2025-11-28T02:55:45.132Z,at://did:plc:ldznw4mcxo6n5fdkaokanemm/app.bsky.feed.post/3m6nv42z3fc25,2025-11-28T03:13:18.918415+00:00
"If Canada embraces renewable technologies like Europe, we could lead a green revolution, fostering innovation and sustainability. Let's prioritize science for a brighter future. #futurism",futurism.bsky.social,2025-11-28T02:55:03.022019Z,at://did:plc:7hn4kfkmbtbx7n27pyttidl5/app.bsky.feed.post/3m6nv2t56gw2o,2025-11-28T03:13:18.918417+00:00
"C'mon, Danielle is all Team Canada.  Like Carney is all nation building.",mondoab.bsky.social,2025-11-28T02:54:55.640Z,at://did:plc:rtxihrl52fopssbfovo2oycu/app.bsky.feed.post/3m6nv2lski22n,2025-11-28T03:13:18.918419+00:00
‘Honestly I don’t know’: Fort St. John union chapter president reacts to Canada Post agreement,energeticcity.bsky.social,2025-11-28T02:54:13Z,at://did:plc:ep2jpotirhbqgcip2pi7cqne/app.bsky.feed.post/3m6nuzdlfer2m,2025-11-28T03:13:18.918421+00:00
"Husband has been in Canada, I asked him to bring me back some coffee crisps (basically coffee flavoured kitkat; only available on Canada). He may have been slightly excessive.",dreddieclark.bsky.social,2025-11-28T02:53:55.649Z,at://did:plc:fgzfhfg2yvy3xe4uyjcvtlee/app.bsky.feed.post/3m6nuysmylc2w,2025-11-28T03:13:18.918423+00:00
"I was in Germany when I saw Supertramp, I had 7 days to kill until another flight left for Canada, leaving for my 1 year French course in the middle of a trip. It's great when you just happen to be somewhere a concert is playing",rastasack.bsky.social,2025-11-28T02:53:45.954Z,at://did:plc:qvwss3k5siuriesmcyhygs3d/app.bsky.feed.post/3m6nuyjdurc2p,2025-11-28T03:13:18.918424+00:00
"we don’t have to guess, it’s clearly the people of canada",g--0.bsky.social,2025-11-28T02:52:55.836Z,at://did:plc:34d45jjiq4fn6rw2lgypqwng/app.bsky.feed.post/3m6nuwzkgf22u,2025-11-28T03:13:18.918426+00:00
"When you lose Canada and Denmark, you have lost those who had the most trust. No wonder Putin ordered his agents to threaten these countries on day one",fonzie-is-cool.bsky.social,2025-11-28T02:52:55.029Z,at://did:plc:cqwppfxg7eughl2hzzhvn2bd/app.bsky.feed.post/3m6nuwyrrd22t,2025-11-28T03:13:18.918428+00:00
"It isn't bragging when we live it and do it. 47, Vance and some other #Repulsive_Republicans frequently diminish and demean Canada and our sovereignty.

We #Resist_Persist and keep on keeping on. 🍁💯🇨🇦👍😊 

#TeamCanadaStrong 
#TrueNorth_BraveFree",raiastar.bsky.social,2025-11-28T02:51:58.439Z,at://did:plc:nxai3slkmoxhf6mmv35a2zp5/app.bsky.feed.post/3m6nuvcsxj22u,2025-11-28T03:13:18.918430+00:00
"You can't see this pipeline will never be built? Needs BC approval, 1st nations approval, and most importantly, needs private investment

Canada paid for the last pipeline to support AB, We don't need DS fucking around with separatists, which is what will happen if 'Ottawa' shuts down the pipeline",canadiancontent.bsky.social,2025-11-28T02:51:56.882Z,at://did:plc:lin2g3h6fvle3fdrs5nqmkiy/app.bsky.feed.post/3m6nuvbdb5c2e,2025-11-28T03:13:18.918431+00:00
Happy Thanksgiving from Canada lmao,bakesart.bsky.social,2025-11-28T02:51:51.002Z,at://did:plc:p3m2cqnskq4mpanc4dwpli2q/app.bsky.feed.post/3m6nuv3pzs227,2025-11-28T03:13:18.918433+00:00
"Here are the best streaming deals in Canada for Black Friday 2025

As it gets colder and snowier, you’ll likely want to cozy up on the couch and watch TV. Thankfully, there are a bunch of Black Friday deals right now on streaming services that will make that a bit easier. Read on for our round-up…",monikawalker.bsky.social,2025-11-28T02:51:15Z,at://did:plc:zqajbwp7dw6i5may4s3qlstb/app.bsky.feed.post/3m6nuu4dvho2e,2025-11-28T03:13:18.918435+00:00
"Here are the best streaming deals in Canada for Black Friday 2025

As it gets colder and snowier, you’ll likely want to cozy up on the couch and watch TV. Thankfully, there are a bunch of Black Friday deals right now on streaming services that will make that a bit easier. Read on for our round-up…",newsnexttech.bsky.social,2025-11-28T02:50:52Z,at://did:plc:smx4mdvydvulspyzksgizf4j/app.bsky.feed.post/3m6nutfhl7l2b,2025-11-28T03:13:18.918442+00:00
"I agree with you 💯 
Feds have a ban on tanker traffic on the north BC coast: it’s one of the most dangerous ocean passages in the world.
It’s not a matter of IF a disaster will happen — but WHEN. Canada doesn’t need this ever.
Please sign this Petition 

leadnow.ca/campaigns/sa...",marilynblueyes.bsky.social,2025-11-28T02:50:48.983Z,at://did:plc:ixsqg3bg7z5xspgl7af2j3ez/app.bsky.feed.post/3m6nutal7i224,2025-11-28T03:13:18.918444+00:00
"Claims deadline set for $4.75M drug settlement in Canada

https://www.europesays.com/us/409685/

Canadians affected by the prescription drug Rexulti could receive a share of a $4.75-million class-action lawsuit settlement, and…#us #news #usnews",us-news.bsky.social,2025-11-28T02:50:40+00:00,at://did:plc:wrsf35zye5xmlfaje5zyyega/app.bsky.feed.post/3m6nut2ddra2m,2025-11-28T03:13:18.918445+00:00
"Forced secularism is not neutral. It's anti-religion. That they need to use the notwithstanding clause shows just how skewed their view of secularism is. They KNOW they'retrampling on rights -- again. 🙄
Quebec's new secularism bill t...
www.cbc.ca/news/canada/...",ylbjo.bsky.social,2025-11-28T02:50:01.791Z,at://did:plc:7muz3tjos7yndtpmmwoqcbia/app.bsky.feed.post/3m6nurtkyks26,2025-11-28T03:13:18.918447+00:00
"Oh, Canada 😢",boilingfrogbss.bsky.social,2025-11-28T02:49:57.338Z,at://did:plc:tvz3a5ovrtqdoq53m3kbeidl/app.bsky.feed.post/3m6nurpd2xc2z,2025-11-28T03:13:18.918449+00:00
"I know times are tight for everyone, but if you have a bit extra (or even a bit you can just spare) please consider helping out.

We shouldn't have hungry and homeless in a country as rich as Canada. Brenda spends so much of her energy trying to make a dent, so help her out!",calder12.bsky.social,2025-11-28T02:49:34.736Z,at://did:plc:swyp6rpv24vvdzpiucf3765i/app.bsky.feed.post/3m6nuqzrcos24,2025-11-28T03:13:18.918451+00:00
"I have some Americans following me so I should point out that The Beaverton is to Canada roughly as The Onion is to the US.

Good job, Time. 

P.S.: I checked the Time story via Apple News (apple.news/AHGlrzZKbRjC...) because I had trouble believing it, Time really did put that in its story.",joel.klebanoff.com,2025-11-28T02:49:03.720Z,at://did:plc:mw4cvqwryi3eu47vweoetvju/app.bsky.feed.post/3m6nuq46tlc24,2025-11-28T03:13:18.918453+00:00
Oh trumpendejo here is what Canada thinks of you and your bullshit art of the fuck up or is it cluster fuck?,timberwolf07-62.bsky.social,2025-11-28T02:48:36.787Z,at://did:plc:ayj5lmqaubc3dvszephdlhbq/app.bsky.feed.post/3m6nupciuts2c,2025-11-28T03:13:18.918455+00:00
Stand with the people who have called Canada home for thousands of years.,thetruemichael.bsky.social,2025-11-28T02:47:32.192Z,at://did:plc:7vspwk7kwwenfmunzyyepz5k/app.bsky.feed.post/3m6nunevkss2r,2025-11-28T03:13:18.918456+00:00
"I know that I now live in the Dominion of Canada, wait it’s a country now. I didn’t even know there would be a Canada when I was born but I am thankful of @madisonstandish.bsky.social   

You probably noticed that I’m in every episode as I too am a time traveler but I go in the other direction.",feverwood.bsky.social,2025-11-28T02:47:13.261Z,at://did:plc:b3koyjshjcumj6eetqn6qebg/app.bsky.feed.post/3m6numstwgs22,2025-11-28T03:13:18.918458+00:00
I didnt realize you meant leaving canada I was worried seeing this,emmyisonbluesky.bsky.social,2025-11-28T02:47:11.457Z,at://did:plc:mgjdmkr2z3zq4zkr26zpthy7/app.bsky.feed.post/3m6numr4rs22b,2025-11-28T03:13:18.918460+00:00
"Source

#Canada",canada-cambot.bsky.social,2025-11-28T02:47:06Z,at://did:plc:kdmhcb4wmrqzqg6hn2ps55t4/app.bsky.feed.post/3m6nump7koz2t,2025-11-28T03:13:18.918461+00:00
"The Air Quality Index (AQI) at the Genesee site in Canada is 154 [Unhealthy] as of Nov 27, 2025 @ 5PM Local Time. This is the highest AQI observation in 30 days. #AQIObs",aqiobs.bsky.social,2025-11-28T02:46:48.434848+00:00,at://did:plc:2zbkkvcb345ll2navflr4uqn/app.bsky.feed.post/3m6num4mkzl2l,2025-11-28T03:13:18.918463+00:00
"In 1910 the Pennsylvania Railroad was at the height of its power and was the world's largest privately-owned transportation company. Penn Station's Charles McKim-designed Beaux-Arts architecture was a significant influence on Toronto Union Station, completed ten years later. 3/3",torailwaymuseum.bsky.social,2025-11-28T02:46:45.460Z,at://did:plc:5uazijkjmn3ho4cxulpykiz4/app.bsky.feed.post/3m6num5s7ts2b,2025-11-28T03:13:18.918465+00:00
Verbal bullying is frowned upon and sanctioned on every level of government in Canada. Very hard to watch 😤,maggieleia.bsky.social,2025-11-28T02:46:44.166Z,at://did:plc:rrnx4npitar7d24oxsnshvpc/app.bsky.feed.post/3m6nulx3wgc2r,2025-11-28T03:13:18.918466+00:00
"Following recommendations from the World Meteorological Association, Environment Canada will be changing its weather warnings to more accurately reflect changing weather conditions",darrellmieszjow.bsky.social,2025-11-28T02:46:42.741Z,at://did:plc:ekqpquu5og3uhyszu56cfkso/app.bsky.feed.post/3m6nulvqkq22f,2025-11-28T03:13:18.918468+00:00
"Sharing link
www.cbc.ca/news/canada/...
Cool!",tollerlover05.bsky.social,2025-11-28T02:45:53.471Z,at://did:plc:6o5zawhwbnnnbfmajktrf3yn/app.bsky.feed.post/3m6nukgqtlk2k,2025-11-28T03:13:18.918471+00:00
"These guys don't give a flying fuck about doing the hard work. They just want the easy buck and the fastest fix for investors.

Fuck this pipeline. Put solar on every house in Canada.",daraddishman.bsky.social,2025-11-28T02:45:35.419Z,at://did:plc:6v3q37vei3kpuzbdkahshgsn/app.bsky.feed.post/3m6nujvjxns2v,2025-11-28T03:13:18.918472+00:00
"Just keep swimming…
Just keep swimming…
Just keep swimming…

#lake #quebec #canada #outdoors #park #summer #saddness",the-3-eyed-raevn.bsky.social,2025-11-28T02:45:25.050Z,at://did:plc:6vr7ytqyzs25km62n5mgccfu/app.bsky.feed.post/3m6nujlnjok2k,2025-11-28T03:13:18.918474+00:00
"“Canada Lifts Climate Laws for Alberta Oil Sands, Planning Pipeline” — The New York Times

#EnvironmentalNews #Oil #Climate",environmentalnews.bsky.social,2025-11-28T02:45:07.193734+00:00,at://did:plc:2vqugff4q4tm4q437vtwhu6v/app.bsky.feed.post/3m6nuj2nogl2n,2025-11-28T03:13:18.918476+00:00
Trump has a plan in progress for Argentina and Venezuela - he needs a wedge in Brazil. Trump is building the western hemisphere American block. Greenland and Panama are on the plate. Economic war with Canada,tecampbell.bsky.social,2025-11-28T02:45:03.382Z,at://did:plc:4vjhpwysl75xqi4ykzdrpcnf/app.bsky.feed.post/3m6nuiwyakc2p,2025-11-28T03:13:18.918478+00:00
"🇨🇦 #Trials2025 🇨🇦

#MakeTheFinal

The Best-of-3 finals are set:

🧏‍♀️

Team Homan vs Team Black

🙋‍♂️

Team Jacobs vs Team Dunstone 

Who will become #TeamCanada 🍁 at the 2026 Winter Olympics in 🇮🇹?

Good luck and good #curling to ALL 4 finalists

Canada is watching and cheering 🥳",twinetime.bsky.social,2025-11-28T02:45:00.910Z,at://did:plc:n53kfxk27tehkxncalmpnavz/app.bsky.feed.post/3m6nuiumthk2a,2025-11-28T03:13:18.918480+00:00
He was definitely a little more colourful on the gridiron. Probably best that language is left there. Too much American style politics in Canada as it is.,acelovespizza.bsky.social,2025-11-28T02:44:40.078Z,at://did:plc:ejwsnjbx7jomz6pb4lqdaujm/app.bsky.feed.post/3m6nuiar3pk2y,2025-11-28T03:13:18.918482+00:00
"$40 billion in pipelines will generate $5.8 billion per year in res. rev.

$40 billion in household solar installs would put a 1700 kw solar system on EVERY SINGLE DETACHED HOUSE IN CANADA!

13.6 Gw of energy, zero emissions. That is 1/3 of ALL household electricity in Canada. Saving $1100+ per home",daraddishman.bsky.social,2025-11-28T02:44:25.041Z,at://did:plc:6v3q37vei3kpuzbdkahshgsn/app.bsky.feed.post/3m6nuhsg75c2v,2025-11-28T03:13:18.918484+00:00
"The boogie man has been replaced in Canada with parents saying  be good my son or I'll send you to America 

#Cdnpoli #Uspoli",pat112.bsky.social,2025-11-28T02:43:57.115Z,at://did:plc:deej5pakczvmljahhvrridlp/app.bsky.feed.post/3m6nugxrxns2m,2025-11-28T03:13:18.918485+00:00
"It's tempting to try to rephrase, to give an example of what could have been said. But I won't.

The reality is that global forces that Canada hasn't really had to reckon with before are now coming into play.

When you're on the inside, it's too easy to dismiss those on the outside as idealists.",barrycooke.bsky.social,2025-11-28T02:43:30.269Z,at://did:plc:xxdhrqz2pcmxzpnxkwbahyga/app.bsky.feed.post/3m6nug66nv22n,2025-11-28T03:13:18.918487+00:00
"WTAF?! Glad im flying Air Canada Saturday! Wearing sweatpants. Now girlcotting American , United & Southwestern! www.the-sun.com/travel/15552...",joannebelknap.bsky.social,2025-11-28T02:42:52.285Z,at://did:plc:vdhg3dpposxocq4k6gpndtxd/app.bsky.feed.post/3m6nuezxj4c2p,2025-11-28T03:13:18.918490+00:00
"It‘s not great that the best gloss on Carney’s pipeline deal is that he’s either pulling a fast one on the premier of Alberta or on the people of Canada.

Democracies can’t function if citizens have to resort to guessing what their leaders are actually doing.",bhaggart.bsky.social,2025-11-28T02:42:45.814Z,at://did:plc:rtupbv3srpd4dkxagkovpab7/app.bsky.feed.post/3m6nuets2qs2g,2025-11-28T03:13:18.918492+00:00
⚠️ Canada will pick its next Competition Commissioner soon! Sign by Nov 28 ✍️ to demand a leader who will #StopMonopolies and fix Canada’s competition crisis ⚖️. openmedia.org/Competition4... @openmedia.org,aahaddad.bsky.social,2025-11-28T02:42:43.370Z,at://did:plc:zn2gzi2qc5sxsq2i7ekashwt/app.bsky.feed.post/3m6nuerhh2k2e,2025-11-28T03:13:18.918493+00:00
"Absolutely yes to all of that!

(Across Canada too)",shane555.bsky.social,2025-11-28T03:40:48.783Z,at://did:plc:e4hga752rh5x3zlazclrr7tv/app.bsky.feed.post/3m6nxmnfrpk2s,2025-11-28T03:13:18.918495+00:00
"She was the sweet character Marilyn on Northern Exposure.
I'm angry that they did this to her. My own sister-in-law is First Nations and has a tribal ID that allows her to go freely back & forth between Canada & the U.S.",iddybud.bsky.social,2025-11-28T02:40:46.258Z,at://did:plc:2zmkt3nz5fd2x2tfghwjol5j/app.bsky.feed.post/3m6nubbrhuk2o,2025-11-28T03:13:18.918497+00:00
What can one debate about the issue? Does Pierre just want to vote to have the American tariffs removed? Also the majority of the new bill is about helping Canada because of tariffs Trump put on Canada.,jimimninn.bsky.social,2025-11-28T02:40:04.607Z,at://did:plc:cexmk4bu7resri757ebr25mi/app.bsky.feed.post/3m6nua22f2s2k,2025-11-28T03:13:18.918499+00:00
Canada does not have a good track record of caring about who's in the way of their precious pipelines,yinlock.bsky.social,2025-11-28T02:39:14.387Z,at://did:plc:e5n2j2djypmnc4v4hmc3srln/app.bsky.feed.post/3m6nu6k5r4k2s,2025-11-28T03:13:18.918501+00:00
"If anyone is desperately clinging to past nostalgia, I'd say it's the people that are still having fossil fuel dreams while the world dysregulates in front of our eyes. I want Canada to move into the future, not cling to 1980's bitumen fever dreams.",dcrinyyc.bsky.social,2025-11-28T02:38:35.864Z,at://did:plc:f45rmqrfxsgogceeitwosszx/app.bsky.feed.post/3m6nu5fg4ys2i,2025-11-28T03:13:18.918503+00:00
"Union leaders in Quebec denounce proposed labour law they say will unleash chaos

www.thestar.com/news/canada/...",cclh.bsky.social,2025-11-28T02:38:27.025Z,at://did:plc:5an33fz6d6xrq54g5nongh6f/app.bsky.feed.post/3m6nu54yg5c24,2025-11-28T03:13:18.918505+00:00
